2025-12-21 02:17:37.346 | Status: Verbinde...
2025-12-21 02:17:37.346 | Open SSPComPort (COM4) failed
2025-12-21 02:17:37.369 | Status: Port nicht verfügbar
2025-12-21 02:17:37.357 | Thread gestartet
2025-12-21 02:17:38.394 | Open SSPComPort (COM4) failed
2025-12-21 02:17:39.417 | Open SSPComPort (COM4) failed
2025-12-21 02:17:40.436 | Open SSPComPort (COM4) failed
2025-12-21 02:17:41.461 | Open SSPComPort (COM4) failed
2025-12-21 02:17:42.484 | Open SSPComPort (COM4) failed
2025-12-21 02:17:43.514 | Open SSPComPort (COM4) failed
2025-12-21 02:17:44.251 | HardDisconnect init
2025-12-21 02:17:44.534 | Status: Getrennt
2025-12-21 02:17:44.544 | HardDisconnect done
2025-12-21 02:17:45.380 | Status: Verbinde...
2025-12-21 02:17:45.396 | Thread gestartet
2025-12-21 02:17:45.391 | Open SSPComPort (COM4) failed
2025-12-21 02:17:45.416 | Status: Port nicht verfügbar
2025-12-21 02:17:46.224 | Enable vorgemerkt (wird nach Handshake ausgeführt)
2025-12-21 02:17:46.446 | Open SSPComPort (COM4) failed
2025-12-21 02:17:47.467 | Open SSPComPort (COM4) failed
2025-12-21 02:17:48.487 | Open SSPComPort (COM4) failed
2025-12-21 02:17:49.524 | Open SSPComPort (COM4) failed
2025-12-21 02:17:50.272 | HardDisconnect init
2025-12-21 02:17:50.558 | Status: Getrennt
2025-12-21 02:17:50.563 | HardDisconnect done
2025-12-21 02:17:51.396 | Status: Verbinde...
2025-12-21 02:17:51.403 | Open SSPComPort (COM4) failed
2025-12-21 02:17:51.420 | Status: Port nicht verfügbar
2025-12-21 02:17:51.409 | Thread gestartet
2025-12-21 02:17:52.250 | Enable vorgemerkt (wird nach Handshake ausgeführt)
2025-12-21 02:17:52.438 | Open SSPComPort (COM4) failed
2025-12-21 02:17:53.469 | Open SSPComPort (COM4) failed
2025-12-21 02:17:54.497 | Open SSPComPort (COM4) failed
2025-12-21 02:17:55.526 | Open SSPComPort (COM4) failed
2025-12-21 02:17:56.296 | HardDisconnect init
2025-12-21 02:17:56.550 | Status: Getrennt
2025-12-21 02:17:56.559 | HardDisconnect done
2025-12-21 02:17:57.384 | Status: Verbinde...
2025-12-21 02:17:57.391 | Open SSPComPort (COM4) failed
2025-12-21 02:17:57.399 | Thread gestartet
2025-12-21 02:17:57.409 | Status: Port nicht verfügbar
2025-12-21 02:17:58.226 | Enable vorgemerkt (wird nach Handshake ausgeführt)
2025-12-21 02:17:58.446 | Open SSPComPort (COM4) failed
2025-12-21 02:17:59.476 | Open SSPComPort (COM4) failed
2025-12-21 02:18:00.507 | Open SSPComPort (COM4) failed
2025-12-21 02:18:01.535 | Open SSPComPort (COM4) failed
2025-12-21 02:18:02.314 | HardDisconnect init
2025-12-21 02:18:02.570 | Status: Getrennt
2025-12-21 02:18:02.580 | HardDisconnect done
2025-12-21 02:18:03.431 | Status: Verbinde...
2025-12-21 02:18:03.433 | Open SSPComPort (COM4) failed
2025-12-21 02:18:03.440 | Thread gestartet
2025-12-21 02:18:03.448 | Status: Port nicht verfügbar
2025-12-21 02:18:04.048 | Enable vorgemerkt (wird nach Handshake ausgeführt)
2025-12-21 02:18:04.291 | Enable vorgemerkt (wird nach Handshake ausgeführt)
2025-12-21 02:18:04.485 | Open SSPComPort (COM4) failed
2025-12-21 02:18:04.908 | Enable vorgemerkt (wird nach Handshake ausgeführt)
2025-12-21 02:18:04.915 | REQ Level 1 ct [plain]
2025-12-21 02:18:04.923 | REQ Level 2 ct [plain]
2025-12-21 02:18:04.933 | REQ Level 5 ct [plain]
2025-12-21 02:18:04.937 | REQ Level 10 ct [plain]
2025-12-21 02:18:04.943 | REQ Level 20 ct [plain]
2025-12-21 02:18:04.948 | REQ Level 50 ct [plain]
2025-12-21 02:18:04.952 | REQ Level 100 ct [plain]
2025-12-21 02:18:04.958 | REQ Level 200 ct [plain]
2025-12-21 02:18:05.512 | Open SSPComPort (COM4) failed
2025-12-21 02:18:06.540 | Open SSPComPort (COM4) failed
2025-12-21 02:18:07.572 | Open SSPComPort (COM4) failed
2025-12-21 02:18:08.343 | HardDisconnect init
2025-12-21 02:18:08.600 | Status: Getrennt
2025-12-21 02:18:08.610 | HardDisconnect done
2025-12-21 02:18:09.431 | Status: Verbinde...
2025-12-21 02:18:09.436 | Open SSPComPort (COM4) failed
2025-12-21 02:18:09.445 | Status: Port nicht verfügbar
2025-12-21 02:18:09.439 | Thread gestartet
2025-12-21 02:18:10.282 | Enable vorgemerkt (wird nach Handshake ausgeführt)
2025-12-21 02:18:10.469 | Open SSPComPort (COM4) failed
2025-12-21 02:18:11.486 | Open SSPComPort (COM4) failed
2025-12-21 02:18:12.500 | Open SSPComPort (COM4) failed
2025-12-21 02:18:13.524 | Open SSPComPort (COM4) failed
2025-12-21 02:18:14.374 | HardDisconnect init
2025-12-21 02:18:14.554 | Status: Getrennt
2025-12-21 02:18:14.563 | HardDisconnect done
2025-12-21 02:18:15.391 | Status: Verbinde...
2025-12-21 02:18:15.400 | Open SSPComPort (COM4) failed
2025-12-21 02:18:15.411 | Status: Port nicht verfügbar
2025-12-21 02:18:15.404 | Thread gestartet
2025-12-21 02:18:16.247 | Enable vorgemerkt (wird nach Handshake ausgeführt)
2025-12-21 02:18:16.435 | Open SSPComPort (COM4) failed
2025-12-21 02:18:17.465 | Open SSPComPort (COM4) failed
2025-12-21 02:18:18.500 | Open SSPComPort (COM4) failed
2025-12-21 02:18:19.532 | Open SSPComPort (COM4) failed
2025-12-21 02:18:20.372 | HardDisconnect init
2025-12-21 02:18:20.567 | Status: Getrennt
2025-12-21 02:18:20.580 | HardDisconnect done
2025-12-21 02:18:21.423 | Status: Verbinde...
2025-12-21 02:18:21.432 | Open SSPComPort (COM4) failed
2025-12-21 02:18:21.433 | Thread gestartet
2025-12-21 02:18:21.442 | Status: Port nicht verfügbar
2025-12-21 02:18:22.265 | Enable vorgemerkt (wird nach Handshake ausgeführt)
2025-12-21 02:18:22.469 | Open SSPComPort (COM4) failed
2025-12-21 02:18:23.490 | Open SSPComPort (COM4) failed
2025-12-21 02:18:24.510 | Open SSPComPort (COM4) failed
2025-12-21 02:18:25.529 | Open SSPComPort (COM4) failed
2025-12-21 02:18:26.400 | HardDisconnect init
2025-12-21 02:18:26.544 | Status: Getrennt
2025-12-21 02:18:26.549 | HardDisconnect done
2025-12-21 02:18:27.371 | Status: Verbinde...
2025-12-21 02:18:27.375 | Open SSPComPort (COM4) failed
2025-12-21 02:18:27.378 | Thread gestartet
2025-12-21 02:18:27.384 | Status: Port nicht verfügbar
2025-12-21 02:18:28.209 | Enable vorgemerkt (wird nach Handshake ausgeführt)
2025-12-21 02:18:28.399 | Open SSPComPort (COM4) failed
2025-12-21 02:18:29.428 | Open SSPComPort (COM4) failed
2025-12-21 02:18:29.508 | Disable vorgemerkt (wird nach Handshake ausgeführt)
2025-12-21 02:18:29.513 | HardDisconnect init
2025-12-21 02:18:30.466 | Status: Getrennt
2025-12-21 02:18:30.478 | HardDisconnect done
2025-12-21 02:18:30.595 | Status: konfig deaktiviert
2025-12-21 02:34:15.687 | Status: Verbinde...
2025-12-21 02:34:15.687 | Open SSPComPort (COM4) failed
2025-12-21 02:34:15.699 | Status: Port nicht verfügbar
2025-12-21 02:34:15.697 | Thread gestartet
2025-12-21 02:34:16.718 | Open SSPComPort (COM4) failed
2025-12-21 02:34:17.757 | Open SSPComPort (COM4) failed
2025-12-21 02:34:18.791 | Open SSPComPort (COM4) failed
2025-12-21 02:34:19.809 | Open SSPComPort (COM4) failed
2025-12-21 02:34:20.837 | Open SSPComPort (COM4) failed
2025-12-21 02:34:21.867 | Open SSPComPort (COM4) failed
2025-12-21 02:34:22.570 | HardDisconnect init
2025-12-21 02:34:22.900 | Status: Getrennt
2025-12-21 02:34:22.912 | HardDisconnect done
2025-12-21 02:34:23.751 | Status: Verbinde...
2025-12-21 02:34:23.766 | Thread gestartet
2025-12-21 02:34:23.758 | Open SSPComPort (COM4) failed
2025-12-21 02:34:23.786 | Status: Port nicht verfügbar
2025-12-21 02:34:23.958 | Enable vorgemerkt (wird nach Handshake ausgeführt)
2025-12-21 02:34:23.968 | REQ Level 1 ct [plain]
2025-12-21 02:34:23.978 | REQ Level 2 ct [plain]
2025-12-21 02:34:23.988 | REQ Level 5 ct [plain]
2025-12-21 02:34:23.998 | REQ Level 10 ct [plain]
2025-12-21 02:34:24.009 | REQ Level 20 ct [plain]
2025-12-21 02:34:24.019 | REQ Level 50 ct [plain]
2025-12-21 02:34:24.033 | REQ Level 100 ct [plain]
2025-12-21 02:34:24.044 | REQ Level 200 ct [plain]
2025-12-21 02:34:24.597 | Enable vorgemerkt (wird nach Handshake ausgeführt)
2025-12-21 02:34:24.815 | Open SSPComPort (COM4) failed
2025-12-21 02:34:25.842 | Open SSPComPort (COM4) failed
2025-12-21 02:34:26.869 | Open SSPComPort (COM4) failed
2025-12-21 02:34:27.896 | Open SSPComPort (COM4) failed
2025-12-21 02:34:28.580 | HardDisconnect init
2025-12-21 02:34:28.927 | Status: Getrennt
2025-12-21 02:34:28.940 | HardDisconnect done
2025-12-21 02:34:29.788 | Status: Verbinde...
2025-12-21 02:34:29.796 | Open SSPComPort (COM4) failed
2025-12-21 02:34:29.800 | Thread gestartet
2025-12-21 02:34:29.810 | Status: Port nicht verfügbar
2025-12-21 02:34:30.634 | Enable vorgemerkt (wird nach Handshake ausgeführt)
2025-12-21 02:34:30.837 | Open SSPComPort (COM4) failed
2025-12-21 02:34:31.870 | Open SSPComPort (COM4) failed
2025-12-21 02:34:32.900 | Open SSPComPort (COM4) failed
2025-12-21 02:34:33.930 | Open SSPComPort (COM4) failed
2025-12-21 02:34:34.617 | HardDisconnect init
2025-12-21 02:34:34.969 | Status: Getrennt
2025-12-21 02:34:34.982 | HardDisconnect done
2025-12-21 02:34:35.828 | Status: Verbinde...
2025-12-21 02:34:35.836 | Open SSPComPort (COM4) failed
2025-12-21 02:34:35.840 | Thread gestartet
2025-12-21 02:34:35.850 | Status: Port nicht verfügbar
2025-12-21 02:34:36.674 | Enable vorgemerkt (wird nach Handshake ausgeführt)
2025-12-21 02:34:36.896 | Open SSPComPort (COM4) failed
2025-12-21 02:34:37.915 | Open SSPComPort (COM4) failed
2025-12-21 02:34:38.936 | Open SSPComPort (COM4) failed
2025-12-21 02:34:39.958 | Open SSPComPort (COM4) failed
2025-12-21 02:34:40.641 | HardDisconnect init
2025-12-21 02:34:40.989 | Status: Getrennt
2025-12-21 02:34:41.004 | HardDisconnect done
2025-12-21 02:34:41.847 | Status: Verbinde...
2025-12-21 02:34:41.857 | Open SSPComPort (COM4) failed
2025-12-21 02:34:41.860 | Thread gestartet
2025-12-21 02:34:41.871 | Status: Port nicht verfügbar
2025-12-21 02:34:42.696 | Enable vorgemerkt (wird nach Handshake ausgeführt)
2025-12-21 02:34:42.916 | Open SSPComPort (COM4) failed
2025-12-21 02:34:43.946 | Open SSPComPort (COM4) failed
2025-12-21 02:34:44.976 | Open SSPComPort (COM4) failed
2025-12-21 02:34:46.006 | Open SSPComPort (COM4) failed
2025-12-21 02:34:46.675 | HardDisconnect init
2025-12-21 02:34:47.040 | Status: Getrennt
2025-12-21 02:34:47.049 | HardDisconnect done
2025-12-21 02:34:47.884 | Status: Verbinde...
2025-12-21 02:34:47.894 | Open SSPComPort (COM4) failed
2025-12-21 02:34:47.897 | Thread gestartet
2025-12-21 02:34:47.907 | Status: Port nicht verfügbar
2025-12-21 02:34:48.727 | Enable vorgemerkt (wird nach Handshake ausgeführt)
2025-12-21 02:34:48.946 | Open SSPComPort (COM4) failed
2025-12-21 02:34:49.979 | Open SSPComPort (COM4) failed
2025-12-21 02:34:51.002 | Open SSPComPort (COM4) failed
2025-12-21 02:34:52.027 | Open SSPComPort (COM4) failed
2025-12-21 02:34:52.683 | HardDisconnect init
2025-12-21 02:34:53.056 | Status: Getrennt
2025-12-21 02:34:53.068 | HardDisconnect done
2025-12-21 02:34:53.907 | Status: Verbinde...
2025-12-21 02:34:53.921 | Open SSPComPort (COM4) failed
2025-12-21 02:34:53.931 | Status: Port nicht verfügbar
2025-12-21 02:34:53.922 | Thread gestartet
2025-12-21 02:34:54.772 | Enable vorgemerkt (wird nach Handshake ausgeführt)
2025-12-21 02:34:54.961 | Open SSPComPort (COM4) failed
2025-12-21 02:34:55.978 | Open SSPComPort (COM4) failed
2025-12-21 02:34:57.003 | Open SSPComPort (COM4) failed
2025-12-21 02:34:58.024 | Open SSPComPort (COM4) failed
2025-12-21 02:34:58.706 | HardDisconnect init
2025-12-21 02:34:59.051 | Status: Getrennt
2025-12-21 02:34:59.063 | HardDisconnect done
2025-12-21 02:34:59.953 | Open SSPComPort (COM4) failed
2025-12-21 02:34:59.907 | Status: Verbinde...
2025-12-21 02:34:59.971 | Status: Port nicht verfügbar
2025-12-21 02:34:59.982 | Thread gestartet
2025-12-21 02:35:00.807 | Enable vorgemerkt (wird nach Handshake ausgeführt)
2025-12-21 02:35:01.011 | Open SSPComPort (COM4) failed
2025-12-21 02:35:02.039 | Open SSPComPort (COM4) failed
2025-12-21 02:35:03.069 | Open SSPComPort (COM4) failed
2025-12-21 02:35:04.106 | Open SSPComPort (COM4) failed
2025-12-21 02:35:04.744 | HardDisconnect init
2025-12-21 02:35:05.142 | Status: Getrennt
2025-12-21 02:35:05.153 | HardDisconnect done
2025-12-21 02:35:05.992 | Status: Verbinde...
2025-12-21 02:35:06.004 | Thread gestartet
2025-12-21 02:35:05.994 | Open SSPComPort (COM4) failed
2025-12-21 02:35:06.025 | Status: Port nicht verfügbar
2025-12-21 02:35:06.819 | Enable vorgemerkt (wird nach Handshake ausgeführt)
2025-12-21 02:35:07.054 | Open SSPComPort (COM4) failed
2025-12-21 02:35:08.085 | Open SSPComPort (COM4) failed
2025-12-21 02:35:09.117 | Open SSPComPort (COM4) failed
2025-12-21 02:35:10.147 | Open SSPComPort (COM4) failed
2025-12-21 02:35:10.755 | HardDisconnect init
2025-12-21 02:35:11.184 | Status: Getrennt
2025-12-21 02:35:11.195 | HardDisconnect done
2025-12-21 02:35:12.039 | Status: Verbinde...
2025-12-21 02:35:12.048 | Open SSPComPort (COM4) failed
2025-12-21 02:35:12.061 | Status: Port nicht verfügbar
2025-12-21 02:35:12.052 | Thread gestartet
2025-12-21 02:35:12.894 | Enable vorgemerkt (wird nach Handshake ausgeführt)
2025-12-21 02:35:13.085 | Open SSPComPort (COM4) failed
2025-12-21 02:35:13.147 | Disable vorgemerkt (wird nach Handshake ausgeführt)
2025-12-21 02:35:13.157 | HardDisconnect init
2025-12-21 02:35:14.130 | Status: Getrennt
2025-12-21 02:35:14.140 | HardDisconnect done
2025-12-21 02:35:14.260 | Status: konfig deaktiviert
2025-12-21 02:47:59.799 | Open SSPComPort (COM4) failed
2025-12-21 02:47:59.799 | Status: Verbinde...
2025-12-21 02:47:59.815 | Status: Port nicht verfügbar
2025-12-21 02:47:59.819 | Thread gestartet
2025-12-21 02:48:00.841 | Open SSPComPort (COM4) failed
2025-12-21 02:48:01.931 | Open SSPComPort (COM4) failed
2025-12-21 02:48:02.960 | Open SSPComPort (COM4) failed
2025-12-21 02:48:03.993 | Open SSPComPort (COM4) failed
2025-12-21 02:48:05.021 | Open SSPComPort (COM4) failed
2025-12-21 02:48:06.052 | Open SSPComPort (COM4) failed
2025-12-21 02:48:06.704 | HardDisconnect init
2025-12-21 02:48:07.083 | Status: Getrennt
2025-12-21 02:48:07.096 | HardDisconnect done
2025-12-21 02:48:07.935 | Status: Verbinde...
2025-12-21 02:48:07.944 | Open SSPComPort (COM4) failed
2025-12-21 02:48:07.955 | Status: Port nicht verfügbar
2025-12-21 02:48:07.948 | Thread gestartet
2025-12-21 02:48:08.791 | Enable vorgemerkt (wird nach Handshake ausgeführt)
2025-12-21 02:48:08.978 | Open SSPComPort (COM4) failed
2025-12-21 02:48:10.005 | Open SSPComPort (COM4) failed
2025-12-21 02:48:11.038 | Open SSPComPort (COM4) failed
2025-12-21 02:48:12.066 | Open SSPComPort (COM4) failed
2025-12-21 02:48:12.722 | HardDisconnect init
2025-12-21 02:48:13.104 | Status: Getrennt
2025-12-21 02:48:13.118 | HardDisconnect done
2025-12-21 02:48:13.961 | Status: Verbinde...
2025-12-21 02:48:13.969 | Open SSPComPort (COM4) failed
2025-12-21 02:48:13.991 | Status: Port nicht verfügbar
2025-12-21 02:48:13.981 | Thread gestartet
2025-12-21 02:48:14.830 | Enable vorgemerkt (wird nach Handshake ausgeführt)
2025-12-21 02:48:15.017 | Open SSPComPort (COM4) failed
2025-12-21 02:48:16.047 | Open SSPComPort (COM4) failed
2025-12-21 02:48:17.066 | Open SSPComPort (COM4) failed
2025-12-21 02:48:18.098 | Open SSPComPort (COM4) failed
2025-12-21 02:48:18.748 | HardDisconnect init
2025-12-21 02:48:19.127 | Status: Getrennt
2025-12-21 02:48:19.139 | HardDisconnect done
2025-12-21 02:48:19.981 | Status: Verbinde...
2025-12-21 02:48:19.991 | Open SSPComPort (COM4) failed
2025-12-21 02:48:20.002 | Status: Port nicht verfügbar
2025-12-21 02:48:19.994 | Thread gestartet
2025-12-21 02:48:20.847 | Enable vorgemerkt (wird nach Handshake ausgeführt)
2025-12-21 02:48:21.024 | Open SSPComPort (COM4) failed
2025-12-21 02:48:22.071 | Open SSPComPort (COM4) failed
2025-12-21 02:48:23.097 | Open SSPComPort (COM4) failed
2025-12-21 02:48:24.125 | Open SSPComPort (COM4) failed
2025-12-21 02:48:24.754 | HardDisconnect init
2025-12-21 02:48:25.153 | Status: Getrennt
2025-12-21 02:48:25.165 | HardDisconnect done
2025-12-21 02:48:26.009 | Status: Verbinde...
2025-12-21 02:48:26.018 | Open SSPComPort (COM4) failed
2025-12-21 02:48:26.033 | Status: Port nicht verfügbar
2025-12-21 02:48:26.023 | Thread gestartet
2025-12-21 02:48:26.861 | Enable vorgemerkt (wird nach Handshake ausgeführt)
2025-12-21 02:48:27.065 | Open SSPComPort (COM4) failed
2025-12-21 02:48:28.091 | Open SSPComPort (COM4) failed
2025-12-21 02:48:29.112 | Open SSPComPort (COM4) failed
2025-12-21 02:48:30.142 | Open SSPComPort (COM4) failed
2025-12-21 02:48:30.779 | HardDisconnect init
2025-12-21 02:48:31.177 | Status: Getrennt
2025-12-21 02:48:31.190 | HardDisconnect done
2025-12-21 02:48:32.029 | Status: Verbinde...
2025-12-21 02:48:32.038 | Open SSPComPort (COM4) failed
2025-12-21 02:48:32.051 | Status: Port nicht verfügbar
2025-12-21 02:48:32.043 | Thread gestartet
2025-12-21 02:48:32.879 | Enable vorgemerkt (wird nach Handshake ausgeführt)
2025-12-21 02:48:33.082 | Open SSPComPort (COM4) failed
2025-12-21 02:48:34.113 | Open SSPComPort (COM4) failed
2025-12-21 02:48:35.144 | Open SSPComPort (COM4) failed
2025-12-21 02:48:36.174 | Open SSPComPort (COM4) failed
2025-12-21 02:48:36.814 | HardDisconnect init
2025-12-21 02:48:37.213 | Status: Getrennt
2025-12-21 02:48:37.226 | HardDisconnect done
2025-12-21 02:48:38.070 | Status: Verbinde...
2025-12-21 02:48:38.078 | Open SSPComPort (COM4) failed
2025-12-21 02:48:38.092 | Status: Port nicht verfügbar
2025-12-21 02:48:38.082 | Thread gestartet
2025-12-21 02:48:38.922 | Enable vorgemerkt (wird nach Handshake ausgeführt)
2025-12-21 02:48:39.112 | Open SSPComPort (COM4) failed
2025-12-21 02:48:40.139 | Open SSPComPort (COM4) failed
2025-12-21 02:48:41.168 | Open SSPComPort (COM4) failed
2025-12-21 02:48:42.196 | Open SSPComPort (COM4) failed
2025-12-21 02:48:42.822 | HardDisconnect init
2025-12-21 02:48:43.221 | Status: Getrennt
2025-12-21 02:48:43.233 | HardDisconnect done
2025-12-21 02:48:44.074 | Status: Verbinde...
2025-12-21 02:48:44.083 | Open SSPComPort (COM4) failed
2025-12-21 02:48:44.092 | Status: Port nicht verfügbar
2025-12-21 02:48:44.086 | Thread gestartet
2025-12-21 02:48:44.912 | Enable vorgemerkt (wird nach Handshake ausgeführt)
2025-12-21 02:48:45.116 | Open SSPComPort (COM4) failed
2025-12-21 02:48:46.145 | Open SSPComPort (COM4) failed
2025-12-21 02:48:47.174 | Open SSPComPort (COM4) failed
2025-12-21 02:48:48.204 | Open SSPComPort (COM4) failed
2025-12-21 02:48:48.845 | HardDisconnect init
2025-12-21 02:48:49.237 | Status: Getrennt
2025-12-21 02:48:49.245 | HardDisconnect done
2025-12-21 02:48:50.086 | Status: Verbinde...
2025-12-21 02:48:50.100 | Thread gestartet
2025-12-21 02:48:50.094 | Open SSPComPort (COM4) failed
2025-12-21 02:48:50.125 | Status: Port nicht verfügbar
2025-12-21 02:48:50.923 | Enable vorgemerkt (wird nach Handshake ausgeführt)
2025-12-21 02:48:51.159 | Open SSPComPort (COM4) failed
2025-12-21 02:48:52.187 | Open SSPComPort (COM4) failed
2025-12-21 02:48:53.221 | Open SSPComPort (COM4) failed
2025-12-21 02:48:54.245 | Open SSPComPort (COM4) failed
2025-12-21 02:48:54.859 | HardDisconnect init
2025-12-21 02:48:55.277 | Status: Getrennt
2025-12-21 02:48:55.289 | HardDisconnect done
2025-12-21 02:48:56.133 | Status: Verbinde...
2025-12-21 02:48:56.145 | Open SSPComPort (COM4) failed
2025-12-21 02:48:56.159 | Status: Port nicht verfügbar
2025-12-21 02:48:56.150 | Thread gestartet
2025-12-21 02:48:56.988 | Enable vorgemerkt (wird nach Handshake ausgeführt)
2025-12-21 02:48:57.193 | Open SSPComPort (COM4) failed
2025-12-21 02:48:58.225 | Open SSPComPort (COM4) failed
2025-12-21 02:48:59.253 | Open SSPComPort (COM4) failed
2025-12-21 02:49:00.286 | Open SSPComPort (COM4) failed
2025-12-21 02:49:01.319 | Open SSPComPort (COM4) failed
2025-12-21 02:49:02.346 | Open SSPComPort (COM4) failed
2025-12-21 02:49:03.379 | Open SSPComPort (COM4) failed
2025-12-21 02:49:04.419 | Open SSPComPort (COM4) failed
2025-12-21 02:49:05.446 | Open SSPComPort (COM4) failed
2025-12-21 02:49:06.461 | Open SSPComPort (COM4) failed
2025-12-21 02:49:07.489 | Open SSPComPort (COM4) failed
2025-12-21 02:49:08.518 | Open SSPComPort (COM4) failed
2025-12-21 02:49:09.549 | Open SSPComPort (COM4) failed
2025-12-21 02:49:10.579 | Open SSPComPort (COM4) failed
2025-12-21 02:49:11.612 | Open SSPComPort (COM4) failed
2025-12-21 02:49:12.642 | Open SSPComPort (COM4) failed
2025-12-21 02:49:13.674 | Open SSPComPort (COM4) failed
2025-12-21 02:49:14.693 | Open SSPComPort (COM4) failed
2025-12-21 02:49:15.721 | Open SSPComPort (COM4) failed
2025-12-21 02:49:16.750 | Open SSPComPort (COM4) failed
2025-12-21 02:49:17.767 | Open SSPComPort (COM4) failed
2025-12-21 02:49:18.793 | Open SSPComPort (COM4) failed
2025-12-21 02:49:18.943 | Enable vorgemerkt (wird nach Handshake ausgeführt)
2025-12-21 02:49:19.622 | Enable vorgemerkt (wird nach Handshake ausgeführt)
2025-12-21 02:49:19.631 | REQ Level 1 ct [plain]
2025-12-21 02:49:19.639 | REQ Level 2 ct [plain]
2025-12-21 02:49:19.648 | REQ Level 5 ct [plain]
2025-12-21 02:49:19.656 | REQ Level 10 ct [plain]
2025-12-21 02:49:19.662 | REQ Level 20 ct [plain]
2025-12-21 02:49:19.669 | REQ Level 50 ct [plain]
2025-12-21 02:49:19.677 | REQ Level 100 ct [plain]
2025-12-21 02:49:19.685 | REQ Level 200 ct [plain]
2025-12-21 02:49:19.821 | Open SSPComPort (COM4) failed
2025-12-21 02:49:20.846 | Open SSPComPort (COM4) failed
2025-12-21 02:49:21.880 | Open SSPComPort (COM4) failed
2025-12-21 02:49:22.894 | Open SSPComPort (COM4) failed
2025-12-21 02:49:23.924 | Open SSPComPort (COM4) failed
2025-12-21 02:49:24.948 | Open SSPComPort (COM4) failed
2025-12-21 02:49:25.972 | Open SSPComPort (COM4) failed
2025-12-21 02:49:27.005 | Open SSPComPort (COM4) failed
2025-12-21 02:49:28.036 | Open SSPComPort (COM4) failed
2025-12-21 02:49:29.065 | Open SSPComPort (COM4) failed
2025-12-21 02:49:30.098 | Open SSPComPort (COM4) failed
2025-12-21 02:49:31.127 | Open SSPComPort (COM4) failed
2025-12-21 02:49:32.157 | Open SSPComPort (COM4) failed
2025-12-21 02:49:33.190 | Open SSPComPort (COM4) failed
2025-12-21 02:49:34.222 | Open SSPComPort (COM4) failed
2025-12-21 02:49:35.252 | Open SSPComPort (COM4) failed
2025-12-21 02:49:36.283 | Open SSPComPort (COM4) failed
2025-12-21 02:49:37.309 | Open SSPComPort (COM4) failed
2025-12-21 02:49:38.335 | Open SSPComPort (COM4) failed
2025-12-21 02:49:39.363 | Open SSPComPort (COM4) failed
2025-12-21 02:49:40.391 | Open SSPComPort (COM4) failed
2025-12-21 02:49:41.425 | Open SSPComPort (COM4) failed
2025-12-21 02:49:42.455 | Open SSPComPort (COM4) failed
2025-12-21 02:49:43.486 | Open SSPComPort (COM4) failed
2025-12-21 02:49:44.517 | Open SSPComPort (COM4) failed
2025-12-21 02:49:45.543 | Open SSPComPort (COM4) failed
2025-12-21 02:49:46.581 | Open SSPComPort (COM4) failed
2025-12-21 02:49:47.605 | Open SSPComPort (COM4) failed
2025-12-21 02:49:48.632 | Open SSPComPort (COM4) failed
2025-12-21 02:49:49.658 | Open SSPComPort (COM4) failed
2025-12-21 02:49:50.685 | Open SSPComPort (COM4) failed
2025-12-21 02:49:51.714 | Open SSPComPort (COM4) failed
2025-12-21 02:49:52.743 | Open SSPComPort (COM4) failed
2025-12-21 02:49:53.772 | Open SSPComPort (COM4) failed
2025-12-21 02:49:54.799 | Open SSPComPort (COM4) failed
2025-12-21 02:49:55.831 | Open SSPComPort (COM4) failed
2025-12-21 02:49:56.860 | Open SSPComPort (COM4) failed
2025-12-21 02:49:57.885 | Open SSPComPort (COM4) failed
2025-12-21 02:49:58.614 | Disable vorgemerkt (wird nach Handshake ausgeführt)
2025-12-21 02:49:58.626 | HardDisconnect init
2025-12-21 02:49:58.923 | Status: Getrennt
2025-12-21 02:49:58.935 | HardDisconnect done
2025-12-21 02:49:59.054 | Status: konfig deaktiviert
2025-12-21 02:51:53.824 | Open SSPComPort (COM4) failed
2025-12-21 02:51:53.824 | Status: Verbinde...
2025-12-21 02:51:53.835 | Status: Port nicht verfügbar
2025-12-21 02:51:53.840 | Thread gestartet
2025-12-21 02:51:54.869 | Open SSPComPort (COM4) failed
2025-12-21 02:51:55.897 | Open SSPComPort (COM4) failed
2025-12-21 02:51:56.924 | Open SSPComPort (COM4) failed
2025-12-21 02:51:57.960 | Open SSPComPort (COM4) failed
2025-12-21 02:51:58.990 | Open SSPComPort (COM4) failed
2025-12-21 02:52:00.015 | Open SSPComPort (COM4) failed
2025-12-21 02:52:00.443 | Enable vorgemerkt (wird nach Handshake ausgeführt)
2025-12-21 02:52:00.718 | HardDisconnect init
2025-12-21 02:52:00.988 | Enable vorgemerkt (wird nach Handshake ausgeführt)
2025-12-21 02:52:01.005 | REQ Level 1 ct [plain]
2025-12-21 02:52:01.010 | REQ Level 2 ct [plain]
2025-12-21 02:52:01.015 | REQ Level 5 ct [plain]
2025-12-21 02:52:01.021 | REQ Level 10 ct [plain]
2025-12-21 02:52:01.027 | REQ Level 20 ct [plain]
2025-12-21 02:52:01.031 | REQ Level 50 ct [plain]
2025-12-21 02:52:01.038 | Status: Getrennt
2025-12-21 02:52:01.048 | HardDisconnect done
2025-12-21 02:52:01.040 | REQ Level 100 ct [plain]
2025-12-21 02:52:01.061 | REQ Level 200 ct [plain]
2025-12-21 02:52:01.868 | Status: Verbinde...
2025-12-21 02:52:01.875 | Open SSPComPort (COM4) failed
2025-12-21 02:52:01.886 | Status: Port nicht verfügbar
2025-12-21 02:52:01.879 | Thread gestartet
2025-12-21 02:52:02.722 | Enable vorgemerkt (wird nach Handshake ausgeführt)
2025-12-21 02:52:02.911 | Open SSPComPort (COM4) failed
2025-12-21 02:52:03.929 | Open SSPComPort (COM4) failed
2025-12-21 02:52:04.949 | Open SSPComPort (COM4) failed
2025-12-21 02:52:05.974 | Open SSPComPort (COM4) failed
2025-12-21 02:52:06.738 | HardDisconnect init
2025-12-21 02:52:07.007 | Status: Getrennt
2025-12-21 02:52:07.017 | HardDisconnect done
2025-12-21 02:52:07.868 | Status: Verbinde...
2025-12-21 02:52:07.887 | Thread gestartet
2025-12-21 02:52:07.878 | Open SSPComPort (COM4) failed
2025-12-21 02:52:07.908 | Status: Port nicht verfügbar
2025-12-21 02:52:08.704 | Enable vorgemerkt (wird nach Handshake ausgeführt)
2025-12-21 02:52:08.940 | Open SSPComPort (COM4) failed
2025-12-21 02:52:09.971 | Open SSPComPort (COM4) failed
2025-12-21 02:52:11.000 | Open SSPComPort (COM4) failed
2025-12-21 02:52:12.033 | Open SSPComPort (COM4) failed
2025-12-21 02:52:12.783 | HardDisconnect init
2025-12-21 02:52:13.072 | Status: Getrennt
2025-12-21 02:52:13.085 | HardDisconnect done
2025-12-21 02:52:13.931 | Status: Verbinde...
2025-12-21 02:52:13.940 | Open SSPComPort (COM4) failed
2025-12-21 02:52:13.944 | Thread gestartet
2025-12-21 02:52:13.953 | Status: Port nicht verfügbar
2025-12-21 02:52:14.780 | Enable vorgemerkt (wird nach Handshake ausgeführt)
2025-12-21 02:52:14.985 | Open SSPComPort (COM4) failed
2025-12-21 02:52:16.015 | Open SSPComPort (COM4) failed
2025-12-21 02:52:17.045 | Open SSPComPort (COM4) failed
2025-12-21 02:52:18.078 | Open SSPComPort (COM4) failed
2025-12-21 02:52:18.799 | HardDisconnect init
2025-12-21 02:52:19.116 | Status: Getrennt
2025-12-21 02:52:19.128 | HardDisconnect done
2025-12-21 02:52:19.964 | Status: Verbinde...
2025-12-21 02:52:19.977 | Thread gestartet
2025-12-21 02:52:19.970 | Open SSPComPort (COM4) failed
2025-12-21 02:52:19.992 | Status: Port nicht verfügbar
2025-12-21 02:52:20.815 | Enable vorgemerkt (wird nach Handshake ausgeführt)
2025-12-21 02:52:21.018 | Open SSPComPort (COM4) failed
2025-12-21 02:52:21.705 | Disable vorgemerkt (wird nach Handshake ausgeführt)
2025-12-21 02:52:21.716 | HardDisconnect init
2025-12-21 02:52:22.056 | Status: Getrennt
2025-12-21 02:52:22.068 | HardDisconnect done
2025-12-21 02:52:22.184 | Status: konfig deaktiviert
2025-12-21 02:52:36.744 | Status: Verbinde...
2025-12-21 02:52:36.745 | Open SSPComPort (COM4) failed
2025-12-21 02:52:36.753 | Thread gestartet
2025-12-21 02:52:36.761 | Status: Port nicht verfügbar
2025-12-21 02:52:37.786 | Open SSPComPort (COM4) failed
2025-12-21 02:52:38.816 | Open SSPComPort (COM4) failed
2025-12-21 02:52:39.844 | Open SSPComPort (COM4) failed
2025-12-21 02:52:40.863 | Open SSPComPort (COM4) failed
2025-12-21 02:52:41.892 | Open SSPComPort (COM4) failed
2025-12-21 02:52:42.921 | Open SSPComPort (COM4) failed
2025-12-21 02:52:43.623 | HardDisconnect init
2025-12-21 02:52:43.946 | Status: Getrennt
2025-12-21 02:52:43.958 | HardDisconnect done
2025-12-21 02:52:44.804 | Status: Verbinde...
2025-12-21 02:52:44.813 | Open SSPComPort (COM4) failed
2025-12-21 02:52:44.817 | Thread gestartet
2025-12-21 02:52:44.827 | Status: Port nicht verfügbar
2025-12-21 02:52:45.642 | Enable vorgemerkt (wird nach Handshake ausgeführt)
2025-12-21 02:52:45.861 | Open SSPComPort (COM4) failed
2025-12-21 02:52:46.888 | Open SSPComPort (COM4) failed
2025-12-21 02:52:47.936 | Open SSPComPort (COM4) failed
2025-12-21 02:52:48.968 | Open SSPComPort (COM4) failed
2025-12-21 02:52:49.651 | HardDisconnect init
2025-12-21 02:52:50.001 | Status: Getrennt
2025-12-21 02:52:50.009 | HardDisconnect done
2025-12-21 02:52:50.833 | Status: Verbinde...
2025-12-21 02:52:50.839 | Open SSPComPort (COM4) failed
2025-12-21 02:52:50.856 | Status: Port nicht verfügbar
2025-12-21 02:52:50.842 | Thread gestartet
2025-12-21 02:52:51.371 | Enable vorgemerkt (wird nach Handshake ausgeführt)
2025-12-21 02:52:51.687 | Enable vorgemerkt (wird nach Handshake ausgeführt)
2025-12-21 02:52:51.877 | Open SSPComPort (COM4) failed
2025-12-21 02:52:52.119 | Enable vorgemerkt (wird nach Handshake ausgeführt)
2025-12-21 02:52:52.128 | REQ Level 1 ct [plain]
2025-12-21 02:52:52.136 | REQ Level 2 ct [plain]
2025-12-21 02:52:52.147 | REQ Level 5 ct [plain]
2025-12-21 02:52:52.158 | REQ Level 10 ct [plain]
2025-12-21 02:52:52.168 | REQ Level 20 ct [plain]
2025-12-21 02:52:52.177 | REQ Level 50 ct [plain]
2025-12-21 02:52:52.186 | REQ Level 100 ct [plain]
2025-12-21 02:52:52.194 | REQ Level 200 ct [plain]
2025-12-21 02:52:52.902 | Open SSPComPort (COM4) failed
2025-12-21 02:52:53.930 | Open SSPComPort (COM4) failed
2025-12-21 02:52:54.958 | Open SSPComPort (COM4) failed
2025-12-21 02:52:55.675 | HardDisconnect init
2025-12-21 02:52:55.996 | Status: Getrennt
2025-12-21 02:52:56.009 | HardDisconnect done
2025-12-21 02:52:56.855 | Status: Verbinde...
2025-12-21 02:52:56.864 | Open SSPComPort (COM4) failed
2025-12-21 02:52:56.868 | Thread gestartet
2025-12-21 02:52:56.881 | Status: Port nicht verfügbar
2025-12-21 02:52:57.701 | Enable vorgemerkt (wird nach Handshake ausgeführt)
2025-12-21 02:52:57.920 | Open SSPComPort (COM4) failed
2025-12-21 02:52:58.949 | Open SSPComPort (COM4) failed
2025-12-21 02:52:59.974 | Open SSPComPort (COM4) failed
2025-12-21 02:53:01.005 | Open SSPComPort (COM4) failed
2025-12-21 02:53:01.702 | HardDisconnect init
2025-12-21 02:53:02.044 | Status: Getrennt
2025-12-21 02:53:02.058 | HardDisconnect done
2025-12-21 02:53:02.880 | Status: Verbinde...
2025-12-21 02:53:02.892 | Open SSPComPort (COM4) failed
2025-12-21 02:53:02.901 | Thread gestartet
2025-12-21 02:53:02.912 | Status: Port nicht verfügbar
2025-12-21 02:53:03.727 | Enable vorgemerkt (wird nach Handshake ausgeführt)
2025-12-21 02:53:03.945 | Open SSPComPort (COM4) failed
2025-12-21 02:53:04.973 | Open SSPComPort (COM4) failed
2025-12-21 02:53:05.999 | Open SSPComPort (COM4) failed
2025-12-21 02:53:07.036 | Open SSPComPort (COM4) failed
2025-12-21 02:53:07.736 | HardDisconnect init
2025-12-21 02:53:08.071 | Status: Getrennt
2025-12-21 02:53:08.083 | HardDisconnect done
2025-12-21 02:53:08.917 | Status: Verbinde...
2025-12-21 02:53:08.925 | Open SSPComPort (COM4) failed
2025-12-21 02:53:08.929 | Thread gestartet
2025-12-21 02:53:08.940 | Status: Port nicht verfügbar
2025-12-21 02:53:09.764 | Enable vorgemerkt (wird nach Handshake ausgeführt)
2025-12-21 02:53:09.969 | Open SSPComPort (COM4) failed
2025-12-21 02:53:11.002 | Open SSPComPort (COM4) failed
2025-12-21 02:53:11.179 | Disable vorgemerkt (wird nach Handshake ausgeführt)
2025-12-21 02:53:11.188 | HardDisconnect init
2025-12-21 02:53:12.041 | Status: Getrennt
2025-12-21 02:53:12.052 | HardDisconnect done
2025-12-21 02:53:12.171 | Status: konfig deaktiviert
2025-12-21 15:26:32.398 | Open SSPComPort (COM4) failed
2025-12-21 15:26:32.398 | Status: Verbinde...
2025-12-21 15:26:32.412 | Status: Port nicht verfügbar
2025-12-21 15:26:32.416 | Thread gestartet
2025-12-21 15:26:33.451 | Open SSPComPort (COM4) failed
2025-12-21 15:26:34.468 | Open SSPComPort (COM4) failed
2025-12-21 15:26:35.499 | Open SSPComPort (COM4) failed
2025-12-21 15:26:36.524 | Open SSPComPort (COM4) failed
2025-12-21 15:26:37.549 | Open SSPComPort (COM4) failed
2025-12-21 15:26:38.564 | Open SSPComPort (COM4) failed
2025-12-21 15:26:39.284 | HardDisconnect init
2025-12-21 15:26:39.589 | Status: Getrennt
2025-12-21 15:26:39.599 | HardDisconnect done
2025-12-21 15:26:40.444 | Status: Verbinde...
2025-12-21 15:26:40.450 | Open SSPComPort (COM4) failed
2025-12-21 15:26:40.453 | Thread gestartet
2025-12-21 15:26:40.480 | Status: Port nicht verfügbar
2025-12-21 15:26:40.660 | Enable vorgemerkt (wird nach Handshake ausgeführt)
2025-12-21 15:26:41.295 | Enable vorgemerkt (wird nach Handshake ausgeführt)
2025-12-21 15:26:41.398 | Enable vorgemerkt (wird nach Handshake ausgeführt)
2025-12-21 15:26:41.403 | REQ Level 1 ct [plain]
2025-12-21 15:26:41.410 | REQ Level 2 ct [plain]
2025-12-21 15:26:41.416 | REQ Level 5 ct [plain]
2025-12-21 15:26:41.423 | REQ Level 10 ct [plain]
2025-12-21 15:26:41.431 | REQ Level 20 ct [plain]
2025-12-21 15:26:41.438 | REQ Level 50 ct [plain]
2025-12-21 15:26:41.446 | REQ Level 100 ct [plain]
2025-12-21 15:26:41.454 | REQ Level 200 ct [plain]
2025-12-21 15:26:41.518 | Open SSPComPort (COM4) failed
2025-12-21 15:26:42.545 | Open SSPComPort (COM4) failed
2025-12-21 15:26:43.570 | Open SSPComPort (COM4) failed
2025-12-21 15:26:44.596 | Open SSPComPort (COM4) failed
2025-12-21 15:26:45.278 | HardDisconnect init
2025-12-21 15:26:45.634 | Status: Getrennt
2025-12-21 15:26:45.647 | HardDisconnect done
2025-12-21 15:26:46.485 | Status: Verbinde...
2025-12-21 15:26:46.497 | Open SSPComPort (COM4) failed
2025-12-21 15:26:46.502 | Thread gestartet
2025-12-21 15:26:46.512 | Status: Port nicht verfügbar
2025-12-21 15:26:47.348 | Enable vorgemerkt (wird nach Handshake ausgeführt)
2025-12-21 15:26:47.552 | Open SSPComPort (COM4) failed
2025-12-21 15:26:48.576 | Open SSPComPort (COM4) failed
2025-12-21 15:26:49.598 | Open SSPComPort (COM4) failed
2025-12-21 15:26:50.627 | Open SSPComPort (COM4) failed
2025-12-21 15:26:51.326 | HardDisconnect init
2025-12-21 15:26:51.662 | Status: Getrennt
2025-12-21 15:26:51.672 | HardDisconnect done
2025-12-21 15:26:52.523 | Status: Verbinde...
2025-12-21 15:26:52.532 | Open SSPComPort (COM4) failed
2025-12-21 15:26:52.535 | Thread gestartet
2025-12-21 15:26:52.544 | Status: Port nicht verfügbar
2025-12-21 15:26:53.361 | Enable vorgemerkt (wird nach Handshake ausgeführt)
2025-12-21 15:26:53.583 | Open SSPComPort (COM4) failed
2025-12-21 15:26:54.612 | Open SSPComPort (COM4) failed
2025-12-21 15:26:55.643 | Open SSPComPort (COM4) failed
2025-12-21 15:26:56.667 | Open SSPComPort (COM4) failed
2025-12-21 15:26:57.333 | HardDisconnect init
2025-12-21 15:26:57.703 | Status: Getrennt
2025-12-21 15:26:57.714 | HardDisconnect done
2025-12-21 15:26:58.572 | Status: Verbinde...
2025-12-21 15:26:58.581 | Open SSPComPort (COM4) failed
2025-12-21 15:26:58.601 | Status: Port nicht verfügbar
2025-12-21 15:26:58.590 | Thread gestartet
2025-12-21 15:26:59.432 | Enable vorgemerkt (wird nach Handshake ausgeführt)
2025-12-21 15:26:59.621 | Open SSPComPort (COM4) failed
2025-12-21 15:27:00.647 | Open SSPComPort (COM4) failed
2025-12-21 15:27:01.700 | Open SSPComPort (COM4) failed
2025-12-21 15:27:02.756 | Open SSPComPort (COM4) failed
2025-12-21 15:27:03.363 | HardDisconnect init
2025-12-21 15:27:03.791 | Status: Getrennt
2025-12-21 15:27:03.803 | HardDisconnect done
2025-12-21 15:27:04.644 | Status: Verbinde...
2025-12-21 15:27:04.655 | Open SSPComPort (COM4) failed
2025-12-21 15:27:04.659 | Thread gestartet
2025-12-21 15:27:04.669 | Status: Port nicht verfügbar
2025-12-21 15:27:05.494 | Enable vorgemerkt (wird nach Handshake ausgeführt)
2025-12-21 15:27:05.699 | Open SSPComPort (COM4) failed
2025-12-21 15:27:06.717 | Open SSPComPort (COM4) failed
2025-12-21 15:27:07.747 | Open SSPComPort (COM4) failed
2025-12-21 15:27:08.764 | Open SSPComPort (COM4) failed
2025-12-21 15:27:09.357 | HardDisconnect init
2025-12-21 15:27:09.789 | Status: Getrennt
2025-12-21 15:27:09.802 | HardDisconnect done
2025-12-21 15:27:10.659 | Status: Verbinde...
2025-12-21 15:27:10.668 | Open SSPComPort (COM4) failed
2025-12-21 15:27:10.671 | Thread gestartet
2025-12-21 15:27:10.681 | Status: Port nicht verfügbar
2025-12-21 15:27:11.502 | Enable vorgemerkt (wird nach Handshake ausgeführt)
2025-12-21 15:27:11.721 | Open SSPComPort (COM4) failed
2025-12-21 15:27:12.751 | Open SSPComPort (COM4) failed
2025-12-21 15:27:13.780 | Open SSPComPort (COM4) failed
2025-12-21 15:27:14.810 | Open SSPComPort (COM4) failed
2025-12-21 15:27:15.369 | HardDisconnect init
2025-12-21 15:27:15.853 | Status: Getrennt
2025-12-21 15:27:15.863 | HardDisconnect done
2025-12-21 15:27:16.713 | Status: Verbinde...
2025-12-21 15:27:16.723 | Open SSPComPort (COM4) failed
2025-12-21 15:27:16.725 | Thread gestartet
2025-12-21 15:27:16.734 | Status: Port nicht verfügbar
2025-12-21 15:27:17.560 | Enable vorgemerkt (wird nach Handshake ausgeführt)
2025-12-21 15:27:17.777 | Open SSPComPort (COM4) failed
2025-12-21 15:27:18.806 | Open SSPComPort (COM4) failed
2025-12-21 15:27:19.830 | Open SSPComPort (COM4) failed
2025-12-21 15:27:20.859 | Open SSPComPort (COM4) failed
2025-12-21 15:27:21.371 | HardDisconnect init
2025-12-21 15:27:21.760 | REQ Level 1 ct [plain]
2025-12-21 15:27:21.783 | REQ Level 2 ct [plain]
2025-12-21 15:27:21.792 | REQ Level 5 ct [plain]
2025-12-21 15:27:21.798 | REQ Level 10 ct [plain]
2025-12-21 15:27:21.805 | REQ Level 20 ct [plain]
2025-12-21 15:27:21.812 | REQ Level 50 ct [plain]
2025-12-21 15:27:21.817 | REQ Level 100 ct [plain]
2025-12-21 15:27:21.825 | REQ Level 200 ct [plain]
2025-12-21 15:27:21.892 | Status: Getrennt
2025-12-21 15:27:21.903 | HardDisconnect done
2025-12-21 15:27:22.746 | Status: Verbinde...
2025-12-21 15:27:22.755 | Open SSPComPort (COM4) failed
2025-12-21 15:27:22.759 | Thread gestartet
2025-12-21 15:27:22.769 | Status: Port nicht verfügbar
2025-12-21 15:27:23.186 | Disable vorgemerkt (wird nach Handshake ausgeführt)
2025-12-21 15:27:23.209 | Disable vorgemerkt (wird nach Handshake ausgeführt)
2025-12-21 15:27:23.581 | Enable vorgemerkt (wird nach Handshake ausgeführt)
2025-12-21 15:27:23.798 | Open SSPComPort (COM4) failed
2025-12-21 15:27:24.831 | Open SSPComPort (COM4) failed
2025-12-21 15:27:25.864 | Open SSPComPort (COM4) failed
2025-12-21 15:27:26.894 | Open SSPComPort (COM4) failed
2025-12-21 15:27:27.408 | HardDisconnect init
2025-12-21 15:27:27.933 | Status: Getrennt
2025-12-21 15:27:27.947 | HardDisconnect done
2025-12-21 15:27:28.763 | Status: Verbinde...
2025-12-21 15:27:28.764 | Open SSPComPort (COM4) failed
2025-12-21 15:27:28.781 | Status: Port nicht verfügbar
2025-12-21 15:27:28.774 | Thread gestartet
2025-12-21 15:27:28.797 | Enable vorgemerkt (wird nach Handshake ausgeführt)
2025-12-21 15:27:28.804 | REQ Level 1 ct [plain]
2025-12-21 15:27:28.810 | REQ Level 2 ct [plain]
2025-12-21 15:27:28.816 | REQ Level 5 ct [plain]
2025-12-21 15:27:28.822 | REQ Level 10 ct [plain]
2025-12-21 15:27:28.828 | REQ Level 20 ct [plain]
2025-12-21 15:27:28.835 | REQ Level 50 ct [plain]
2025-12-21 15:27:28.849 | REQ Level 100 ct [plain]
2025-12-21 15:27:28.854 | REQ Level 200 ct [plain]
2025-12-21 15:27:29.602 | Enable vorgemerkt (wird nach Handshake ausgeführt)
2025-12-21 15:27:29.807 | Open SSPComPort (COM4) failed
2025-12-21 15:27:30.841 | Open SSPComPort (COM4) failed
2025-12-21 15:27:31.871 | Open SSPComPort (COM4) failed
2025-12-21 15:27:32.902 | Open SSPComPort (COM4) failed
2025-12-21 15:27:33.924 | Open SSPComPort (COM4) failed
2025-12-21 15:27:34.954 | Open SSPComPort (COM4) failed
2025-12-21 15:27:35.974 | Open SSPComPort (COM4) failed
2025-12-21 15:27:37.001 | Open SSPComPort (COM4) failed
2025-12-21 15:27:38.031 | Open SSPComPort (COM4) failed
2025-12-21 15:27:39.059 | Open SSPComPort (COM4) failed
2025-12-21 15:27:40.088 | Open SSPComPort (COM4) failed
2025-12-21 15:27:41.116 | Open SSPComPort (COM4) failed
2025-12-21 15:27:42.143 | Open SSPComPort (COM4) failed
2025-12-21 15:27:43.181 | Open SSPComPort (COM4) failed
2025-12-21 15:27:44.207 | Open SSPComPort (COM4) failed
2025-12-21 15:27:45.235 | Open SSPComPort (COM4) failed
2025-12-21 15:27:46.266 | Open SSPComPort (COM4) failed
2025-12-21 15:27:47.292 | Open SSPComPort (COM4) failed
2025-12-21 15:27:48.313 | Open SSPComPort (COM4) failed
2025-12-21 15:27:49.341 | Open SSPComPort (COM4) failed
2025-12-21 15:27:50.364 | Open SSPComPort (COM4) failed
2025-12-21 15:27:51.377 | Open SSPComPort (COM4) failed
2025-12-21 15:27:52.409 | Open SSPComPort (COM4) failed
2025-12-21 15:27:53.433 | Open SSPComPort (COM4) failed
2025-12-21 15:27:54.473 | Open SSPComPort (COM4) failed
2025-12-21 15:27:55.498 | Open SSPComPort (COM4) failed
2025-12-21 15:27:56.520 | Open SSPComPort (COM4) failed
2025-12-21 15:27:57.537 | Open SSPComPort (COM4) failed
2025-12-21 15:27:58.565 | Open SSPComPort (COM4) failed
2025-12-21 15:27:59.281 | Disable vorgemerkt (wird nach Handshake ausgeführt)
2025-12-21 15:27:59.292 | HardDisconnect init
2025-12-21 15:27:59.605 | Status: Getrennt
2025-12-21 15:27:59.617 | HardDisconnect done
2025-12-21 15:27:59.735 | Status: konfig deaktiviert
2025-12-21 15:30:40.823 | Open SSPComPort (COM4) failed
2025-12-21 15:30:40.823 | Status: Verbinde...
2025-12-21 15:30:40.839 | Thread gestartet
2025-12-21 15:30:40.834 | Status: Port nicht verfügbar
2025-12-21 15:30:41.917 | Open SSPComPort (COM4) failed
2025-12-21 15:30:42.950 | Open SSPComPort (COM4) failed
2025-12-21 15:30:43.993 | Open SSPComPort (COM4) failed
2025-12-21 15:30:45.024 | Open SSPComPort (COM4) failed
2025-12-21 15:30:46.050 | Open SSPComPort (COM4) failed
2025-12-21 15:30:47.078 | Open SSPComPort (COM4) failed
2025-12-21 15:30:47.686 | HardDisconnect init
2025-12-21 15:30:48.112 | Status: Getrennt
2025-12-21 15:30:48.124 | HardDisconnect done
2025-12-21 15:30:48.966 | Status: Verbinde...
2025-12-21 15:30:48.975 | Open SSPComPort (COM4) failed
2025-12-21 15:30:48.979 | Thread gestartet
2025-12-21 15:30:48.990 | Status: Port nicht verfügbar
2025-12-21 15:30:49.381 | Enable vorgemerkt (wird nach Handshake ausgeführt)
2025-12-21 15:30:49.815 | Enable vorgemerkt (wird nach Handshake ausgeführt)
2025-12-21 15:30:50.019 | Open SSPComPort (COM4) failed
2025-12-21 15:30:50.087 | Enable vorgemerkt (wird nach Handshake ausgeführt)
2025-12-21 15:30:50.093 | REQ Level 1 ct [plain]
2025-12-21 15:30:50.097 | REQ Level 2 ct [plain]
2025-12-21 15:30:50.106 | REQ Level 5 ct [plain]
2025-12-21 15:30:50.111 | REQ Level 10 ct [plain]
2025-12-21 15:30:50.118 | REQ Level 20 ct [plain]
2025-12-21 15:30:50.125 | REQ Level 50 ct [plain]
2025-12-21 15:30:50.133 | REQ Level 100 ct [plain]
2025-12-21 15:30:50.143 | REQ Level 200 ct [plain]
2025-12-21 15:30:51.050 | Open SSPComPort (COM4) failed
2025-12-21 15:30:52.080 | Open SSPComPort (COM4) failed
2025-12-21 15:30:53.113 | Open SSPComPort (COM4) failed
2025-12-21 15:30:53.748 | HardDisconnect init
2025-12-21 15:30:54.150 | Status: Getrennt
2025-12-21 15:30:54.164 | HardDisconnect done
2025-12-21 15:30:55.001 | Status: Verbinde...
2025-12-21 15:30:55.010 | Open SSPComPort (COM4) failed
2025-12-21 15:30:55.015 | Thread gestartet
2025-12-21 15:30:55.023 | Status: Port nicht verfügbar
2025-12-21 15:30:55.840 | Enable vorgemerkt (wird nach Handshake ausgeführt)
2025-12-21 15:30:56.060 | Open SSPComPort (COM4) failed
2025-12-21 15:30:57.087 | Open SSPComPort (COM4) failed
2025-12-21 15:30:58.113 | Open SSPComPort (COM4) failed
2025-12-21 15:30:59.248 | Open SSPComPort (COM4) failed
2025-12-21 15:30:59.761 | HardDisconnect init
2025-12-21 15:31:00.274 | Status: Getrennt
2025-12-21 15:31:00.283 | HardDisconnect done
2025-12-21 15:31:01.134 | Status: Verbinde...
2025-12-21 15:31:01.144 | Open SSPComPort (COM4) failed
2025-12-21 15:31:01.148 | Thread gestartet
2025-12-21 15:31:01.159 | Status: Port nicht verfügbar
2025-12-21 15:31:01.977 | Enable vorgemerkt (wird nach Handshake ausgeführt)
2025-12-21 15:31:02.199 | Open SSPComPort (COM4) failed
2025-12-21 15:31:03.229 | Open SSPComPort (COM4) failed
2025-12-21 15:31:04.242 | Open SSPComPort (COM4) failed
2025-12-21 15:31:05.273 | Open SSPComPort (COM4) failed
2025-12-21 15:31:05.787 | HardDisconnect init
2025-12-21 15:31:06.313 | Status: Getrennt
2025-12-21 15:31:06.323 | HardDisconnect done
2025-12-21 15:31:07.167 | Status: Verbinde...
2025-12-21 15:31:07.178 | Open SSPComPort (COM4) failed
2025-12-21 15:31:07.192 | Status: Port nicht verfügbar
2025-12-21 15:31:07.183 | Thread gestartet
2025-12-21 15:31:08.016 | Enable vorgemerkt (wird nach Handshake ausgeführt)
2025-12-21 15:31:08.220 | Open SSPComPort (COM4) failed
2025-12-21 15:31:09.254 | Open SSPComPort (COM4) failed
2025-12-21 15:31:10.280 | Open SSPComPort (COM4) failed
2025-12-21 15:31:11.309 | Open SSPComPort (COM4) failed
2025-12-21 15:31:11.807 | HardDisconnect init
2025-12-21 15:31:12.342 | Status: Getrennt
2025-12-21 15:31:12.354 | HardDisconnect done
2025-12-21 15:31:13.249 | HardDisconnect init
2025-12-21 15:31:13.260 | HardDisconnect done
2025-12-21 15:31:13.376 | Status: konfig deaktiviert
2025-12-21 15:31:30.045 | Open SSPComPort (COM4) failed
2025-12-21 15:31:30.045 | Status: Verbinde...
2025-12-21 15:31:30.057 | Thread gestartet
2025-12-21 15:31:30.053 | Status: Port nicht verfügbar
2025-12-21 15:31:31.076 | Open SSPComPort (COM4) failed
2025-12-21 15:31:32.165 | Open SSPComPort (COM4) failed
2025-12-21 15:31:33.060 | Enable vorgemerkt (wird nach Handshake ausgeführt)
2025-12-21 15:31:33.213 | Open SSPComPort (COM4) failed
2025-12-21 15:31:33.865 | Enable vorgemerkt (wird nach Handshake ausgeführt)
2025-12-21 15:31:33.875 | REQ Level 1 ct [plain]
2025-12-21 15:31:33.885 | REQ Level 2 ct [plain]
2025-12-21 15:31:33.896 | REQ Level 5 ct [plain]
2025-12-21 15:31:33.909 | REQ Level 10 ct [plain]
2025-12-21 15:31:33.920 | REQ Level 20 ct [plain]
2025-12-21 15:31:33.930 | REQ Level 50 ct [plain]
2025-12-21 15:31:33.941 | REQ Level 100 ct [plain]
2025-12-21 15:31:33.955 | REQ Level 200 ct [plain]
2025-12-21 15:31:34.291 | Open SSPComPort (COM4) failed
2025-12-21 15:31:35.322 | Open SSPComPort (COM4) failed
2025-12-21 15:31:36.354 | Open SSPComPort (COM4) failed
2025-12-21 15:31:36.899 | HardDisconnect init
2025-12-21 15:31:37.394 | Status: Getrennt
2025-12-21 15:31:37.412 | HardDisconnect done
2025-12-21 15:31:38.261 | Status: Verbinde...
2025-12-21 15:31:38.272 | Open SSPComPort (COM4) failed
2025-12-21 15:31:38.276 | Thread gestartet
2025-12-21 15:31:38.285 | Status: Port nicht verfügbar
2025-12-21 15:31:39.112 | Enable vorgemerkt (wird nach Handshake ausgeführt)
2025-12-21 15:31:39.315 | Open SSPComPort (COM4) failed
2025-12-21 15:31:40.345 | Open SSPComPort (COM4) failed
2025-12-21 15:31:41.368 | Open SSPComPort (COM4) failed
2025-12-21 15:31:42.392 | Open SSPComPort (COM4) failed
2025-12-21 15:31:42.953 | HardDisconnect init
2025-12-21 15:31:43.433 | Status: Getrennt
2025-12-21 15:31:43.446 | HardDisconnect done
2025-12-21 15:31:44.292 | Status: Verbinde...
2025-12-21 15:31:44.308 | Thread gestartet
2025-12-21 15:31:44.300 | Open SSPComPort (COM4) failed
2025-12-21 15:31:44.329 | Status: Port nicht verfügbar
2025-12-21 15:31:45.124 | Enable vorgemerkt (wird nach Handshake ausgeführt)
2025-12-21 15:31:45.358 | Open SSPComPort (COM4) failed
2025-12-21 15:31:46.394 | Open SSPComPort (COM4) failed
2025-12-21 15:31:47.424 | Open SSPComPort (COM4) failed
2025-12-21 15:31:48.447 | Open SSPComPort (COM4) failed
2025-12-21 15:31:48.972 | HardDisconnect init
2025-12-21 15:31:49.481 | Status: Getrennt
2025-12-21 15:31:49.491 | HardDisconnect done
2025-12-21 15:31:50.314 | Status: Verbinde...
2025-12-21 15:31:50.326 | Open SSPComPort (COM4) failed
2025-12-21 15:31:50.334 | Thread gestartet
2025-12-21 15:31:50.344 | Status: Port nicht verfügbar
2025-12-21 15:31:51.169 | Enable vorgemerkt (wird nach Handshake ausgeführt)
2025-12-21 15:31:51.374 | Open SSPComPort (COM4) failed
2025-12-21 15:31:52.392 | Open SSPComPort (COM4) failed
2025-12-21 15:31:53.424 | Open SSPComPort (COM4) failed
2025-12-21 15:31:54.452 | Open SSPComPort (COM4) failed
2025-12-21 15:31:54.997 | HardDisconnect init
2025-12-21 15:31:55.495 | Status: Getrennt
2025-12-21 15:31:55.509 | HardDisconnect done
2025-12-21 15:31:56.355 | Status: Verbinde...
2025-12-21 15:31:56.366 | Open SSPComPort (COM4) failed
2025-12-21 15:31:56.369 | Thread gestartet
2025-12-21 15:31:56.375 | Status: Port nicht verfügbar
2025-12-21 15:31:57.195 | Enable vorgemerkt (wird nach Handshake ausgeführt)
2025-12-21 15:31:57.414 | Open SSPComPort (COM4) failed
2025-12-21 15:31:58.438 | Open SSPComPort (COM4) failed
2025-12-21 15:31:59.468 | Open SSPComPort (COM4) failed
2025-12-21 15:32:00.502 | Open SSPComPort (COM4) failed
2025-12-21 15:32:01.013 | HardDisconnect init
2025-12-21 15:32:01.535 | Status: Getrennt
2025-12-21 15:32:01.554 | HardDisconnect done
2025-12-21 15:32:02.398 | Status: Verbinde...
2025-12-21 15:32:02.412 | Thread gestartet
2025-12-21 15:32:02.409 | Open SSPComPort (COM4) failed
2025-12-21 15:32:02.430 | Status: Port nicht verfügbar
2025-12-21 15:32:03.236 | Enable vorgemerkt (wird nach Handshake ausgeführt)
2025-12-21 15:32:03.455 | Open SSPComPort (COM4) failed
2025-12-21 15:32:04.490 | Open SSPComPort (COM4) failed
2025-12-21 15:32:05.513 | Open SSPComPort (COM4) failed
2025-12-21 15:32:06.541 | Open SSPComPort (COM4) failed
2025-12-21 15:32:07.035 | HardDisconnect init
2025-12-21 15:32:07.572 | Status: Getrennt
2025-12-21 15:32:07.584 | HardDisconnect done
2025-12-21 15:32:08.432 | Status: Verbinde...
2025-12-21 15:32:08.447 | Thread gestartet
2025-12-21 15:32:08.441 | Open SSPComPort (COM4) failed
2025-12-21 15:32:08.467 | Status: Port nicht verfügbar
2025-12-21 15:32:09.262 | Enable vorgemerkt (wird nach Handshake ausgeführt)
2025-12-21 15:32:09.480 | Open SSPComPort (COM4) failed
2025-12-21 15:32:10.511 | Open SSPComPort (COM4) failed
2025-12-21 15:32:11.533 | Open SSPComPort (COM4) failed
2025-12-21 15:32:12.560 | Open SSPComPort (COM4) failed
2025-12-21 15:32:13.043 | HardDisconnect init
2025-12-21 15:32:13.595 | Status: Getrennt
2025-12-21 15:32:13.609 | HardDisconnect done
2025-12-21 15:32:14.439 | Status: Verbinde...
2025-12-21 15:32:14.444 | Open SSPComPort (COM4) failed
2025-12-21 15:32:14.452 | Status: Port nicht verfügbar
2025-12-21 15:32:14.446 | Thread gestartet
2025-12-21 15:32:15.275 | Enable vorgemerkt (wird nach Handshake ausgeführt)
2025-12-21 15:32:15.478 | Open SSPComPort (COM4) failed
2025-12-21 15:32:16.506 | Open SSPComPort (COM4) failed
2025-12-21 15:32:17.523 | Open SSPComPort (COM4) failed
2025-12-21 15:32:17.919 | Disable vorgemerkt (wird nach Handshake ausgeführt)
2025-12-21 15:32:17.931 | HardDisconnect init
2025-12-21 15:32:18.559 | Status: Getrennt
2025-12-21 15:32:18.571 | HardDisconnect done
2025-12-21 15:32:18.689 | Status: konfig deaktiviert
2025-12-21 15:47:40.450 | Status: Verbinde...
2025-12-21 15:47:40.450 | Open SSPComPort (COM4) failed
2025-12-21 15:47:40.460 | Thread gestartet
2025-12-21 15:47:40.464 | Status: Port nicht verfügbar
2025-12-21 15:47:41.546 | Open SSPComPort (COM4) failed
2025-12-21 15:47:42.571 | Open SSPComPort (COM4) failed
2025-12-21 15:47:43.601 | Open SSPComPort (COM4) failed
2025-12-21 15:47:43.721 | Enable vorgemerkt (wird nach Handshake ausgeführt)
2025-12-21 15:47:44.150 | Enable vorgemerkt (wird nach Handshake ausgeführt)
2025-12-21 15:47:44.155 | REQ Level 1 ct [plain]
2025-12-21 15:47:44.159 | REQ Level 2 ct [plain]
2025-12-21 15:47:44.164 | REQ Level 5 ct [plain]
2025-12-21 15:47:44.169 | REQ Level 10 ct [plain]
2025-12-21 15:47:44.174 | REQ Level 20 ct [plain]
2025-12-21 15:47:44.178 | REQ Level 50 ct [plain]
2025-12-21 15:47:44.183 | REQ Level 100 ct [plain]
2025-12-21 15:47:44.187 | REQ Level 200 ct [plain]
2025-12-21 15:47:44.614 | Open SSPComPort (COM4) failed
2025-12-21 15:47:45.628 | Open SSPComPort (COM4) failed
2025-12-21 15:47:46.655 | Open SSPComPort (COM4) failed
2025-12-21 15:47:47.339 | HardDisconnect init
2025-12-21 15:47:47.670 | Status: Getrennt
2025-12-21 15:47:47.677 | HardDisconnect done
2025-12-21 15:47:48.512 | Status: Verbinde...
2025-12-21 15:47:48.517 | Open SSPComPort (COM4) failed
2025-12-21 15:47:48.523 | Status: Port nicht verfügbar
2025-12-21 15:47:48.519 | Thread gestartet
2025-12-21 15:47:49.340 | Enable vorgemerkt (wird nach Handshake ausgeführt)
2025-12-21 15:47:49.544 | Open SSPComPort (COM4) failed
2025-12-21 15:47:50.572 | Open SSPComPort (COM4) failed
2025-12-21 15:47:51.582 | Open SSPComPort (COM4) failed
2025-12-21 15:47:52.595 | Open SSPComPort (COM4) failed
2025-12-21 15:47:53.348 | HardDisconnect init
2025-12-21 15:47:53.618 | Status: Getrennt
2025-12-21 15:47:53.636 | HardDisconnect done
2025-12-21 15:47:54.474 | Status: Verbinde...
2025-12-21 15:47:54.479 | Open SSPComPort (COM4) failed
2025-12-21 15:47:54.481 | Thread gestartet
2025-12-21 15:47:54.489 | Status: Port nicht verfügbar
2025-12-21 15:47:55.311 | Enable vorgemerkt (wird nach Handshake ausgeführt)
2025-12-21 15:47:55.514 | Open SSPComPort (COM4) failed
2025-12-21 15:47:56.544 | Open SSPComPort (COM4) failed
2025-12-21 15:47:57.569 | Open SSPComPort (COM4) failed
2025-12-21 15:47:58.582 | Open SSPComPort (COM4) failed
2025-12-21 15:47:59.341 | HardDisconnect init
2025-12-21 15:47:59.593 | Status: Getrennt
2025-12-21 15:47:59.598 | HardDisconnect done
2025-12-21 15:48:00.422 | Status: Verbinde...
2025-12-21 15:48:00.429 | Thread gestartet
2025-12-21 15:48:00.428 | Open SSPComPort (COM4) failed
2025-12-21 15:48:00.441 | Status: Port nicht verfügbar
2025-12-21 15:48:01.245 | Enable vorgemerkt (wird nach Handshake ausgeführt)
2025-12-21 15:48:01.464 | Open SSPComPort (COM4) failed
2025-12-21 15:48:02.480 | Open SSPComPort (COM4) failed
2025-12-21 15:48:03.495 | Open SSPComPort (COM4) failed
2025-12-21 15:48:04.512 | Open SSPComPort (COM4) failed
2025-12-21 15:48:05.382 | HardDisconnect init
2025-12-21 15:48:05.536 | Status: Getrennt
2025-12-21 15:48:05.542 | HardDisconnect done
2025-12-21 15:48:06.303 | HardDisconnect init
2025-12-21 15:48:06.309 | HardDisconnect done
2025-12-21 15:48:06.427 | Status: konfig deaktiviert
2025-12-21 15:49:29.038 | Open SSPComPort (COM4) failed
2025-12-21 15:49:29.038 | Status: Verbinde...
2025-12-21 15:49:29.075 | Thread gestartet
2025-12-21 15:49:29.058 | Status: Port nicht verfügbar
2025-12-21 15:49:30.109 | Open SSPComPort (COM4) failed
2025-12-21 15:49:31.148 | Open SSPComPort (COM4) failed
2025-12-21 15:49:32.177 | Open SSPComPort (COM4) failed
2025-12-21 15:49:33.193 | Open SSPComPort (COM4) failed
2025-12-21 15:49:33.692 | Enable vorgemerkt (wird nach Handshake ausgeführt)
2025-12-21 15:49:34.206 | Open SSPComPort (COM4) failed
2025-12-21 15:49:34.278 | Enable vorgemerkt (wird nach Handshake ausgeführt)
2025-12-21 15:49:34.286 | REQ Level 1 ct [plain]
2025-12-21 15:49:34.292 | REQ Level 2 ct [plain]
2025-12-21 15:49:34.299 | REQ Level 5 ct [plain]
2025-12-21 15:49:34.305 | REQ Level 10 ct [plain]
2025-12-21 15:49:34.313 | REQ Level 20 ct [plain]
2025-12-21 15:49:34.320 | REQ Level 50 ct [plain]
2025-12-21 15:49:34.327 | REQ Level 100 ct [plain]
2025-12-21 15:49:34.333 | REQ Level 200 ct [plain]
2025-12-21 15:49:35.251 | Open SSPComPort (COM4) failed
2025-12-21 15:49:35.929 | HardDisconnect init
2025-12-21 15:49:36.279 | Status: Getrennt
2025-12-21 15:49:36.287 | HardDisconnect done
2025-12-21 15:49:37.110 | Status: Verbinde...
2025-12-21 15:49:37.120 | Thread gestartet
2025-12-21 15:49:37.118 | Open SSPComPort (COM4) failed
2025-12-21 15:49:37.133 | Status: Port nicht verfügbar
2025-12-21 15:49:37.935 | Enable vorgemerkt (wird nach Handshake ausgeführt)
2025-12-21 15:49:38.157 | Open SSPComPort (COM4) failed
2025-12-21 15:49:39.179 | Open SSPComPort (COM4) failed
2025-12-21 15:49:40.201 | Open SSPComPort (COM4) failed
2025-12-21 15:49:41.219 | Open SSPComPort (COM4) failed
2025-12-21 15:49:41.957 | HardDisconnect init
2025-12-21 15:49:42.245 | Status: Getrennt
2025-12-21 15:49:42.253 | HardDisconnect done
2025-12-21 15:49:43.078 | Status: Verbinde...
2025-12-21 15:49:43.084 | Open SSPComPort (COM4) failed
2025-12-21 15:49:43.095 | Status: Port nicht verfügbar
2025-12-21 15:49:43.088 | Thread gestartet
2025-12-21 15:49:43.916 | Enable vorgemerkt (wird nach Handshake ausgeführt)
2025-12-21 15:49:44.123 | Open SSPComPort (COM4) failed
2025-12-21 15:49:45.144 | Open SSPComPort (COM4) failed
2025-12-21 15:49:46.167 | Open SSPComPort (COM4) failed
2025-12-21 15:49:47.189 | Open SSPComPort (COM4) failed
2025-12-21 15:49:47.978 | HardDisconnect init
2025-12-21 15:49:48.221 | Status: Getrennt
2025-12-21 15:49:48.230 | HardDisconnect done
2025-12-21 15:49:49.064 | Status: Verbinde...
2025-12-21 15:49:49.072 | Open SSPComPort (COM4) failed
2025-12-21 15:49:49.084 | Status: Port nicht verfügbar
2025-12-21 15:49:49.075 | Thread gestartet
2025-12-21 15:49:49.913 | Enable vorgemerkt (wird nach Handshake ausgeführt)
2025-12-21 15:49:50.110 | Open SSPComPort (COM4) failed
2025-12-21 15:49:51.133 | Open SSPComPort (COM4) failed
2025-12-21 15:49:52.154 | Open SSPComPort (COM4) failed
2025-12-21 15:49:53.308 | Open SSPComPort (COM4) failed
2025-12-21 15:49:54.267 | HardDisconnect init
2025-12-21 15:49:54.513 | Status: Getrennt
2025-12-21 15:49:54.523 | HardDisconnect done
2025-12-21 15:49:55.484 | Status: Verbinde...
2025-12-21 15:49:55.494 | Open SSPComPort (COM4) failed
2025-12-21 15:49:55.496 | Thread gestartet
2025-12-21 15:49:55.506 | Status: Port nicht verfügbar
2025-12-21 15:49:56.463 | Enable vorgemerkt (wird nach Handshake ausgeführt)
2025-12-21 15:49:56.706 | Open SSPComPort (COM4) failed
2025-12-21 15:49:57.906 | Open SSPComPort (COM4) failed
2025-12-21 15:49:59.108 | Open SSPComPort (COM4) failed
2025-12-21 15:50:00.308 | Open SSPComPort (COM4) failed
2025-12-21 15:50:01.357 | HardDisconnect init
2025-12-21 15:50:01.513 | Status: Getrennt
2025-12-21 15:50:01.521 | HardDisconnect done
2025-12-21 15:50:02.483 | Status: Verbinde...
2025-12-21 15:50:02.495 | Thread gestartet
2025-12-21 15:50:02.490 | Open SSPComPort (COM4) failed
2025-12-21 15:50:02.507 | Status: Port nicht verfügbar
2025-12-21 15:50:03.454 | Enable vorgemerkt (wird nach Handshake ausgeführt)
2025-12-21 15:50:03.695 | Open SSPComPort (COM4) failed
2025-12-21 15:50:04.893 | Open SSPComPort (COM4) failed
2025-12-21 15:50:06.096 | Open SSPComPort (COM4) failed
2025-12-21 15:50:07.291 | Open SSPComPort (COM4) failed
2025-12-21 15:50:08.436 | HardDisconnect init
2025-12-21 15:50:08.496 | Status: Getrennt
2025-12-21 15:50:08.505 | HardDisconnect done
2025-12-21 15:50:09.473 | Status: Verbinde...
2025-12-21 15:50:09.484 | Thread gestartet
2025-12-21 15:50:09.483 | Open SSPComPort (COM4) failed
2025-12-21 15:50:09.500 | Status: Port nicht verfügbar
2025-12-21 15:50:10.461 | Enable vorgemerkt (wird nach Handshake ausgeführt)
2025-12-21 15:50:10.701 | Open SSPComPort (COM4) failed
2025-12-21 15:50:11.893 | Open SSPComPort (COM4) failed
2025-12-21 15:50:13.082 | Open SSPComPort (COM4) failed
2025-12-21 15:50:14.279 | Open SSPComPort (COM4) failed
2025-12-21 15:50:15.482 | Open SSPComPort (COM4) failed
2025-12-21 15:50:15.520 | HardDisconnect init
2025-12-21 15:50:16.688 | Status: Getrennt
2025-12-21 15:50:16.695 | HardDisconnect done
2025-12-21 15:50:17.666 | Status: Verbinde...
2025-12-21 15:50:17.676 | Thread gestartet
2025-12-21 15:50:17.673 | Open SSPComPort (COM4) failed
2025-12-21 15:50:17.689 | Status: Port nicht verfügbar
2025-12-21 15:50:18.635 | Enable vorgemerkt (wird nach Handshake ausgeführt)
2025-12-21 15:50:18.893 | Open SSPComPort (COM4) failed
2025-12-21 15:50:19.129 | Disable vorgemerkt (wird nach Handshake ausgeführt)
2025-12-21 15:50:19.133 | HardDisconnect init
2025-12-21 15:50:20.096 | Status: Getrennt
2025-12-21 15:50:20.103 | HardDisconnect done
2025-12-21 15:50:20.240 | Status: konfig deaktiviert
2025-12-21 16:18:13.248 | Open SSPComPort (COM4) failed
2025-12-21 16:18:13.248 | Status: Verbinde...
2025-12-21 16:18:13.257 | Status: Port nicht verfügbar
2025-12-21 16:18:13.262 | Thread gestartet
2025-12-21 16:18:14.288 | Open SSPComPort (COM4) failed
2025-12-21 16:18:15.379 | Open SSPComPort (COM4) failed
2025-12-21 16:18:16.411 | Open SSPComPort (COM4) failed
2025-12-21 16:18:16.826 | Enable vorgemerkt (wird nach Handshake ausgeführt)
2025-12-21 16:18:17.429 | Open SSPComPort (COM4) failed
2025-12-21 16:18:17.608 | Enable vorgemerkt (wird nach Handshake ausgeführt)
2025-12-21 16:18:17.618 | REQ Level 1 ct [plain]
2025-12-21 16:18:17.626 | REQ Level 2 ct [plain]
2025-12-21 16:18:17.634 | REQ Level 5 ct [plain]
2025-12-21 16:18:17.643 | REQ Level 10 ct [plain]
2025-12-21 16:18:17.654 | REQ Level 20 ct [plain]
2025-12-21 16:18:17.663 | REQ Level 50 ct [plain]
2025-12-21 16:18:17.671 | REQ Level 100 ct [plain]
2025-12-21 16:18:17.679 | REQ Level 200 ct [plain]
2025-12-21 16:18:18.454 | Open SSPComPort (COM4) failed
2025-12-21 16:18:19.479 | Open SSPComPort (COM4) failed
2025-12-21 16:18:20.119 | HardDisconnect init
2025-12-21 16:18:20.516 | Status: Getrennt
2025-12-21 16:18:20.528 | HardDisconnect done
2025-12-21 16:18:21.371 | Status: Verbinde...
2025-12-21 16:18:21.380 | Open SSPComPort (COM4) failed
2025-12-21 16:18:21.384 | Thread gestartet
2025-12-21 16:18:21.393 | Status: Port nicht verfügbar
2025-12-21 16:18:22.217 | Enable vorgemerkt (wird nach Handshake ausgeführt)
2025-12-21 16:18:22.421 | Open SSPComPort (COM4) failed
2025-12-21 16:18:23.443 | Open SSPComPort (COM4) failed
2025-12-21 16:18:24.474 | Open SSPComPort (COM4) failed
2025-12-21 16:18:25.506 | Open SSPComPort (COM4) failed
2025-12-21 16:18:26.141 | HardDisconnect init
2025-12-21 16:18:26.539 | Status: Getrennt
2025-12-21 16:18:26.552 | HardDisconnect done
2025-12-21 16:18:27.394 | Status: Verbinde...
2025-12-21 16:18:27.406 | Open SSPComPort (COM4) failed
2025-12-21 16:18:27.410 | Thread gestartet
2025-12-21 16:18:27.420 | Status: Port nicht verfügbar
2025-12-21 16:18:28.257 | Enable vorgemerkt (wird nach Handshake ausgeführt)
2025-12-21 16:18:28.456 | Open SSPComPort (COM4) failed
2025-12-21 16:18:29.482 | Open SSPComPort (COM4) failed
2025-12-21 16:18:30.506 | Open SSPComPort (COM4) failed
2025-12-21 16:18:31.534 | Open SSPComPort (COM4) failed
2025-12-21 16:18:32.159 | HardDisconnect init
2025-12-21 16:18:32.573 | Status: Getrennt
2025-12-21 16:18:32.586 | HardDisconnect done
2025-12-21 16:18:33.434 | Status: Verbinde...
2025-12-21 16:18:33.436 | Open SSPComPort (COM4) failed
2025-12-21 16:18:33.443 | Thread gestartet
2025-12-21 16:18:33.449 | Status: Port nicht verfügbar
2025-12-21 16:18:34.268 | Enable vorgemerkt (wird nach Handshake ausgeführt)
2025-12-21 16:18:34.473 | Open SSPComPort (COM4) failed
2025-12-21 16:18:35.521 | Open SSPComPort (COM4) failed
2025-12-21 16:18:36.551 | Open SSPComPort (COM4) failed
2025-12-21 16:18:37.576 | Open SSPComPort (COM4) failed
2025-12-21 16:18:38.167 | HardDisconnect init
2025-12-21 16:18:38.609 | Status: Getrennt
2025-12-21 16:18:38.621 | HardDisconnect done
2025-12-21 16:18:39.467 | Status: Verbinde...
2025-12-21 16:18:39.476 | Open SSPComPort (COM4) failed
2025-12-21 16:18:39.480 | Thread gestartet
2025-12-21 16:18:39.491 | Status: Port nicht verfügbar
2025-12-21 16:18:40.313 | Enable vorgemerkt (wird nach Handshake ausgeführt)
2025-12-21 16:18:40.534 | Open SSPComPort (COM4) failed
2025-12-21 16:18:41.565 | Open SSPComPort (COM4) failed
2025-12-21 16:18:42.592 | Open SSPComPort (COM4) failed
2025-12-21 16:18:43.619 | Open SSPComPort (COM4) failed
2025-12-21 16:18:44.179 | HardDisconnect init
2025-12-21 16:18:44.655 | Status: Getrennt
2025-12-21 16:18:44.667 | HardDisconnect done
2025-12-21 16:18:45.505 | Status: Verbinde...
2025-12-21 16:18:45.518 | Thread gestartet
2025-12-21 16:18:45.515 | Open SSPComPort (COM4) failed
2025-12-21 16:18:45.537 | Status: Port nicht verfügbar
2025-12-21 16:18:46.340 | Enable vorgemerkt (wird nach Handshake ausgeführt)
2025-12-21 16:18:46.560 | Open SSPComPort (COM4) failed
2025-12-21 16:18:47.586 | Open SSPComPort (COM4) failed
2025-12-21 16:18:48.613 | Open SSPComPort (COM4) failed
2025-12-21 16:18:49.643 | Open SSPComPort (COM4) failed
2025-12-21 16:18:50.203 | HardDisconnect init
2025-12-21 16:18:50.678 | Status: Getrennt
2025-12-21 16:18:50.687 | HardDisconnect done
2025-12-21 16:18:51.527 | Status: Verbinde...
2025-12-21 16:18:51.536 | Open SSPComPort (COM4) failed
2025-12-21 16:18:51.540 | Thread gestartet
2025-12-21 16:18:51.550 | Status: Port nicht verfügbar
2025-12-21 16:18:52.282 | Disable vorgemerkt (wird nach Handshake ausgeführt)
2025-12-21 16:18:52.291 | HardDisconnect init
2025-12-21 16:18:52.582 | Status: Getrennt
2025-12-21 16:18:52.593 | HardDisconnect done
2025-12-21 16:18:52.711 | Status: konfig deaktiviert
2025-12-21 16:21:50.077 | Status: Verbinde...
2025-12-21 16:21:50.085 | Thread gestartet
2025-12-21 16:21:50.077 | Open SSPComPort (COM4) failed
2025-12-21 16:21:50.097 | Status: Port nicht verfügbar
2025-12-21 16:21:50.908 | HardDisconnect init
2025-12-21 16:21:51.136 | Status: Getrennt
2025-12-21 16:21:51.153 | HardDisconnect done
2025-12-21 16:21:51.989 | Status: Verbinde...
2025-12-21 16:21:51.998 | Open SSPComPort (COM4) failed
2025-12-21 16:21:52.001 | Thread gestartet
2025-12-21 16:21:52.008 | Status: Port nicht verfügbar
2025-12-21 16:21:52.824 | Enable vorgemerkt (wird nach Handshake ausgeführt)
2025-12-21 16:21:53.026 | Open SSPComPort (COM4) failed
2025-12-21 16:21:53.303 | Enable vorgemerkt (wird nach Handshake ausgeführt)
2025-12-21 16:21:54.055 | Open SSPComPort (COM4) failed
2025-12-21 16:21:54.162 | Enable vorgemerkt (wird nach Handshake ausgeführt)
2025-12-21 16:21:54.168 | REQ Level 1 ct [plain]
2025-12-21 16:21:54.175 | REQ Level 2 ct [plain]
2025-12-21 16:21:54.181 | REQ Level 5 ct [plain]
2025-12-21 16:21:54.188 | REQ Level 10 ct [plain]
2025-12-21 16:21:54.193 | REQ Level 20 ct [plain]
2025-12-21 16:21:54.199 | REQ Level 50 ct [plain]
2025-12-21 16:21:54.204 | REQ Level 100 ct [plain]
2025-12-21 16:21:54.213 | REQ Level 200 ct [plain]
2025-12-21 16:21:55.069 | Open SSPComPort (COM4) failed
2025-12-21 16:21:56.095 | Open SSPComPort (COM4) failed
2025-12-21 16:21:56.927 | HardDisconnect init
2025-12-21 16:21:57.138 | Status: Getrennt
2025-12-21 16:21:57.149 | HardDisconnect done
2025-12-21 16:21:57.979 | Status: Verbinde...
2025-12-21 16:21:57.985 | Thread gestartet
2025-12-21 16:21:57.983 | Open SSPComPort (COM4) failed
2025-12-21 16:21:57.994 | Status: Port nicht verfügbar
2025-12-21 16:21:58.799 | Enable vorgemerkt (wird nach Handshake ausgeführt)
2025-12-21 16:21:59.017 | Open SSPComPort (COM4) failed
2025-12-21 16:22:00.041 | Open SSPComPort (COM4) failed
2025-12-21 16:22:01.070 | Open SSPComPort (COM4) failed
2025-12-21 16:22:02.095 | Open SSPComPort (COM4) failed
2025-12-21 16:22:02.946 | HardDisconnect init
2025-12-21 16:22:03.130 | Status: Getrennt
2025-12-21 16:22:03.142 | HardDisconnect done
2025-12-21 16:22:03.983 | Status: Verbinde...
2025-12-21 16:22:03.992 | Open SSPComPort (COM4) failed
2025-12-21 16:22:03.996 | Thread gestartet
2025-12-21 16:22:04.006 | Status: Port nicht verfügbar
2025-12-21 16:22:04.830 | Enable vorgemerkt (wird nach Handshake ausgeführt)
2025-12-21 16:22:05.048 | Open SSPComPort (COM4) failed
2025-12-21 16:22:06.070 | Open SSPComPort (COM4) failed
2025-12-21 16:22:07.092 | Open SSPComPort (COM4) failed
2025-12-21 16:22:08.123 | Open SSPComPort (COM4) failed
2025-12-21 16:22:08.973 | HardDisconnect init
2025-12-21 16:22:09.156 | Status: Getrennt
2025-12-21 16:22:09.167 | HardDisconnect done
2025-12-21 16:22:10.010 | Status: Verbinde...
2025-12-21 16:22:10.019 | Open SSPComPort (COM4) failed
2025-12-21 16:22:10.023 | Thread gestartet
2025-12-21 16:22:10.033 | Status: Port nicht verfügbar
2025-12-21 16:22:10.857 | Enable vorgemerkt (wird nach Handshake ausgeführt)
2025-12-21 16:22:11.076 | Open SSPComPort (COM4) failed
2025-12-21 16:22:12.105 | Open SSPComPort (COM4) failed
2025-12-21 16:22:13.122 | Open SSPComPort (COM4) failed
2025-12-21 16:22:14.154 | Open SSPComPort (COM4) failed
2025-12-21 16:22:15.009 | HardDisconnect init
2025-12-21 16:22:15.189 | Status: Getrennt
2025-12-21 16:22:15.202 | HardDisconnect done
2025-12-21 16:22:16.041 | Status: Verbinde...
2025-12-21 16:22:16.051 | Open SSPComPort (COM4) failed
2025-12-21 16:22:16.054 | Thread gestartet
2025-12-21 16:22:16.065 | Status: Port nicht verfügbar
2025-12-21 16:22:16.885 | Enable vorgemerkt (wird nach Handshake ausgeführt)
2025-12-21 16:22:17.103 | Open SSPComPort (COM4) failed
2025-12-21 16:22:18.121 | Open SSPComPort (COM4) failed
2025-12-21 16:22:19.147 | Open SSPComPort (COM4) failed
2025-12-21 16:22:20.165 | Open SSPComPort (COM4) failed
2025-12-21 16:22:21.020 | HardDisconnect init
2025-12-21 16:22:21.202 | Status: Getrennt
2025-12-21 16:22:21.214 | HardDisconnect done
2025-12-21 16:22:22.045 | Status: Verbinde...
2025-12-21 16:22:22.056 | Open SSPComPort (COM4) failed
2025-12-21 16:22:22.060 | Thread gestartet
2025-12-21 16:22:22.072 | Status: Port nicht verfügbar
2025-12-21 16:22:22.912 | Enable vorgemerkt (wird nach Handshake ausgeführt)
2025-12-21 16:22:23.119 | Open SSPComPort (COM4) failed
2025-12-21 16:22:24.143 | Open SSPComPort (COM4) failed
2025-12-21 16:22:25.175 | Open SSPComPort (COM4) failed
2025-12-21 16:22:26.204 | Open SSPComPort (COM4) failed
2025-12-21 16:22:27.036 | HardDisconnect init
2025-12-21 16:22:27.248 | Status: Getrennt
2025-12-21 16:22:27.260 | HardDisconnect done
2025-12-21 16:22:27.668 | HardDisconnect init
2025-12-21 16:22:27.680 | HardDisconnect done
2025-12-21 16:22:27.799 | Status: konfig deaktiviert
2025-12-21 16:22:43.052 | Status: Verbinde...
2025-12-21 16:22:43.052 | Open SSPComPort (COM4) failed
2025-12-21 16:22:43.066 | Status: Port nicht verfügbar
2025-12-21 16:22:43.058 | Thread gestartet
2025-12-21 16:22:44.081 | Open SSPComPort (COM4) failed
2025-12-21 16:22:45.110 | Open SSPComPort (COM4) failed
2025-12-21 16:22:46.134 | Open SSPComPort (COM4) failed
2025-12-21 16:22:47.158 | Open SSPComPort (COM4) failed
2025-12-21 16:22:48.186 | Open SSPComPort (COM4) failed
2025-12-21 16:22:49.208 | Open SSPComPort (COM4) failed
2025-12-21 16:22:49.920 | HardDisconnect init
2025-12-21 16:22:50.237 | Status: Getrennt
2025-12-21 16:22:50.250 | HardDisconnect done
2025-12-21 16:22:51.092 | Status: Verbinde...
2025-12-21 16:22:51.102 | Open SSPComPort (COM4) failed
2025-12-21 16:22:51.105 | Thread gestartet
2025-12-21 16:22:51.115 | Status: Port nicht verfügbar
2025-12-21 16:22:51.942 | Enable vorgemerkt (wird nach Handshake ausgeführt)
2025-12-21 16:22:52.145 | Open SSPComPort (COM4) failed
2025-12-21 16:22:53.064 | Enable vorgemerkt (wird nach Handshake ausgeführt)
2025-12-21 16:22:53.197 | Open SSPComPort (COM4) failed
2025-12-21 16:22:53.851 | Enable vorgemerkt (wird nach Handshake ausgeführt)
2025-12-21 16:22:53.859 | REQ Level 1 ct [plain]
2025-12-21 16:22:53.865 | REQ Level 2 ct [plain]
2025-12-21 16:22:53.871 | REQ Level 5 ct [plain]
2025-12-21 16:22:53.877 | REQ Level 10 ct [plain]
2025-12-21 16:22:53.883 | REQ Level 20 ct [plain]
2025-12-21 16:22:53.889 | REQ Level 50 ct [plain]
2025-12-21 16:22:53.895 | REQ Level 100 ct [plain]
2025-12-21 16:22:53.900 | REQ Level 200 ct [plain]
2025-12-21 16:22:54.261 | Open SSPComPort (COM4) failed
2025-12-21 16:22:55.277 | Open SSPComPort (COM4) failed
2025-12-21 16:22:55.945 | HardDisconnect init
2025-12-21 16:22:56.314 | Status: Getrennt
2025-12-21 16:22:56.327 | HardDisconnect done
2025-12-21 16:22:57.159 | Status: Verbinde...
2025-12-21 16:22:57.170 | Open SSPComPort (COM4) failed
2025-12-21 16:22:57.174 | Thread gestartet
2025-12-21 16:22:57.186 | Status: Port nicht verfügbar
2025-12-21 16:22:58.004 | Enable vorgemerkt (wird nach Handshake ausgeführt)
2025-12-21 16:22:58.227 | Open SSPComPort (COM4) failed
2025-12-21 16:22:59.255 | Open SSPComPort (COM4) failed
2025-12-21 16:23:00.278 | Open SSPComPort (COM4) failed
2025-12-21 16:23:01.307 | Open SSPComPort (COM4) failed
2025-12-21 16:23:01.974 | HardDisconnect init
2025-12-21 16:23:02.469 | Status: Getrennt
2025-12-21 16:23:02.483 | HardDisconnect done
2025-12-21 16:23:03.327 | Status: Verbinde...
2025-12-21 16:23:03.338 | Thread gestartet
2025-12-21 16:23:03.335 | Open SSPComPort (COM4) failed
2025-12-21 16:23:03.358 | Status: Port nicht verfügbar
2025-12-21 16:23:04.161 | Enable vorgemerkt (wird nach Handshake ausgeführt)
2025-12-21 16:23:04.379 | Open SSPComPort (COM4) failed
2025-12-21 16:23:05.411 | Open SSPComPort (COM4) failed
2025-12-21 16:23:06.440 | Open SSPComPort (COM4) failed
2025-12-21 16:23:07.478 | Open SSPComPort (COM4) failed
2025-12-21 16:23:07.988 | HardDisconnect init
2025-12-21 16:23:08.514 | Status: Getrennt
2025-12-21 16:23:08.527 | HardDisconnect done
2025-12-21 16:23:09.373 | Status: Verbinde...
2025-12-21 16:23:09.382 | Open SSPComPort (COM4) failed
2025-12-21 16:23:09.386 | Thread gestartet
2025-12-21 16:23:09.398 | Status: Port nicht verfügbar
2025-12-21 16:23:10.222 | Enable vorgemerkt (wird nach Handshake ausgeführt)
2025-12-21 16:23:10.442 | Open SSPComPort (COM4) failed
2025-12-21 16:23:11.470 | Open SSPComPort (COM4) failed
2025-12-21 16:23:11.757 | Disable vorgemerkt (wird nach Handshake ausgeführt)
2025-12-21 16:23:11.767 | HardDisconnect init
2025-12-21 16:23:12.504 | Status: Getrennt
2025-12-21 16:23:12.515 | HardDisconnect done
2025-12-21 16:23:12.635 | Status: konfig deaktiviert
2025-12-21 16:25:06.906 | Status: Verbinde...
2025-12-21 16:25:06.906 | Open SSPComPort (COM4) failed
2025-12-21 16:25:06.912 | Thread gestartet
2025-12-21 16:25:06.916 | Status: Port nicht verfügbar
2025-12-21 16:25:07.939 | Open SSPComPort (COM4) failed
2025-12-21 16:25:08.983 | Open SSPComPort (COM4) failed
2025-12-21 16:25:10.012 | Open SSPComPort (COM4) failed
2025-12-21 16:25:11.036 | Open SSPComPort (COM4) failed
2025-12-21 16:25:12.055 | Open SSPComPort (COM4) failed
2025-12-21 16:25:13.084 | Open SSPComPort (COM4) failed
2025-12-21 16:25:13.754 | HardDisconnect init
2025-12-21 16:25:14.118 | Status: Getrennt
2025-12-21 16:25:14.130 | HardDisconnect done
2025-12-21 16:25:14.972 | Status: Verbinde...
2025-12-21 16:25:14.980 | Open SSPComPort (COM4) failed
2025-12-21 16:25:14.994 | Status: Port nicht verfügbar
2025-12-21 16:25:14.984 | Thread gestartet
2025-12-21 16:25:15.820 | Enable vorgemerkt (wird nach Handshake ausgeführt)
2025-12-21 16:25:16.022 | Open SSPComPort (COM4) failed
2025-12-21 16:25:17.055 | Open SSPComPort (COM4) failed
2025-12-21 16:25:18.083 | Open SSPComPort (COM4) failed
2025-12-21 16:25:19.116 | Open SSPComPort (COM4) failed
2025-12-21 16:25:19.773 | HardDisconnect init
2025-12-21 16:25:20.154 | Status: Getrennt
2025-12-21 16:25:20.170 | HardDisconnect done
2025-12-21 16:25:21.012 | Status: Verbinde...
2025-12-21 16:25:21.020 | Open SSPComPort (COM4) failed
2025-12-21 16:25:21.024 | Thread gestartet
2025-12-21 16:25:21.035 | Status: Port nicht verfügbar
2025-12-21 16:25:21.875 | Enable vorgemerkt (wird nach Handshake ausgeführt)
2025-12-21 16:25:22.093 | Open SSPComPort (COM4) failed
2025-12-21 16:25:23.123 | Open SSPComPort (COM4) failed
2025-12-21 16:25:24.152 | Open SSPComPort (COM4) failed
2025-12-21 16:25:25.176 | Open SSPComPort (COM4) failed
2025-12-21 16:25:25.786 | HardDisconnect init
2025-12-21 16:25:26.213 | Status: Getrennt
2025-12-21 16:25:26.225 | HardDisconnect done
2025-12-21 16:25:27.062 | Status: Verbinde...
2025-12-21 16:25:27.071 | Open SSPComPort (COM4) failed
2025-12-21 16:25:27.075 | Thread gestartet
2025-12-21 16:25:27.085 | Status: Port nicht verfügbar
2025-12-21 16:25:27.907 | Enable vorgemerkt (wird nach Handshake ausgeführt)
2025-12-21 16:25:28.127 | Open SSPComPort (COM4) failed
2025-12-21 16:25:29.173 | Open SSPComPort (COM4) failed
2025-12-21 16:25:30.195 | Open SSPComPort (COM4) failed
2025-12-21 16:25:31.223 | Open SSPComPort (COM4) failed
2025-12-21 16:25:31.802 | HardDisconnect init
2025-12-21 16:25:32.260 | Status: Getrennt
2025-12-21 16:25:32.271 | HardDisconnect done
2025-12-21 16:25:33.122 | Status: Verbinde...
2025-12-21 16:25:33.131 | Open SSPComPort (COM4) failed
2025-12-21 16:25:33.134 | Thread gestartet
2025-12-21 16:25:33.144 | Status: Port nicht verfügbar
2025-12-21 16:25:33.963 | Enable vorgemerkt (wird nach Handshake ausgeführt)
2025-12-21 16:25:34.175 | Open SSPComPort (COM4) failed
2025-12-21 16:25:35.209 | Open SSPComPort (COM4) failed
2025-12-21 16:25:36.231 | Open SSPComPort (COM4) failed
2025-12-21 16:25:37.259 | Open SSPComPort (COM4) failed
2025-12-21 16:25:37.831 | HardDisconnect init
2025-12-21 16:25:38.281 | Status: Getrennt
2025-12-21 16:25:38.293 | HardDisconnect done
2025-12-21 16:25:39.118 | Status: Verbinde...
2025-12-21 16:25:39.124 | Open SSPComPort (COM4) failed
2025-12-21 16:25:39.131 | Thread gestartet
2025-12-21 16:25:39.138 | Status: Port nicht verfügbar
2025-12-21 16:25:39.961 | Enable vorgemerkt (wird nach Handshake ausgeführt)
2025-12-21 16:25:40.165 | Open SSPComPort (COM4) failed
2025-12-21 16:25:40.848 | Enable vorgemerkt (wird nach Handshake ausgeführt)
2025-12-21 16:25:41.192 | Open SSPComPort (COM4) failed
2025-12-21 16:25:41.693 | Enable vorgemerkt (wird nach Handshake ausgeführt)
2025-12-21 16:25:41.700 | REQ Level 1 ct [plain]
2025-12-21 16:25:41.706 | REQ Level 2 ct [plain]
2025-12-21 16:25:41.712 | REQ Level 5 ct [plain]
2025-12-21 16:25:41.719 | REQ Level 10 ct [plain]
2025-12-21 16:25:41.727 | REQ Level 20 ct [plain]
2025-12-21 16:25:41.734 | REQ Level 50 ct [plain]
2025-12-21 16:25:41.740 | REQ Level 100 ct [plain]
2025-12-21 16:25:41.747 | REQ Level 200 ct [plain]
2025-12-21 16:25:42.208 | Open SSPComPort (COM4) failed
2025-12-21 16:25:43.237 | Open SSPComPort (COM4) failed
2025-12-21 16:25:43.845 | HardDisconnect init
2025-12-21 16:25:44.272 | Status: Getrennt
2025-12-21 16:25:44.283 | HardDisconnect done
2025-12-21 16:25:45.124 | Status: Verbinde...
2025-12-21 16:25:45.134 | Open SSPComPort (COM4) failed
2025-12-21 16:25:45.138 | Thread gestartet
2025-12-21 16:25:45.148 | Status: Port nicht verfügbar
2025-12-21 16:25:45.969 | Enable vorgemerkt (wird nach Handshake ausgeführt)
2025-12-21 16:25:46.191 | Open SSPComPort (COM4) failed
2025-12-21 16:25:47.220 | Open SSPComPort (COM4) failed
2025-12-21 16:25:48.244 | Open SSPComPort (COM4) failed
2025-12-21 16:25:49.274 | Open SSPComPort (COM4) failed
2025-12-21 16:25:49.878 | HardDisconnect init
2025-12-21 16:25:50.308 | Status: Getrennt
2025-12-21 16:25:50.320 | HardDisconnect done
2025-12-21 16:25:51.156 | Status: Verbinde...
2025-12-21 16:25:51.164 | Thread gestartet
2025-12-21 16:25:51.162 | Open SSPComPort (COM4) failed
2025-12-21 16:25:51.180 | Status: Port nicht verfügbar
2025-12-21 16:25:51.979 | Enable vorgemerkt (wird nach Handshake ausgeführt)
2025-12-21 16:25:52.201 | Open SSPComPort (COM4) failed
2025-12-21 16:25:53.226 | Open SSPComPort (COM4) failed
2025-12-21 16:25:54.253 | Open SSPComPort (COM4) failed
2025-12-21 16:25:55.368 | Disable vorgemerkt (wird nach Handshake ausgeführt)
2025-12-21 16:25:55.370 | Open SSPComPort (COM4) failed
2025-12-21 16:25:55.377 | HardDisconnect init
2025-12-21 16:25:56.416 | Status: Getrennt
2025-12-21 16:25:56.428 | HardDisconnect done
2025-12-21 16:25:56.548 | Status: konfig deaktiviert
2025-12-21 16:26:10.776 | Status: Verbinde...
2025-12-21 16:26:10.776 | Open SSPComPort (COM4) failed
2025-12-21 16:26:10.783 | Thread gestartet
2025-12-21 16:26:10.789 | Status: Port nicht verfügbar
2025-12-21 16:26:11.821 | Open SSPComPort (COM4) failed
2025-12-21 16:26:12.859 | Open SSPComPort (COM4) failed
2025-12-21 16:26:13.876 | Open SSPComPort (COM4) failed
2025-12-21 16:26:14.904 | Open SSPComPort (COM4) failed
2025-12-21 16:26:15.933 | Open SSPComPort (COM4) failed
2025-12-21 16:26:16.955 | Open SSPComPort (COM4) failed
2025-12-21 16:26:17.656 | HardDisconnect init
2025-12-21 16:26:17.983 | Status: Getrennt
2025-12-21 16:26:17.991 | HardDisconnect done
2025-12-21 16:26:18.826 | Status: Verbinde...
2025-12-21 16:26:18.834 | Open SSPComPort (COM4) failed
2025-12-21 16:26:18.838 | Thread gestartet
2025-12-21 16:26:18.849 | Status: Port nicht verfügbar
2025-12-21 16:26:19.661 | Enable vorgemerkt (wird nach Handshake ausgeführt)
2025-12-21 16:26:19.671 | Enable vorgemerkt (wird nach Handshake ausgeführt)
2025-12-21 16:26:19.887 | Open SSPComPort (COM4) failed
2025-12-21 16:26:20.525 | Enable vorgemerkt (wird nach Handshake ausgeführt)
2025-12-21 16:26:20.531 | REQ Level 1 ct [plain]
2025-12-21 16:26:20.538 | REQ Level 2 ct [plain]
2025-12-21 16:26:20.544 | REQ Level 5 ct [plain]
2025-12-21 16:26:20.550 | REQ Level 10 ct [plain]
2025-12-21 16:26:20.556 | REQ Level 20 ct [plain]
2025-12-21 16:26:20.561 | REQ Level 50 ct [plain]
2025-12-21 16:26:20.566 | REQ Level 100 ct [plain]
2025-12-21 16:26:20.572 | REQ Level 200 ct [plain]
2025-12-21 16:26:20.907 | Open SSPComPort (COM4) failed
2025-12-21 16:26:21.921 | Open SSPComPort (COM4) failed
2025-12-21 16:26:22.950 | Open SSPComPort (COM4) failed
2025-12-21 16:26:23.669 | HardDisconnect init
2025-12-21 16:26:23.990 | Status: Getrennt
2025-12-21 16:26:24.001 | HardDisconnect done
2025-12-21 16:26:24.840 | Status: Verbinde...
2025-12-21 16:26:24.852 | Open SSPComPort (COM4) failed
2025-12-21 16:26:24.856 | Thread gestartet
2025-12-21 16:26:24.867 | Status: Port nicht verfügbar
2025-12-21 16:26:25.687 | Enable vorgemerkt (wird nach Handshake ausgeführt)
2025-12-21 16:26:25.906 | Open SSPComPort (COM4) failed
2025-12-21 16:26:26.937 | Open SSPComPort (COM4) failed
2025-12-21 16:26:27.965 | Open SSPComPort (COM4) failed
2025-12-21 16:26:28.994 | Open SSPComPort (COM4) failed
2025-12-21 16:26:29.677 | HardDisconnect init
2025-12-21 16:26:30.031 | Status: Getrennt
2025-12-21 16:26:30.042 | HardDisconnect done
2025-12-21 16:26:30.883 | Status: Verbinde...
2025-12-21 16:26:30.892 | Open SSPComPort (COM4) failed
2025-12-21 16:26:30.896 | Thread gestartet
2025-12-21 16:26:30.907 | Status: Port nicht verfügbar
2025-12-21 16:26:31.727 | Enable vorgemerkt (wird nach Handshake ausgeführt)
2025-12-21 16:26:31.944 | Open SSPComPort (COM4) failed
2025-12-21 16:26:32.976 | Open SSPComPort (COM4) failed
2025-12-21 16:26:33.998 | Open SSPComPort (COM4) failed
2025-12-21 16:26:35.031 | Open SSPComPort (COM4) failed
2025-12-21 16:26:35.711 | HardDisconnect init
2025-12-21 16:26:36.061 | Status: Getrennt
2025-12-21 16:26:36.073 | HardDisconnect done
2025-12-21 16:26:36.912 | Status: Verbinde...
2025-12-21 16:26:36.922 | Open SSPComPort (COM4) failed
2025-12-21 16:26:36.925 | Thread gestartet
2025-12-21 16:26:36.937 | Status: Port nicht verfügbar
2025-12-21 16:26:37.760 | Enable vorgemerkt (wird nach Handshake ausgeführt)
2025-12-21 16:26:37.981 | Open SSPComPort (COM4) failed
2025-12-21 16:26:39.014 | Open SSPComPort (COM4) failed
2025-12-21 16:26:40.042 | Open SSPComPort (COM4) failed
2025-12-21 16:26:41.061 | Open SSPComPort (COM4) failed
2025-12-21 16:26:41.775 | Disable vorgemerkt (wird nach Handshake ausgeführt)
2025-12-21 16:26:41.787 | HardDisconnect init
2025-12-21 16:26:42.100 | Status: Getrennt
2025-12-21 16:26:42.111 | HardDisconnect done
2025-12-21 16:26:42.231 | Status: konfig deaktiviert
2025-12-21 16:30:39.299 | Open SSPComPort (COM4) failed
2025-12-21 16:30:39.300 | Status: Verbinde...
2025-12-21 16:30:39.309 | Status: Port nicht verfügbar
2025-12-21 16:30:39.313 | Thread gestartet
2025-12-21 16:30:40.330 | Open SSPComPort (COM4) failed
2025-12-21 16:30:41.361 | Open SSPComPort (COM4) failed
2025-12-21 16:30:42.394 | Open SSPComPort (COM4) failed
2025-12-21 16:30:43.417 | Open SSPComPort (COM4) failed
2025-12-21 16:30:44.305 | Enable vorgemerkt (wird nach Handshake ausgeführt)
2025-12-21 16:30:44.441 | Open SSPComPort (COM4) failed
2025-12-21 16:30:44.957 | Enable vorgemerkt (wird nach Handshake ausgeführt)
2025-12-21 16:30:44.965 | REQ Level 1 ct [plain]
2025-12-21 16:30:44.973 | REQ Level 2 ct [plain]
2025-12-21 16:30:44.980 | REQ Level 5 ct [plain]
2025-12-21 16:30:44.987 | REQ Level 10 ct [plain]
2025-12-21 16:30:44.994 | REQ Level 20 ct [plain]
2025-12-21 16:30:45.000 | REQ Level 50 ct [plain]
2025-12-21 16:30:45.008 | REQ Level 100 ct [plain]
2025-12-21 16:30:45.014 | REQ Level 200 ct [plain]
2025-12-21 16:30:45.464 | Open SSPComPort (COM4) failed
2025-12-21 16:30:46.163 | HardDisconnect init
2025-12-21 16:30:46.498 | Status: Getrennt
2025-12-21 16:30:46.510 | HardDisconnect done
2025-12-21 16:30:47.355 | Status: Verbinde...
2025-12-21 16:30:47.366 | Open SSPComPort (COM4) failed
2025-12-21 16:30:47.370 | Thread gestartet
2025-12-21 16:30:47.380 | Status: Port nicht verfügbar
2025-12-21 16:30:48.203 | Enable vorgemerkt (wird nach Handshake ausgeführt)
2025-12-21 16:30:48.420 | Open SSPComPort (COM4) failed
2025-12-21 16:30:49.453 | Open SSPComPort (COM4) failed
2025-12-21 16:30:50.480 | Open SSPComPort (COM4) failed
2025-12-21 16:30:51.511 | Open SSPComPort (COM4) failed
2025-12-21 16:30:52.188 | HardDisconnect init
2025-12-21 16:30:52.548 | Status: Getrennt
2025-12-21 16:30:52.557 | HardDisconnect done
2025-12-21 16:30:53.408 | Status: Verbinde...
2025-12-21 16:30:53.411 | Open SSPComPort (COM4) failed
2025-12-21 16:30:53.422 | Thread gestartet
2025-12-21 16:30:53.432 | Status: Port nicht verfügbar
2025-12-21 16:30:54.247 | Enable vorgemerkt (wird nach Handshake ausgeführt)
2025-12-21 16:30:54.469 | Open SSPComPort (COM4) failed
2025-12-21 16:30:55.497 | Open SSPComPort (COM4) failed
2025-12-21 16:30:56.529 | Open SSPComPort (COM4) failed
2025-12-21 16:30:57.560 | Open SSPComPort (COM4) failed
2025-12-21 16:30:58.201 | HardDisconnect init
2025-12-21 16:30:58.599 | Status: Getrennt
2025-12-21 16:30:58.611 | HardDisconnect done
2025-12-21 16:30:59.456 | Status: Verbinde...
2025-12-21 16:30:59.466 | Open SSPComPort (COM4) failed
2025-12-21 16:30:59.469 | Thread gestartet
2025-12-21 16:30:59.479 | Status: Port nicht verfügbar
2025-12-21 16:31:00.304 | Enable vorgemerkt (wird nach Handshake ausgeführt)
2025-12-21 16:31:00.525 | Open SSPComPort (COM4) failed
2025-12-21 16:31:01.577 | Open SSPComPort (COM4) failed
2025-12-21 16:31:02.602 | Open SSPComPort (COM4) failed
2025-12-21 16:31:03.631 | Open SSPComPort (COM4) failed
2025-12-21 16:31:04.223 | HardDisconnect init
2025-12-21 16:31:04.668 | Status: Getrennt
2025-12-21 16:31:04.678 | HardDisconnect done
2025-12-21 16:31:05.350 | HardDisconnect init
2025-12-21 16:31:05.360 | HardDisconnect done
2025-12-21 16:31:05.471 | Status: konfig deaktiviert
2025-12-21 16:42:26.947 | Status: Verbinde...
2025-12-21 16:42:26.947 | Open SSPComPort (COM4) failed
2025-12-21 16:42:26.962 | Thread gestartet
2025-12-21 16:42:26.965 | Status: Port nicht verfügbar
2025-12-21 16:42:27.999 | Open SSPComPort (COM4) failed
2025-12-21 16:42:29.041 | Open SSPComPort (COM4) failed
2025-12-21 16:42:30.062 | Open SSPComPort (COM4) failed
2025-12-21 16:42:30.505 | Enable vorgemerkt (wird nach Handshake ausgeführt)
2025-12-21 16:42:31.091 | Open SSPComPort (COM4) failed
2025-12-21 16:42:31.334 | Enable vorgemerkt (wird nach Handshake ausgeführt)
2025-12-21 16:42:31.345 | REQ Level 1 ct [plain]
2025-12-21 16:42:31.354 | REQ Level 2 ct [plain]
2025-12-21 16:42:31.365 | REQ Level 5 ct [plain]
2025-12-21 16:42:31.373 | REQ Level 10 ct [plain]
2025-12-21 16:42:31.383 | REQ Level 20 ct [plain]
2025-12-21 16:42:31.393 | REQ Level 50 ct [plain]
2025-12-21 16:42:31.403 | REQ Level 100 ct [plain]
2025-12-21 16:42:31.413 | REQ Level 200 ct [plain]
2025-12-21 16:42:32.109 | Open SSPComPort (COM4) failed
2025-12-21 16:42:33.140 | Open SSPComPort (COM4) failed
2025-12-21 16:42:33.842 | HardDisconnect init
2025-12-21 16:42:34.175 | Status: Getrennt
2025-12-21 16:42:34.199 | HardDisconnect done
2025-12-21 16:42:35.039 | Status: Verbinde...
2025-12-21 16:42:35.051 | Open SSPComPort (COM4) failed
2025-12-21 16:42:35.054 | Thread gestartet
2025-12-21 16:42:35.065 | Status: Port nicht verfügbar
2025-12-21 16:42:35.878 | Enable vorgemerkt (wird nach Handshake ausgeführt)
2025-12-21 16:42:36.099 | Open SSPComPort (COM4) failed
2025-12-21 16:42:37.133 | Open SSPComPort (COM4) failed
2025-12-21 16:42:38.149 | Open SSPComPort (COM4) failed
2025-12-21 16:42:39.181 | Open SSPComPort (COM4) failed
2025-12-21 16:42:39.834 | HardDisconnect init
2025-12-21 16:42:40.215 | Status: Getrennt
2025-12-21 16:42:40.224 | HardDisconnect done
2025-12-21 16:42:41.054 | Status: Verbinde...
2025-12-21 16:42:41.063 | Open SSPComPort (COM4) failed
2025-12-21 16:42:41.066 | Thread gestartet
2025-12-21 16:42:41.077 | Status: Port nicht verfügbar
2025-12-21 16:42:41.903 | Enable vorgemerkt (wird nach Handshake ausgeführt)
2025-12-21 16:42:42.105 | Open SSPComPort (COM4) failed
2025-12-21 16:42:42.177 | Disable vorgemerkt (wird nach Handshake ausgeführt)
2025-12-21 16:42:42.187 | HardDisconnect init
2025-12-21 16:42:43.146 | Status: Getrennt
2025-12-21 16:42:43.157 | HardDisconnect done
2025-12-21 16:42:43.276 | Status: konfig deaktiviert
2025-12-21 16:43:34.060 | Status: Verbinde...
2025-12-21 16:43:34.060 | Open SSPComPort (COM4) failed
2025-12-21 16:43:34.085 | Status: Port nicht verfügbar
2025-12-21 16:43:34.080 | Thread gestartet
2025-12-21 16:43:35.111 | Open SSPComPort (COM4) failed
2025-12-21 16:43:36.139 | Open SSPComPort (COM4) failed
2025-12-21 16:43:37.169 | Open SSPComPort (COM4) failed
2025-12-21 16:43:37.628 | Enable vorgemerkt (wird nach Handshake ausgeführt)
2025-12-21 16:43:38.197 | Open SSPComPort (COM4) failed
2025-12-21 16:43:38.545 | Enable vorgemerkt (wird nach Handshake ausgeführt)
2025-12-21 16:43:38.557 | REQ Level 1 ct [plain]
2025-12-21 16:43:38.565 | REQ Level 2 ct [plain]
2025-12-21 16:43:38.574 | REQ Level 5 ct [plain]
2025-12-21 16:43:38.580 | REQ Level 10 ct [plain]
2025-12-21 16:43:38.588 | REQ Level 20 ct [plain]
2025-12-21 16:43:38.596 | REQ Level 50 ct [plain]
2025-12-21 16:43:38.603 | REQ Level 100 ct [plain]
2025-12-21 16:43:38.610 | REQ Level 200 ct [plain]
2025-12-21 16:43:39.212 | Open SSPComPort (COM4) failed
2025-12-21 16:43:40.241 | Open SSPComPort (COM4) failed
2025-12-21 16:43:40.955 | HardDisconnect init
2025-12-21 16:43:41.278 | Status: Getrennt
2025-12-21 16:43:41.289 | HardDisconnect done
2025-12-21 16:43:42.159 | Status: Verbinde...
2025-12-21 16:43:42.169 | Thread gestartet
2025-12-21 16:43:42.167 | Open SSPComPort (COM4) failed
2025-12-21 16:43:42.190 | Status: Port nicht verfügbar
2025-12-21 16:43:42.990 | Enable vorgemerkt (wird nach Handshake ausgeführt)
2025-12-21 16:43:43.226 | Open SSPComPort (COM4) failed
2025-12-21 16:43:44.256 | Open SSPComPort (COM4) failed
2025-12-21 16:43:45.277 | Open SSPComPort (COM4) failed
2025-12-21 16:43:46.310 | Open SSPComPort (COM4) failed
2025-12-21 16:43:46.963 | HardDisconnect init
2025-12-21 16:43:47.345 | Status: Getrennt
2025-12-21 16:43:47.357 | HardDisconnect done
2025-12-21 16:43:48.200 | Status: Verbinde...
2025-12-21 16:43:48.211 | Thread gestartet
2025-12-21 16:43:48.208 | Open SSPComPort (COM4) failed
2025-12-21 16:43:48.232 | Status: Port nicht verfügbar
2025-12-21 16:43:49.038 | Enable vorgemerkt (wird nach Handshake ausgeführt)
2025-12-21 16:43:49.258 | Open SSPComPort (COM4) failed
2025-12-21 16:43:50.289 | Open SSPComPort (COM4) failed
2025-12-21 16:43:51.314 | Open SSPComPort (COM4) failed
2025-12-21 16:43:52.350 | Open SSPComPort (COM4) failed
2025-12-21 16:43:53.003 | HardDisconnect init
2025-12-21 16:43:53.387 | Status: Getrennt
2025-12-21 16:43:53.399 | HardDisconnect done
2025-12-21 16:43:54.232 | Status: Verbinde...
2025-12-21 16:43:54.241 | Open SSPComPort (COM4) failed
2025-12-21 16:43:54.244 | Thread gestartet
2025-12-21 16:43:54.255 | Status: Port nicht verfügbar
2025-12-21 16:43:55.076 | Enable vorgemerkt (wird nach Handshake ausgeführt)
2025-12-21 16:43:55.296 | Open SSPComPort (COM4) failed
2025-12-21 16:43:56.322 | Open SSPComPort (COM4) failed
2025-12-21 16:43:57.351 | Open SSPComPort (COM4) failed
2025-12-21 16:43:58.379 | Open SSPComPort (COM4) failed
2025-12-21 16:43:59.004 | HardDisconnect init
2025-12-21 16:43:59.419 | Status: Getrennt
2025-12-21 16:43:59.431 | HardDisconnect done
2025-12-21 16:44:00.274 | Status: Verbinde...
2025-12-21 16:44:00.284 | Open SSPComPort (COM4) failed
2025-12-21 16:44:00.288 | Thread gestartet
2025-12-21 16:44:00.299 | Status: Port nicht verfügbar
2025-12-21 16:44:01.122 | Enable vorgemerkt (wird nach Handshake ausgeführt)
2025-12-21 16:44:01.281 | Disable vorgemerkt (wird nach Handshake ausgeführt)
2025-12-21 16:44:01.290 | HardDisconnect init
2025-12-21 16:44:01.334 | Status: Getrennt
2025-12-21 16:44:01.343 | HardDisconnect done
2025-12-21 16:44:01.465 | Status: konfig deaktiviert
2025-12-21 16:44:15.048 | Open SSPComPort (COM4) failed
2025-12-21 16:44:15.048 | Status: Verbinde...
2025-12-21 16:44:15.055 | Status: Port nicht verfügbar
2025-12-21 16:44:15.059 | Thread gestartet
2025-12-21 16:44:16.076 | Open SSPComPort (COM4) failed
2025-12-21 16:44:17.101 | Open SSPComPort (COM4) failed
2025-12-21 16:44:18.127 | Open SSPComPort (COM4) failed
2025-12-21 16:44:19.153 | Open SSPComPort (COM4) failed
2025-12-21 16:44:20.175 | Open SSPComPort (COM4) failed
2025-12-21 16:44:21.204 | Open SSPComPort (COM4) failed
2025-12-21 16:44:21.923 | HardDisconnect init
2025-12-21 16:44:22.243 | Status: Getrennt
2025-12-21 16:44:22.256 | HardDisconnect done
2025-12-21 16:44:23.098 | Status: Verbinde...
2025-12-21 16:44:23.107 | Open SSPComPort (COM4) failed
2025-12-21 16:44:23.111 | Thread gestartet
2025-12-21 16:44:23.121 | Status: Port nicht verfügbar
2025-12-21 16:44:23.947 | Enable vorgemerkt (wird nach Handshake ausgeführt)
2025-12-21 16:44:24.150 | Open SSPComPort (COM4) failed
2025-12-21 16:44:25.176 | Open SSPComPort (COM4) failed
2025-12-21 16:44:25.373 | Enable vorgemerkt (wird nach Handshake ausgeführt)
2025-12-21 16:44:26.232 | Enable vorgemerkt (wird nach Handshake ausgeführt)
2025-12-21 16:44:26.201 | Open SSPComPort (COM4) failed
2025-12-21 16:44:26.243 | REQ Level 1 ct [plain]
2025-12-21 16:44:26.258 | REQ Level 2 ct [plain]
2025-12-21 16:44:26.266 | REQ Level 5 ct [plain]
2025-12-21 16:44:26.275 | REQ Level 10 ct [plain]
2025-12-21 16:44:26.284 | REQ Level 20 ct [plain]
2025-12-21 16:44:26.293 | REQ Level 50 ct [plain]
2025-12-21 16:44:26.302 | REQ Level 100 ct [plain]
2025-12-21 16:44:26.310 | REQ Level 200 ct [plain]
2025-12-21 16:44:27.258 | Open SSPComPort (COM4) failed
2025-12-21 16:44:27.956 | HardDisconnect init
2025-12-21 16:44:28.294 | Status: Getrennt
2025-12-21 16:44:28.305 | HardDisconnect done
2025-12-21 16:44:29.148 | Status: Verbinde...
2025-12-21 16:44:29.158 | Open SSPComPort (COM4) failed
2025-12-21 16:44:29.162 | Thread gestartet
2025-12-21 16:44:29.173 | Status: Port nicht verfügbar
2025-12-21 16:44:29.999 | Enable vorgemerkt (wird nach Handshake ausgeführt)
2025-12-21 16:44:30.202 | Open SSPComPort (COM4) failed
2025-12-21 16:44:31.238 | Open SSPComPort (COM4) failed
2025-12-21 16:44:32.268 | Open SSPComPort (COM4) failed
2025-12-21 16:44:33.298 | Open SSPComPort (COM4) failed
2025-12-21 16:44:33.952 | HardDisconnect init
2025-12-21 16:44:34.337 | Status: Getrennt
2025-12-21 16:44:34.349 | HardDisconnect done
2025-12-21 16:44:35.189 | Status: Verbinde...
2025-12-21 16:44:35.203 | Open SSPComPort (COM4) failed
2025-12-21 16:44:35.207 | Thread gestartet
2025-12-21 16:44:35.217 | Status: Port nicht verfügbar
2025-12-21 16:44:36.049 | Enable vorgemerkt (wird nach Handshake ausgeführt)
2025-12-21 16:44:36.255 | Open SSPComPort (COM4) failed
2025-12-21 16:44:37.309 | Open SSPComPort (COM4) failed
2025-12-21 16:44:38.341 | Open SSPComPort (COM4) failed
2025-12-21 16:44:39.369 | Open SSPComPort (COM4) failed
2025-12-21 16:44:39.957 | HardDisconnect init
2025-12-21 16:44:40.400 | Status: Getrennt
2025-12-21 16:44:40.412 | HardDisconnect done
2025-12-21 16:44:41.252 | Status: Verbinde...
2025-12-21 16:44:41.265 | Thread gestartet
2025-12-21 16:44:41.262 | Open SSPComPort (COM4) failed
2025-12-21 16:44:41.285 | Status: Port nicht verfügbar
2025-12-21 16:44:42.085 | Enable vorgemerkt (wird nach Handshake ausgeführt)
2025-12-21 16:44:42.306 | Open SSPComPort (COM4) failed
2025-12-21 16:44:43.329 | Open SSPComPort (COM4) failed
2025-12-21 16:44:44.358 | Open SSPComPort (COM4) failed
2025-12-21 16:44:45.379 | Open SSPComPort (COM4) failed
2025-12-21 16:44:46.001 | HardDisconnect init
2025-12-21 16:44:46.415 | Status: Getrennt
2025-12-21 16:44:46.426 | HardDisconnect done
2025-12-21 16:44:47.266 | Status: Verbinde...
2025-12-21 16:44:47.277 | Open SSPComPort (COM4) failed
2025-12-21 16:44:47.281 | Thread gestartet
2025-12-21 16:44:47.291 | Status: Port nicht verfügbar
2025-12-21 16:44:48.114 | Enable vorgemerkt (wird nach Handshake ausgeführt)
2025-12-21 16:44:48.334 | Open SSPComPort (COM4) failed
2025-12-21 16:44:49.366 | Open SSPComPort (COM4) failed
2025-12-21 16:44:50.392 | Open SSPComPort (COM4) failed
2025-12-21 16:44:51.422 | Open SSPComPort (COM4) failed
2025-12-21 16:44:52.015 | HardDisconnect init
2025-12-21 16:44:52.461 | Status: Getrennt
2025-12-21 16:44:52.473 | HardDisconnect done
2025-12-21 16:44:53.314 | Status: Verbinde...
2025-12-21 16:44:53.326 | Open SSPComPort (COM4) failed
2025-12-21 16:44:53.330 | Thread gestartet
2025-12-21 16:44:53.340 | Status: Port nicht verfügbar
2025-12-21 16:44:54.166 | Enable vorgemerkt (wird nach Handshake ausgeführt)
2025-12-21 16:44:54.372 | Open SSPComPort (COM4) failed
2025-12-21 16:44:55.404 | Open SSPComPort (COM4) failed
2025-12-21 16:44:56.290 | Disable vorgemerkt (wird nach Handshake ausgeführt)
2025-12-21 16:44:56.301 | HardDisconnect init
2025-12-21 16:44:56.439 | Status: Getrennt
2025-12-21 16:44:56.452 | HardDisconnect done
2025-12-21 16:44:56.571 | Status: konfig deaktiviert
2025-12-21 16:48:47.012 | Open SSPComPort (COM4) failed
2025-12-21 16:48:47.012 | Status: Verbinde...
2025-12-21 16:48:47.021 | Status: Port nicht verfügbar
2025-12-21 16:48:47.025 | Thread gestartet
2025-12-21 16:48:48.046 | Open SSPComPort (COM4) failed
2025-12-21 16:48:49.092 | Open SSPComPort (COM4) failed
2025-12-21 16:48:50.099 | Enable vorgemerkt (wird nach Handshake ausgeführt)
2025-12-21 16:48:50.119 | Open SSPComPort (COM4) failed
2025-12-21 16:48:50.958 | Enable vorgemerkt (wird nach Handshake ausgeführt)
2025-12-21 16:48:50.968 | REQ Level 1 ct [plain]
2025-12-21 16:48:50.977 | REQ Level 2 ct [plain]
2025-12-21 16:48:50.986 | REQ Level 5 ct [plain]
2025-12-21 16:48:50.995 | REQ Level 10 ct [plain]
2025-12-21 16:48:51.004 | REQ Level 20 ct [plain]
2025-12-21 16:48:51.014 | REQ Level 50 ct [plain]
2025-12-21 16:48:51.023 | REQ Level 100 ct [plain]
2025-12-21 16:48:51.032 | REQ Level 200 ct [plain]
2025-12-21 16:48:51.147 | Open SSPComPort (COM4) failed
2025-12-21 16:48:52.176 | Open SSPComPort (COM4) failed
2025-12-21 16:48:53.206 | Open SSPComPort (COM4) failed
2025-12-21 16:48:53.892 | HardDisconnect init
2025-12-21 16:48:54.243 | Status: Getrennt
2025-12-21 16:48:54.255 | HardDisconnect done
2025-12-21 16:48:55.084 | Status: Verbinde...
2025-12-21 16:48:55.100 | Thread gestartet
2025-12-21 16:48:55.097 | Open SSPComPort (COM4) failed
2025-12-21 16:48:55.125 | Status: Port nicht verfügbar
2025-12-21 16:48:55.916 | Enable vorgemerkt (wird nach Handshake ausgeführt)
2025-12-21 16:48:56.148 | Open SSPComPort (COM4) failed
2025-12-21 16:48:57.174 | Open SSPComPort (COM4) failed
2025-12-21 16:48:58.204 | Open SSPComPort (COM4) failed
2025-12-21 16:48:59.228 | Open SSPComPort (COM4) failed
2025-12-21 16:48:59.902 | HardDisconnect init
2025-12-21 16:49:00.271 | Status: Getrennt
2025-12-21 16:49:00.282 | HardDisconnect done
2025-12-21 16:49:01.129 | Status: Verbinde...
2025-12-21 16:49:01.145 | Thread gestartet
2025-12-21 16:49:01.141 | Open SSPComPort (COM4) failed
2025-12-21 16:49:01.168 | Status: Port nicht verfügbar
2025-12-21 16:49:01.959 | Enable vorgemerkt (wird nach Handshake ausgeführt)
2025-12-21 16:49:02.194 | Open SSPComPort (COM4) failed
2025-12-21 16:49:03.222 | Open SSPComPort (COM4) failed
2025-12-21 16:49:04.247 | Open SSPComPort (COM4) failed
2025-12-21 16:49:05.278 | Open SSPComPort (COM4) failed
2025-12-21 16:49:05.903 | HardDisconnect init
2025-12-21 16:49:06.320 | Status: Getrennt
2025-12-21 16:49:06.332 | HardDisconnect done
2025-12-21 16:49:07.170 | Status: Verbinde...
2025-12-21 16:49:07.179 | Open SSPComPort (COM4) failed
2025-12-21 16:49:07.193 | Status: Port nicht verfügbar
2025-12-21 16:49:07.183 | Thread gestartet
2025-12-21 16:49:08.031 | Enable vorgemerkt (wird nach Handshake ausgeführt)
2025-12-21 16:49:08.222 | Open SSPComPort (COM4) failed
2025-12-21 16:49:09.246 | Open SSPComPort (COM4) failed
2025-12-21 16:49:10.269 | Open SSPComPort (COM4) failed
2025-12-21 16:49:11.294 | Open SSPComPort (COM4) failed
2025-12-21 16:49:11.920 | HardDisconnect init
2025-12-21 16:49:12.334 | Status: Getrennt
2025-12-21 16:49:12.347 | HardDisconnect done
2025-12-21 16:49:13.193 | Status: Verbinde...
2025-12-21 16:49:13.206 | Thread gestartet
2025-12-21 16:49:13.202 | Open SSPComPort (COM4) failed
2025-12-21 16:49:13.225 | Status: Port nicht verfügbar
2025-12-21 16:49:14.021 | Enable vorgemerkt (wird nach Handshake ausgeführt)
2025-12-21 16:49:14.249 | Open SSPComPort (COM4) failed
2025-12-21 16:49:15.263 | Open SSPComPort (COM4) failed
2025-12-21 16:49:16.296 | Open SSPComPort (COM4) failed
2025-12-21 16:49:17.327 | Open SSPComPort (COM4) failed
2025-12-21 16:49:17.949 | HardDisconnect init
2025-12-21 16:49:18.366 | Status: Getrennt
2025-12-21 16:49:18.376 | HardDisconnect done
2025-12-21 16:49:19.220 | Status: Verbinde...
2025-12-21 16:49:19.235 | Open SSPComPort (COM4) failed
2025-12-21 16:49:19.239 | Thread gestartet
2025-12-21 16:49:19.267 | Status: Port nicht verfügbar
2025-12-21 16:49:20.090 | Enable vorgemerkt (wird nach Handshake ausgeführt)
2025-12-21 16:49:20.297 | Open SSPComPort (COM4) failed
2025-12-21 16:49:21.323 | Open SSPComPort (COM4) failed
2025-12-21 16:49:22.346 | Open SSPComPort (COM4) failed
2025-12-21 16:49:23.376 | Open SSPComPort (COM4) failed
2025-12-21 16:49:23.969 | HardDisconnect init
2025-12-21 16:49:24.416 | Status: Getrennt
2025-12-21 16:49:24.428 | HardDisconnect done
2025-12-21 16:49:25.270 | Status: Verbinde...
2025-12-21 16:49:25.282 | Thread gestartet
2025-12-21 16:49:25.278 | Open SSPComPort (COM4) failed
2025-12-21 16:49:25.301 | Status: Port nicht verfügbar
2025-12-21 16:49:26.105 | Enable vorgemerkt (wird nach Handshake ausgeführt)
2025-12-21 16:49:26.326 | Open SSPComPort (COM4) failed
2025-12-21 16:49:27.356 | Open SSPComPort (COM4) failed
2025-12-21 16:49:28.387 | Open SSPComPort (COM4) failed
2025-12-21 16:49:29.418 | Open SSPComPort (COM4) failed
2025-12-21 16:49:29.995 | HardDisconnect init
2025-12-21 16:49:30.443 | Status: Getrennt
2025-12-21 16:49:30.454 | HardDisconnect done
2025-12-21 16:49:31.300 | Status: Verbinde...
2025-12-21 16:49:31.312 | Thread gestartet
2025-12-21 16:49:31.308 | Open SSPComPort (COM4) failed
2025-12-21 16:49:31.333 | Status: Port nicht verfügbar
2025-12-21 16:49:32.135 | Enable vorgemerkt (wird nach Handshake ausgeführt)
2025-12-21 16:49:32.357 | Open SSPComPort (COM4) failed
2025-12-21 16:49:33.382 | Open SSPComPort (COM4) failed
2025-12-21 16:49:34.412 | Open SSPComPort (COM4) failed
2025-12-21 16:49:34.832 | Disable vorgemerkt (wird nach Handshake ausgeführt)
2025-12-21 16:49:34.843 | HardDisconnect init
2025-12-21 16:49:35.445 | Status: Getrennt
2025-12-21 16:49:35.458 | HardDisconnect done
2025-12-21 16:49:35.576 | Status: konfig deaktiviert
2025-12-21 16:52:44.237 | Open SSPComPort (COM4) failed
2025-12-21 16:52:44.237 | Status: Verbinde...
2025-12-21 16:52:44.243 | Status: Port nicht verfügbar
2025-12-21 16:52:44.247 | Thread gestartet
2025-12-21 16:52:45.259 | Open SSPComPort (COM4) failed
2025-12-21 16:52:46.287 | Open SSPComPort (COM4) failed
2025-12-21 16:52:47.314 | Open SSPComPort (COM4) failed
2025-12-21 16:52:48.328 | Open SSPComPort (COM4) failed
2025-12-21 16:52:48.554 | Enable vorgemerkt (wird nach Handshake ausgeführt)
2025-12-21 16:52:49.324 | Enable vorgemerkt (wird nach Handshake ausgeführt)
2025-12-21 16:52:49.332 | REQ Level 1 ct [plain]
2025-12-21 16:52:49.339 | REQ Level 2 ct [plain]
2025-12-21 16:52:49.347 | REQ Level 5 ct [plain]
2025-12-21 16:52:49.353 | REQ Level 10 ct [plain]
2025-12-21 16:52:49.360 | REQ Level 20 ct [plain]
2025-12-21 16:52:49.366 | REQ Level 50 ct [plain]
2025-12-21 16:52:49.371 | REQ Level 100 ct [plain]
2025-12-21 16:52:49.378 | REQ Level 200 ct [plain]
2025-12-21 16:52:49.344 | Open SSPComPort (COM4) failed
2025-12-21 16:52:50.401 | Open SSPComPort (COM4) failed
2025-12-21 16:52:51.100 | HardDisconnect init
2025-12-21 16:52:51.435 | Status: Getrennt
2025-12-21 16:52:51.447 | HardDisconnect done
2025-12-21 16:52:52.308 | Status: Verbinde...
2025-12-21 16:52:52.317 | Open SSPComPort (COM4) failed
2025-12-21 16:52:52.321 | Thread gestartet
2025-12-21 16:52:52.332 | Status: Port nicht verfügbar
2025-12-21 16:52:53.145 | Enable vorgemerkt (wird nach Handshake ausgeführt)
2025-12-21 16:52:53.366 | Open SSPComPort (COM4) failed
2025-12-21 16:52:54.395 | Open SSPComPort (COM4) failed
2025-12-21 16:52:55.424 | Open SSPComPort (COM4) failed
2025-12-21 16:52:56.449 | Open SSPComPort (COM4) failed
2025-12-21 16:52:57.116 | HardDisconnect init
2025-12-21 16:52:57.495 | Status: Getrennt
2025-12-21 16:52:57.507 | HardDisconnect done
2025-12-21 16:52:58.350 | Status: Verbinde...
2025-12-21 16:52:58.359 | Open SSPComPort (COM4) failed
2025-12-21 16:52:58.372 | Status: Port nicht verfügbar
2025-12-21 16:52:58.362 | Thread gestartet
2025-12-21 16:52:59.208 | Enable vorgemerkt (wird nach Handshake ausgeführt)
2025-12-21 16:52:59.395 | Open SSPComPort (COM4) failed
2025-12-21 16:53:00.423 | Open SSPComPort (COM4) failed
2025-12-21 16:53:01.453 | Open SSPComPort (COM4) failed
2025-12-21 16:53:02.482 | Open SSPComPort (COM4) failed
2025-12-21 16:53:03.122 | HardDisconnect init
2025-12-21 16:53:03.502 | Status: Getrennt
2025-12-21 16:53:03.513 | HardDisconnect done
2025-12-21 16:53:04.353 | Status: Verbinde...
2025-12-21 16:53:04.362 | Open SSPComPort (COM4) failed
2025-12-21 16:53:04.367 | Thread gestartet
2025-12-21 16:53:04.379 | Status: Port nicht verfügbar
2025-12-21 16:53:05.205 | Enable vorgemerkt (wird nach Handshake ausgeführt)
2025-12-21 16:53:05.410 | Open SSPComPort (COM4) failed
2025-12-21 16:53:06.431 | Open SSPComPort (COM4) failed
2025-12-21 16:53:07.455 | Open SSPComPort (COM4) failed
2025-12-21 16:53:08.486 | Open SSPComPort (COM4) failed
2025-12-21 16:53:09.139 | HardDisconnect init
2025-12-21 16:53:09.523 | Status: Getrennt
2025-12-21 16:53:09.535 | HardDisconnect done
2025-12-21 16:53:10.367 | Status: Verbinde...
2025-12-21 16:53:10.374 | Thread gestartet
2025-12-21 16:53:10.372 | Open SSPComPort (COM4) failed
2025-12-21 16:53:10.390 | Status: Port nicht verfügbar
2025-12-21 16:53:11.185 | Enable vorgemerkt (wird nach Handshake ausgeführt)
2025-12-21 16:53:11.407 | Open SSPComPort (COM4) failed
2025-12-21 16:53:12.432 | Open SSPComPort (COM4) failed
2025-12-21 16:53:13.458 | Open SSPComPort (COM4) failed
2025-12-21 16:53:14.490 | Open SSPComPort (COM4) failed
2025-12-21 16:53:15.182 | HardDisconnect init
2025-12-21 16:53:15.528 | Status: Getrennt
2025-12-21 16:53:15.540 | HardDisconnect done
2025-12-21 16:53:16.383 | Status: Verbinde...
2025-12-21 16:53:16.396 | Open SSPComPort (COM4) failed
2025-12-21 16:53:16.399 | Thread gestartet
2025-12-21 16:53:16.411 | Status: Port nicht verfügbar
2025-12-21 16:53:17.234 | Enable vorgemerkt (wird nach Handshake ausgeführt)
2025-12-21 16:53:17.455 | Open SSPComPort (COM4) failed
2025-12-21 16:53:18.423 | Disable vorgemerkt (wird nach Handshake ausgeführt)
2025-12-21 16:53:18.432 | HardDisconnect init
2025-12-21 16:53:18.476 | Status: Getrennt
2025-12-21 16:53:18.486 | HardDisconnect done
2025-12-21 16:53:18.608 | Status: konfig deaktiviert
2025-12-21 16:53:30.268 | Status: Verbinde...
2025-12-21 16:53:30.268 | Open SSPComPort (COM4) failed
2025-12-21 16:53:30.274 | Thread gestartet
2025-12-21 16:53:30.280 | Status: Port nicht verfügbar
2025-12-21 16:53:31.300 | Open SSPComPort (COM4) failed
2025-12-21 16:53:32.333 | Open SSPComPort (COM4) failed
2025-12-21 16:53:33.352 | Open SSPComPort (COM4) failed
2025-12-21 16:53:33.683 | Enable vorgemerkt (wird nach Handshake ausgeführt)
2025-12-21 16:53:34.372 | Open SSPComPort (COM4) failed
2025-12-21 16:53:34.532 | Enable vorgemerkt (wird nach Handshake ausgeführt)
2025-12-21 16:53:34.540 | REQ Level 1 ct [plain]
2025-12-21 16:53:34.549 | REQ Level 2 ct [plain]
2025-12-21 16:53:34.558 | REQ Level 5 ct [plain]
2025-12-21 16:53:34.568 | REQ Level 10 ct [plain]
2025-12-21 16:53:34.576 | REQ Level 20 ct [plain]
2025-12-21 16:53:34.584 | REQ Level 50 ct [plain]
2025-12-21 16:53:34.592 | REQ Level 100 ct [plain]
2025-12-21 16:53:34.599 | REQ Level 200 ct [plain]
2025-12-21 16:53:35.399 | Open SSPComPort (COM4) failed
2025-12-21 16:53:36.431 | Open SSPComPort (COM4) failed
2025-12-21 16:53:37.132 | HardDisconnect init
2025-12-21 16:53:37.467 | Status: Getrennt
2025-12-21 16:53:37.479 | HardDisconnect done
2025-12-21 16:53:38.318 | Status: Verbinde...
2025-12-21 16:53:38.328 | Thread gestartet
2025-12-21 16:53:38.325 | Open SSPComPort (COM4) failed
2025-12-21 16:53:38.345 | Status: Port nicht verfügbar
2025-12-21 16:53:39.155 | Enable vorgemerkt (wird nach Handshake ausgeführt)
2025-12-21 16:53:39.374 | Open SSPComPort (COM4) failed
2025-12-21 16:53:40.401 | Open SSPComPort (COM4) failed
2025-12-21 16:53:41.432 | Open SSPComPort (COM4) failed
2025-12-21 16:53:42.451 | Open SSPComPort (COM4) failed
2025-12-21 16:53:43.153 | HardDisconnect init
2025-12-21 16:53:43.487 | Status: Getrennt
2025-12-21 16:53:43.497 | HardDisconnect done
2025-12-21 16:53:44.327 | Status: Verbinde...
2025-12-21 16:53:44.334 | Open SSPComPort (COM4) failed
2025-12-21 16:53:44.336 | Thread gestartet
2025-12-21 16:53:44.342 | Status: Port nicht verfügbar
2025-12-21 16:53:45.159 | Enable vorgemerkt (wird nach Handshake ausgeführt)
2025-12-21 16:53:45.375 | Open SSPComPort (COM4) failed
2025-12-21 16:53:45.721 | Disable vorgemerkt (wird nach Handshake ausgeführt)
2025-12-21 16:53:45.733 | HardDisconnect init
2025-12-21 16:53:46.410 | Status: Getrennt
2025-12-21 16:53:46.422 | HardDisconnect done
2025-12-21 16:53:46.540 | Status: konfig deaktiviert
2025-12-21 16:57:08.354 | Status: Verbinde...
2025-12-21 16:57:08.354 | Open SSPComPort (COM4) failed
2025-12-21 16:57:08.362 | Thread gestartet
2025-12-21 16:57:08.367 | Status: Port nicht verfügbar
2025-12-21 16:57:09.398 | Open SSPComPort (COM4) failed
2025-12-21 16:57:10.440 | Open SSPComPort (COM4) failed
2025-12-21 16:57:11.460 | Open SSPComPort (COM4) failed
2025-12-21 16:57:11.560 | Enable vorgemerkt (wird nach Handshake ausgeführt)
2025-12-21 16:57:12.412 | Enable vorgemerkt (wird nach Handshake ausgeführt)
2025-12-21 16:57:12.424 | REQ Level 1 ct [plain]
2025-12-21 16:57:12.435 | REQ Level 2 ct [plain]
2025-12-21 16:57:12.443 | REQ Level 5 ct [plain]
2025-12-21 16:57:12.453 | REQ Level 10 ct [plain]
2025-12-21 16:57:12.462 | REQ Level 20 ct [plain]
2025-12-21 16:57:12.472 | REQ Level 50 ct [plain]
2025-12-21 16:57:12.483 | Open SSPComPort (COM4) failed
2025-12-21 16:57:12.486 | REQ Level 100 ct [plain]
2025-12-21 16:57:12.503 | REQ Level 200 ct [plain]
2025-12-21 16:57:13.518 | Open SSPComPort (COM4) failed
2025-12-21 16:57:14.549 | Open SSPComPort (COM4) failed
2025-12-21 16:57:15.238 | HardDisconnect init
2025-12-21 16:57:15.588 | Status: Getrennt
2025-12-21 16:57:15.600 | HardDisconnect done
2025-12-21 16:57:16.445 | Status: Verbinde...
2025-12-21 16:57:16.454 | Thread gestartet
2025-12-21 16:57:16.451 | Open SSPComPort (COM4) failed
2025-12-21 16:57:16.467 | Status: Port nicht verfügbar
2025-12-21 16:57:17.263 | Enable vorgemerkt (wird nach Handshake ausgeführt)
2025-12-21 16:57:17.495 | Open SSPComPort (COM4) failed
2025-12-21 16:57:18.523 | Open SSPComPort (COM4) failed
2025-12-21 16:57:19.554 | Open SSPComPort (COM4) failed
2025-12-21 16:57:20.582 | Open SSPComPort (COM4) failed
2025-12-21 16:57:21.248 | HardDisconnect init
2025-12-21 16:57:21.614 | Status: Getrennt
2025-12-21 16:57:21.623 | HardDisconnect done
2025-12-21 16:57:22.458 | Status: Verbinde...
2025-12-21 16:57:22.467 | Open SSPComPort (COM4) failed
2025-12-21 16:57:22.481 | Status: Port nicht verfügbar
2025-12-21 16:57:22.471 | Thread gestartet
2025-12-21 16:57:23.318 | Enable vorgemerkt (wird nach Handshake ausgeführt)
2025-12-21 16:57:23.507 | Open SSPComPort (COM4) failed
2025-12-21 16:57:24.532 | Open SSPComPort (COM4) failed
2025-12-21 16:57:25.561 | Open SSPComPort (COM4) failed
2025-12-21 16:57:26.588 | Open SSPComPort (COM4) failed
2025-12-21 16:57:27.284 | HardDisconnect init
2025-12-21 16:57:27.623 | Status: Getrennt
2025-12-21 16:57:27.636 | HardDisconnect done
2025-12-21 16:57:28.476 | Status: Verbinde...
2025-12-21 16:57:28.485 | Open SSPComPort (COM4) failed
2025-12-21 16:57:28.488 | Thread gestartet
2025-12-21 16:57:28.499 | Status: Port nicht verfügbar
2025-12-21 16:57:29.324 | Enable vorgemerkt (wird nach Handshake ausgeführt)
2025-12-21 16:57:29.528 | Open SSPComPort (COM4) failed
2025-12-21 16:57:30.555 | Open SSPComPort (COM4) failed
2025-12-21 16:57:31.582 | Open SSPComPort (COM4) failed
2025-12-21 16:57:32.607 | Open SSPComPort (COM4) failed
2025-12-21 16:57:33.318 | HardDisconnect init
2025-12-21 16:57:33.639 | Status: Getrennt
2025-12-21 16:57:33.650 | HardDisconnect done
2025-12-21 16:57:34.490 | Status: Verbinde...
2025-12-21 16:57:34.505 | Thread gestartet
2025-12-21 16:57:34.501 | Open SSPComPort (COM4) failed
2025-12-21 16:57:34.525 | Status: Port nicht verfügbar
2025-12-21 16:57:35.328 | Enable vorgemerkt (wird nach Handshake ausgeführt)
2025-12-21 16:57:35.545 | Open SSPComPort (COM4) failed
2025-12-21 16:57:36.565 | Open SSPComPort (COM4) failed
2025-12-21 16:57:37.586 | Open SSPComPort (COM4) failed
2025-12-21 16:57:38.615 | Open SSPComPort (COM4) failed
2025-12-21 16:57:39.333 | HardDisconnect init
2025-12-21 16:57:39.655 | Status: Getrennt
2025-12-21 16:57:39.666 | HardDisconnect done
2025-12-21 16:57:40.507 | Status: Verbinde...
2025-12-21 16:57:40.517 | Open SSPComPort (COM4) failed
2025-12-21 16:57:40.521 | Thread gestartet
2025-12-21 16:57:40.531 | Status: Port nicht verfügbar
2025-12-21 16:57:41.357 | Enable vorgemerkt (wird nach Handshake ausgeführt)
2025-12-21 16:57:41.564 | Open SSPComPort (COM4) failed
2025-12-21 16:57:42.589 | Open SSPComPort (COM4) failed
2025-12-21 16:57:43.616 | Open SSPComPort (COM4) failed
2025-12-21 16:57:44.639 | Open SSPComPort (COM4) failed
2025-12-21 16:57:45.366 | HardDisconnect init
2025-12-21 16:57:45.670 | Status: Getrennt
2025-12-21 16:57:45.681 | HardDisconnect done
2025-12-21 16:57:45.958 | HardDisconnect init
2025-12-21 16:57:45.970 | HardDisconnect done
2025-12-21 16:57:46.084 | Status: konfig deaktiviert
2025-12-21 16:57:57.737 | Open SSPComPort (COM4) failed
2025-12-21 16:57:57.737 | Status: Verbinde...
2025-12-21 16:57:57.746 | Status: Port nicht verfügbar
2025-12-21 16:57:57.749 | Thread gestartet
2025-12-21 16:57:58.771 | Open SSPComPort (COM4) failed
2025-12-21 16:57:59.820 | Open SSPComPort (COM4) failed
2025-12-21 16:58:00.841 | Open SSPComPort (COM4) failed
2025-12-21 16:58:01.867 | Open SSPComPort (COM4) failed
2025-12-21 16:58:02.900 | Open SSPComPort (COM4) failed
2025-12-21 16:58:03.926 | Open SSPComPort (COM4) failed
2025-12-21 16:58:04.602 | HardDisconnect init
2025-12-21 16:58:04.953 | Status: Getrennt
2025-12-21 16:58:04.964 | HardDisconnect done
2025-12-21 16:58:05.811 | Status: Verbinde...
2025-12-21 16:58:05.823 | Open SSPComPort (COM4) failed
2025-12-21 16:58:05.836 | Status: Port nicht verfügbar
2025-12-21 16:58:05.828 | Thread gestartet
2025-12-21 16:58:06.667 | Enable vorgemerkt (wird nach Handshake ausgeführt)
2025-12-21 16:58:06.868 | Open SSPComPort (COM4) failed
2025-12-21 16:58:07.887 | Open SSPComPort (COM4) failed
2025-12-21 16:58:08.901 | Open SSPComPort (COM4) failed
2025-12-21 16:58:08.973 | Enable vorgemerkt (wird nach Handshake ausgeführt)
2025-12-21 16:58:09.850 | Enable vorgemerkt (wird nach Handshake ausgeführt)
2025-12-21 16:58:09.860 | REQ Level 1 ct [plain]
2025-12-21 16:58:09.869 | REQ Level 2 ct [plain]
2025-12-21 16:58:09.878 | REQ Level 5 ct [plain]
2025-12-21 16:58:09.887 | REQ Level 10 ct [plain]
2025-12-21 16:58:09.896 | REQ Level 20 ct [plain]
2025-12-21 16:58:09.905 | REQ Level 50 ct [plain]
2025-12-21 16:58:09.914 | REQ Level 100 ct [plain]
2025-12-21 16:58:09.923 | REQ Level 200 ct [plain]
2025-12-21 16:58:09.928 | Open SSPComPort (COM4) failed
2025-12-21 16:58:10.614 | HardDisconnect init
2025-12-21 16:58:10.962 | Status: Getrennt
2025-12-21 16:58:10.975 | HardDisconnect done
2025-12-21 16:58:11.821 | Status: Verbinde...
2025-12-21 16:58:11.830 | Open SSPComPort (COM4) failed
2025-12-21 16:58:11.834 | Thread gestartet
2025-12-21 16:58:11.845 | Status: Port nicht verfügbar
2025-12-21 16:58:12.665 | Enable vorgemerkt (wird nach Handshake ausgeführt)
2025-12-21 16:58:12.939 | Open SSPComPort (COM4) failed
2025-12-21 16:58:13.959 | Open SSPComPort (COM4) failed
2025-12-21 16:58:14.992 | Open SSPComPort (COM4) failed
2025-12-21 16:58:16.020 | Open SSPComPort (COM4) failed
2025-12-21 16:58:16.650 | HardDisconnect init
2025-12-21 16:58:17.050 | Status: Getrennt
2025-12-21 16:58:17.062 | HardDisconnect done
2025-12-21 16:58:17.902 | Status: Verbinde...
2025-12-21 16:58:17.911 | Open SSPComPort (COM4) failed
2025-12-21 16:58:17.915 | Thread gestartet
2025-12-21 16:58:17.925 | Status: Port nicht verfügbar
2025-12-21 16:58:18.742 | Enable vorgemerkt (wird nach Handshake ausgeführt)
2025-12-21 16:58:18.962 | Open SSPComPort (COM4) failed
2025-12-21 16:58:20.000 | Open SSPComPort (COM4) failed
2025-12-21 16:58:21.028 | Open SSPComPort (COM4) failed
2025-12-21 16:58:22.058 | Open SSPComPort (COM4) failed
2025-12-21 16:58:22.682 | HardDisconnect init
2025-12-21 16:58:23.091 | Status: Getrennt
2025-12-21 16:58:23.100 | HardDisconnect done
2025-12-21 16:58:23.930 | Status: Verbinde...
2025-12-21 16:58:23.941 | Open SSPComPort (COM4) failed
2025-12-21 16:58:23.944 | Thread gestartet
2025-12-21 16:58:23.953 | Status: Port nicht verfügbar
2025-12-21 16:58:24.776 | Enable vorgemerkt (wird nach Handshake ausgeführt)
2025-12-21 16:58:24.995 | Open SSPComPort (COM4) failed
2025-12-21 16:58:26.025 | Open SSPComPort (COM4) failed
2025-12-21 16:58:27.054 | Open SSPComPort (COM4) failed
2025-12-21 16:58:28.082 | Open SSPComPort (COM4) failed
2025-12-21 16:58:28.704 | HardDisconnect init
2025-12-21 16:58:29.117 | Status: Getrennt
2025-12-21 16:58:29.128 | HardDisconnect done
2025-12-21 16:58:29.975 | Status: Verbinde...
2025-12-21 16:58:29.984 | Open SSPComPort (COM4) failed
2025-12-21 16:58:29.988 | Thread gestartet
2025-12-21 16:58:29.998 | Status: Port nicht verfügbar
2025-12-21 16:58:30.822 | Enable vorgemerkt (wird nach Handshake ausgeführt)
2025-12-21 16:58:31.040 | Open SSPComPort (COM4) failed
2025-12-21 16:58:32.066 | Open SSPComPort (COM4) failed
2025-12-21 16:58:33.093 | Open SSPComPort (COM4) failed
2025-12-21 16:58:34.122 | Open SSPComPort (COM4) failed
2025-12-21 16:58:34.729 | HardDisconnect init
2025-12-21 16:58:35.160 | Status: Getrennt
2025-12-21 16:58:35.173 | HardDisconnect done
2025-12-21 16:58:36.019 | Status: Verbinde...
2025-12-21 16:58:36.028 | Open SSPComPort (COM4) failed
2025-12-21 16:58:36.032 | Thread gestartet
2025-12-21 16:58:36.043 | Status: Port nicht verfügbar
2025-12-21 16:58:36.865 | Enable vorgemerkt (wird nach Handshake ausgeführt)
2025-12-21 16:58:37.084 | Open SSPComPort (COM4) failed
2025-12-21 16:58:37.380 | Disable vorgemerkt (wird nach Handshake ausgeführt)
2025-12-21 16:58:37.392 | HardDisconnect init
2025-12-21 16:58:38.115 | Status: Getrennt
2025-12-21 16:58:38.127 | HardDisconnect done
2025-12-21 16:58:38.249 | Status: konfig deaktiviert
2025-12-21 17:00:06.544 | Status: Verbinde...
2025-12-21 17:00:06.544 | Open SSPComPort (COM4) failed
2025-12-21 17:00:06.550 | Thread gestartet
2025-12-21 17:00:06.556 | Status: Port nicht verfügbar
2025-12-21 17:00:07.580 | Open SSPComPort (COM4) failed
2025-12-21 17:00:08.622 | Open SSPComPort (COM4) failed
2025-12-21 17:00:09.650 | Open SSPComPort (COM4) failed
2025-12-21 17:00:10.670 | Open SSPComPort (COM4) failed
2025-12-21 17:00:11.699 | Open SSPComPort (COM4) failed
2025-12-21 17:00:12.729 | Open SSPComPort (COM4) failed
2025-12-21 17:00:13.401 | HardDisconnect init
2025-12-21 17:00:13.763 | Status: Getrennt
2025-12-21 17:00:13.774 | HardDisconnect done
2025-12-21 17:00:14.624 | Status: Verbinde...
2025-12-21 17:00:14.637 | Thread gestartet
2025-12-21 17:00:14.633 | Open SSPComPort (COM4) failed
2025-12-21 17:00:14.658 | Status: Port nicht verfügbar
2025-12-21 17:00:15.458 | Enable vorgemerkt (wird nach Handshake ausgeführt)
2025-12-21 17:00:15.677 | Open SSPComPort (COM4) failed
2025-12-21 17:00:16.699 | Open SSPComPort (COM4) failed
2025-12-21 17:00:17.719 | Open SSPComPort (COM4) failed
2025-12-21 17:00:18.749 | Open SSPComPort (COM4) failed
2025-12-21 17:00:19.448 | HardDisconnect init
2025-12-21 17:00:19.776 | Status: Getrennt
2025-12-21 17:00:19.785 | HardDisconnect done
2025-12-21 17:00:20.635 | Status: Verbinde...
2025-12-21 17:00:20.644 | Open SSPComPort (COM4) failed
2025-12-21 17:00:20.648 | Thread gestartet
2025-12-21 17:00:20.657 | Status: Port nicht verfügbar
2025-12-21 17:00:21.485 | Enable vorgemerkt (wird nach Handshake ausgeführt)
2025-12-21 17:00:21.706 | Open SSPComPort (COM4) failed
2025-12-21 17:00:22.733 | Open SSPComPort (COM4) failed
2025-12-21 17:00:23.174 | Enable vorgemerkt (wird nach Handshake ausgeführt)
2025-12-21 17:00:23.760 | Open SSPComPort (COM4) failed
2025-12-21 17:00:24.017 | Enable vorgemerkt (wird nach Handshake ausgeführt)
2025-12-21 17:00:24.026 | REQ Level 1 ct [plain]
2025-12-21 17:00:24.032 | REQ Level 2 ct [plain]
2025-12-21 17:00:24.039 | REQ Level 5 ct [plain]
2025-12-21 17:00:24.045 | REQ Level 10 ct [plain]
2025-12-21 17:00:24.052 | REQ Level 20 ct [plain]
2025-12-21 17:00:24.059 | REQ Level 50 ct [plain]
2025-12-21 17:00:24.065 | REQ Level 100 ct [plain]
2025-12-21 17:00:24.073 | REQ Level 200 ct [plain]
2025-12-21 17:00:24.779 | Open SSPComPort (COM4) failed
2025-12-21 17:00:25.461 | HardDisconnect init
2025-12-21 17:00:25.814 | Status: Getrennt
2025-12-21 17:00:25.825 | HardDisconnect done
2025-12-21 17:00:26.667 | Status: Verbinde...
2025-12-21 17:00:26.676 | Open SSPComPort (COM4) failed
2025-12-21 17:00:26.679 | Thread gestartet
2025-12-21 17:00:26.690 | Status: Port nicht verfügbar
2025-12-21 17:00:27.515 | Enable vorgemerkt (wird nach Handshake ausgeführt)
2025-12-21 17:00:27.734 | Open SSPComPort (COM4) failed
2025-12-21 17:00:28.754 | Open SSPComPort (COM4) failed
2025-12-21 17:00:29.782 | Open SSPComPort (COM4) failed
2025-12-21 17:00:30.806 | Open SSPComPort (COM4) failed
2025-12-21 17:00:31.505 | HardDisconnect init
2025-12-21 17:00:31.841 | Status: Getrennt
2025-12-21 17:00:31.854 | HardDisconnect done
2025-12-21 17:00:32.695 | Status: Verbinde...
2025-12-21 17:00:32.705 | Open SSPComPort (COM4) failed
2025-12-21 17:00:32.709 | Thread gestartet
2025-12-21 17:00:32.719 | Status: Port nicht verfügbar
2025-12-21 17:00:33.556 | Enable vorgemerkt (wird nach Handshake ausgeführt)
2025-12-21 17:00:33.760 | Open SSPComPort (COM4) failed
2025-12-21 17:00:33.841 | Disable vorgemerkt (wird nach Handshake ausgeführt)
2025-12-21 17:00:33.849 | HardDisconnect init
2025-12-21 17:00:34.799 | Status: Getrennt
2025-12-21 17:00:34.810 | HardDisconnect done
2025-12-21 17:00:34.928 | Status: konfig deaktiviert
2025-12-21 17:05:49.524 | Open SSPComPort (COM4) failed
2025-12-21 17:05:49.524 | Status: Verbinde...
2025-12-21 17:05:49.536 | Thread gestartet
2025-12-21 17:05:49.531 | Status: Port nicht verfügbar
2025-12-21 17:05:50.559 | Open SSPComPort (COM4) failed
2025-12-21 17:05:51.607 | Open SSPComPort (COM4) failed
2025-12-21 17:05:52.635 | Open SSPComPort (COM4) failed
2025-12-21 17:05:53.667 | Open SSPComPort (COM4) failed
2025-12-21 17:05:54.695 | Open SSPComPort (COM4) failed
2025-12-21 17:05:54.799 | Enable vorgemerkt (wird nach Handshake ausgeführt)
2025-12-21 17:05:55.555 | Enable vorgemerkt (wird nach Handshake ausgeführt)
2025-12-21 17:05:55.563 | REQ Level 1 ct [plain]
2025-12-21 17:05:55.572 | REQ Level 2 ct [plain]
2025-12-21 17:05:55.579 | REQ Level 5 ct [plain]
2025-12-21 17:05:55.586 | REQ Level 10 ct [plain]
2025-12-21 17:05:55.593 | REQ Level 20 ct [plain]
2025-12-21 17:05:55.601 | REQ Level 50 ct [plain]
2025-12-21 17:05:55.607 | REQ Level 100 ct [plain]
2025-12-21 17:05:55.613 | REQ Level 200 ct [plain]
2025-12-21 17:05:55.710 | Open SSPComPort (COM4) failed
2025-12-21 17:05:56.381 | HardDisconnect init
2025-12-21 17:05:56.744 | Status: Getrennt
2025-12-21 17:05:56.755 | HardDisconnect done
2025-12-21 17:05:57.603 | Status: Verbinde...
2025-12-21 17:05:57.612 | Open SSPComPort (COM4) failed
2025-12-21 17:05:57.616 | Thread gestartet
2025-12-21 17:05:57.626 | Status: Port nicht verfügbar
2025-12-21 17:05:58.448 | Enable vorgemerkt (wird nach Handshake ausgeführt)
2025-12-21 17:05:58.667 | Open SSPComPort (COM4) failed
2025-12-21 17:05:59.699 | Open SSPComPort (COM4) failed
2025-12-21 17:06:00.720 | Open SSPComPort (COM4) failed
2025-12-21 17:06:01.754 | Open SSPComPort (COM4) failed
2025-12-21 17:06:02.402 | HardDisconnect init
2025-12-21 17:06:02.797 | Status: Getrennt
2025-12-21 17:06:02.809 | HardDisconnect done
2025-12-21 17:06:03.643 | Status: Verbinde...
2025-12-21 17:06:03.655 | Open SSPComPort (COM4) failed
2025-12-21 17:06:03.659 | Thread gestartet
2025-12-21 17:06:03.670 | Status: Port nicht verfügbar
2025-12-21 17:06:04.496 | Enable vorgemerkt (wird nach Handshake ausgeführt)
2025-12-21 17:06:04.701 | Open SSPComPort (COM4) failed
2025-12-21 17:06:05.729 | Open SSPComPort (COM4) failed
2025-12-21 17:06:06.758 | Open SSPComPort (COM4) failed
2025-12-21 17:06:07.794 | Open SSPComPort (COM4) failed
2025-12-21 17:06:08.418 | HardDisconnect init
2025-12-21 17:06:08.833 | Status: Getrennt
2025-12-21 17:06:08.848 | HardDisconnect done
2025-12-21 17:06:09.686 | Status: Verbinde...
2025-12-21 17:06:09.696 | Open SSPComPort (COM4) failed
2025-12-21 17:06:09.700 | Thread gestartet
2025-12-21 17:06:09.710 | Status: Port nicht verfügbar
2025-12-21 17:06:10.525 | Enable vorgemerkt (wird nach Handshake ausgeführt)
2025-12-21 17:06:10.746 | Open SSPComPort (COM4) failed
2025-12-21 17:06:11.772 | Open SSPComPort (COM4) failed
2025-12-21 17:06:12.797 | Open SSPComPort (COM4) failed
2025-12-21 17:06:13.817 | Open SSPComPort (COM4) failed
2025-12-21 17:06:14.436 | HardDisconnect init
2025-12-21 17:06:14.846 | Status: Getrennt
2025-12-21 17:06:14.859 | HardDisconnect done
2025-12-21 17:06:15.706 | Status: Verbinde...
2025-12-21 17:06:15.715 | Open SSPComPort (COM4) failed
2025-12-21 17:06:15.719 | Thread gestartet
2025-12-21 17:06:15.729 | Status: Port nicht verfügbar
2025-12-21 17:06:16.549 | Enable vorgemerkt (wird nach Handshake ausgeführt)
2025-12-21 17:06:16.766 | Open SSPComPort (COM4) failed
2025-12-21 17:06:17.795 | Open SSPComPort (COM4) failed
2025-12-21 17:06:18.822 | Open SSPComPort (COM4) failed
2025-12-21 17:06:19.850 | Open SSPComPort (COM4) failed
2025-12-21 17:06:20.457 | HardDisconnect init
2025-12-21 17:06:20.887 | Status: Getrennt
2025-12-21 17:06:20.899 | HardDisconnect done
2025-12-21 17:06:21.159 | HardDisconnect init
2025-12-21 17:06:21.171 | HardDisconnect done
2025-12-21 17:06:21.295 | Status: konfig deaktiviert
2025-12-21 17:08:48.138 | Open SSPComPort (COM4) failed
2025-12-21 17:08:48.138 | Status: Verbinde...
2025-12-21 17:08:48.144 | Status: Port nicht verfügbar
2025-12-21 17:08:48.148 | Thread gestartet
2025-12-21 17:08:49.194 | Open SSPComPort (COM4) failed
2025-12-21 17:08:50.254 | Open SSPComPort (COM4) failed
2025-12-21 17:08:51.284 | Open SSPComPort (COM4) failed
2025-12-21 17:08:52.313 | Open SSPComPort (COM4) failed
2025-12-21 17:08:53.331 | Open SSPComPort (COM4) failed
2025-12-21 17:08:54.360 | Open SSPComPort (COM4) failed
2025-12-21 17:08:54.739 | Enable vorgemerkt (wird nach Handshake ausgeführt)
2025-12-21 17:08:55.031 | HardDisconnect init
2025-12-21 17:08:55.394 | Status: Getrennt
2025-12-21 17:08:55.404 | HardDisconnect done
2025-12-21 17:08:55.494 | Status: Verbinde...
2025-12-21 17:08:55.502 | Open SSPComPort (COM4) failed
2025-12-21 17:08:55.503 | Thread gestartet
2025-12-21 17:08:55.518 | Enable vorgemerkt (wird nach Handshake ausgeführt)
2025-12-21 17:08:55.524 | REQ Level 1 ct [plain]
2025-12-21 17:08:55.510 | Status: Port nicht verfügbar
2025-12-21 17:08:55.531 | REQ Level 2 ct [plain]
2025-12-21 17:08:55.543 | REQ Level 5 ct [plain]
2025-12-21 17:08:55.549 | REQ Level 10 ct [plain]
2025-12-21 17:08:55.555 | REQ Level 20 ct [plain]
2025-12-21 17:08:55.560 | REQ Level 50 ct [plain]
2025-12-21 17:08:55.565 | REQ Level 100 ct [plain]
2025-12-21 17:08:55.570 | REQ Level 200 ct [plain]
2025-12-21 17:08:56.553 | Open SSPComPort (COM4) failed
2025-12-21 17:08:57.056 | Enable vorgemerkt (wird nach Handshake ausgeführt)
2025-12-21 17:08:57.571 | Open SSPComPort (COM4) failed
2025-12-21 17:08:58.595 | Open SSPComPort (COM4) failed
2025-12-21 17:08:59.617 | Open SSPComPort (COM4) failed
2025-12-21 17:09:00.637 | Open SSPComPort (COM4) failed
2025-12-21 17:09:01.042 | HardDisconnect init
2025-12-21 17:09:01.676 | Status: Getrennt
2025-12-21 17:09:01.688 | HardDisconnect done
2025-12-21 17:09:02.535 | Status: Verbinde...
2025-12-21 17:09:02.544 | Open SSPComPort (COM4) failed
2025-12-21 17:09:02.556 | Status: Port nicht verfügbar
2025-12-21 17:09:02.548 | Thread gestartet
2025-12-21 17:09:03.384 | Enable vorgemerkt (wird nach Handshake ausgeführt)
2025-12-21 17:09:03.579 | Open SSPComPort (COM4) failed
2025-12-21 17:09:04.604 | Open SSPComPort (COM4) failed
2025-12-21 17:09:05.619 | Open SSPComPort (COM4) failed
2025-12-21 17:09:06.645 | Open SSPComPort (COM4) failed
2025-12-21 17:09:07.052 | HardDisconnect init
2025-12-21 17:09:07.682 | Status: Getrennt
2025-12-21 17:09:07.694 | HardDisconnect done
2025-12-21 17:09:08.537 | Status: Verbinde...
2025-12-21 17:09:08.547 | Open SSPComPort (COM4) failed
2025-12-21 17:09:08.551 | Thread gestartet
2025-12-21 17:09:08.561 | Status: Port nicht verfügbar
2025-12-21 17:09:09.377 | Enable vorgemerkt (wird nach Handshake ausgeführt)
2025-12-21 17:09:09.599 | Open SSPComPort (COM4) failed
2025-12-21 17:09:10.624 | Open SSPComPort (COM4) failed
2025-12-21 17:09:11.652 | Open SSPComPort (COM4) failed
2025-12-21 17:09:12.684 | Open SSPComPort (COM4) failed
2025-12-21 17:09:13.061 | HardDisconnect init
2025-12-21 17:09:13.718 | Status: Getrennt
2025-12-21 17:09:13.729 | HardDisconnect done
2025-12-21 17:09:14.576 | Status: Verbinde...
2025-12-21 17:09:14.586 | Open SSPComPort (COM4) failed
2025-12-21 17:09:14.590 | Thread gestartet
2025-12-21 17:09:14.601 | Status: Port nicht verfügbar
2025-12-21 17:09:15.421 | Enable vorgemerkt (wird nach Handshake ausgeführt)
2025-12-21 17:09:15.643 | Open SSPComPort (COM4) failed
2025-12-21 17:09:16.667 | Open SSPComPort (COM4) failed
2025-12-21 17:09:17.699 | Open SSPComPort (COM4) failed
2025-12-21 17:09:18.727 | Open SSPComPort (COM4) failed
2025-12-21 17:09:19.086 | HardDisconnect init
2025-12-21 17:09:19.761 | Status: Getrennt
2025-12-21 17:09:19.774 | HardDisconnect done
2025-12-21 17:09:20.618 | Status: Verbinde...
2025-12-21 17:09:20.629 | Open SSPComPort (COM4) failed
2025-12-21 17:09:20.634 | Thread gestartet
2025-12-21 17:09:20.644 | Status: Port nicht verfügbar
2025-12-21 17:09:21.465 | Enable vorgemerkt (wird nach Handshake ausgeführt)
2025-12-21 17:09:21.684 | Open SSPComPort (COM4) failed
2025-12-21 17:09:21.960 | Disable vorgemerkt (wird nach Handshake ausgeführt)
2025-12-21 17:09:21.969 | HardDisconnect init
2025-12-21 17:09:22.722 | Status: Getrennt
2025-12-21 17:09:22.734 | HardDisconnect done
2025-12-21 17:09:22.852 | Status: konfig deaktiviert
2025-12-21 17:24:09.341 | Status: Verbinde...
2025-12-21 17:24:09.341 | Open SSPComPort (COM4) failed
2025-12-21 17:24:09.351 | Status: Port nicht verfügbar
2025-12-21 17:24:09.350 | Thread gestartet
2025-12-21 17:24:10.362 | Open SSPComPort (COM4) failed
2025-12-21 17:24:11.388 | Open SSPComPort (COM4) failed
2025-12-21 17:24:12.412 | Open SSPComPort (COM4) failed
2025-12-21 17:24:12.656 | Enable vorgemerkt (wird nach Handshake ausgeführt)
2025-12-21 17:24:13.438 | Open SSPComPort (COM4) failed
2025-12-21 17:24:13.551 | Enable vorgemerkt (wird nach Handshake ausgeführt)
2025-12-21 17:24:13.560 | REQ Level 1 ct [plain]
2025-12-21 17:24:13.569 | REQ Level 2 ct [plain]
2025-12-21 17:24:13.578 | REQ Level 5 ct [plain]
2025-12-21 17:24:13.588 | REQ Level 10 ct [plain]
2025-12-21 17:24:13.598 | REQ Level 20 ct [plain]
2025-12-21 17:24:13.608 | REQ Level 50 ct [plain]
2025-12-21 17:24:13.619 | REQ Level 100 ct [plain]
2025-12-21 17:24:13.628 | REQ Level 200 ct [plain]
2025-12-21 17:24:14.466 | Open SSPComPort (COM4) failed
2025-12-21 17:24:15.497 | Open SSPComPort (COM4) failed
2025-12-21 17:24:16.234 | HardDisconnect init
2025-12-21 17:24:16.519 | Status: Getrennt
2025-12-21 17:24:16.528 | HardDisconnect done
2025-12-21 17:24:17.373 | Status: Verbinde...
2025-12-21 17:24:17.386 | Open SSPComPort (COM4) failed
2025-12-21 17:24:17.390 | Thread gestartet
2025-12-21 17:24:17.402 | Status: Port nicht verfügbar
2025-12-21 17:24:18.218 | Enable vorgemerkt (wird nach Handshake ausgeführt)
2025-12-21 17:24:18.439 | Open SSPComPort (COM4) failed
2025-12-21 17:24:19.467 | Open SSPComPort (COM4) failed
2025-12-21 17:24:20.497 | Open SSPComPort (COM4) failed
2025-12-21 17:24:21.526 | Open SSPComPort (COM4) failed
2025-12-21 17:24:22.268 | HardDisconnect init
2025-12-21 17:24:22.559 | Status: Getrennt
2025-12-21 17:24:22.571 | HardDisconnect done
2025-12-21 17:24:23.411 | Status: Verbinde...
2025-12-21 17:24:23.422 | Open SSPComPort (COM4) failed
2025-12-21 17:24:23.425 | Thread gestartet
2025-12-21 17:24:23.435 | Status: Port nicht verfügbar
2025-12-21 17:24:24.261 | Enable vorgemerkt (wird nach Handshake ausgeführt)
2025-12-21 17:24:24.480 | Open SSPComPort (COM4) failed
2025-12-21 17:24:25.506 | Open SSPComPort (COM4) failed
2025-12-21 17:24:26.534 | Open SSPComPort (COM4) failed
2025-12-21 17:24:27.559 | Open SSPComPort (COM4) failed
2025-12-21 17:24:28.287 | HardDisconnect init
2025-12-21 17:24:28.590 | Status: Getrennt
2025-12-21 17:24:28.603 | HardDisconnect done
2025-12-21 17:24:29.452 | Status: Verbinde...
2025-12-21 17:24:29.455 | Open SSPComPort (COM4) failed
2025-12-21 17:24:29.464 | Thread gestartet
2025-12-21 17:24:29.476 | Status: Port nicht verfügbar
2025-12-21 17:24:30.296 | Enable vorgemerkt (wird nach Handshake ausgeführt)
2025-12-21 17:24:30.517 | Open SSPComPort (COM4) failed
2025-12-21 17:24:31.539 | Open SSPComPort (COM4) failed
2025-12-21 17:24:32.564 | Open SSPComPort (COM4) failed
2025-12-21 17:24:33.593 | Open SSPComPort (COM4) failed
2025-12-21 17:24:34.314 | HardDisconnect init
2025-12-21 17:24:34.631 | Status: Getrennt
2025-12-21 17:24:34.644 | HardDisconnect done
2025-12-21 17:24:35.489 | Status: Verbinde...
2025-12-21 17:24:35.500 | Open SSPComPort (COM4) failed
2025-12-21 17:24:35.504 | Thread gestartet
2025-12-21 17:24:35.516 | Status: Port nicht verfügbar
2025-12-21 17:24:36.336 | Enable vorgemerkt (wird nach Handshake ausgeführt)
2025-12-21 17:24:36.556 | Open SSPComPort (COM4) failed
2025-12-21 17:24:37.590 | Open SSPComPort (COM4) failed
2025-12-21 17:24:38.618 | Open SSPComPort (COM4) failed
2025-12-21 17:24:39.642 | Open SSPComPort (COM4) failed
2025-12-21 17:24:40.340 | HardDisconnect init
2025-12-21 17:24:40.675 | Status: Getrennt
2025-12-21 17:24:40.686 | HardDisconnect done
2025-12-21 17:24:41.530 | Status: Verbinde...
2025-12-21 17:24:41.539 | Open SSPComPort (COM4) failed
2025-12-21 17:24:41.543 | Thread gestartet
2025-12-21 17:24:41.553 | Status: Port nicht verfügbar
2025-12-21 17:24:42.300 | REQ Level 1 ct [plain]
2025-12-21 17:24:42.307 | REQ Level 2 ct [plain]
2025-12-21 17:24:42.314 | REQ Level 5 ct [plain]
2025-12-21 17:24:42.321 | REQ Level 10 ct [plain]
2025-12-21 17:24:42.328 | REQ Level 20 ct [plain]
2025-12-21 17:24:42.334 | REQ Level 50 ct [plain]
2025-12-21 17:24:42.340 | REQ Level 100 ct [plain]
2025-12-21 17:24:42.347 | REQ Level 200 ct [plain]
2025-12-21 17:24:42.368 | Enable vorgemerkt (wird nach Handshake ausgeführt)
2025-12-21 17:24:42.587 | Open SSPComPort (COM4) failed
2025-12-21 17:24:43.617 | Open SSPComPort (COM4) failed
2025-12-21 17:24:43.722 | Disable vorgemerkt (wird nach Handshake ausgeführt)
2025-12-21 17:24:43.751 | Disable vorgemerkt (wird nach Handshake ausgeführt)
2025-12-21 17:24:44.651 | Open SSPComPort (COM4) failed
2025-12-21 17:24:45.686 | Open SSPComPort (COM4) failed
2025-12-21 17:24:45.740 | Enable vorgemerkt (wird nach Handshake ausgeführt)
2025-12-21 17:24:46.323 | Enable vorgemerkt (wird nach Handshake ausgeführt)
2025-12-21 17:24:46.331 | REQ Level 1 ct [plain]
2025-12-21 17:24:46.338 | REQ Level 2 ct [plain]
2025-12-21 17:24:46.345 | REQ Level 5 ct [plain]
2025-12-21 17:24:46.352 | HardDisconnect init
2025-12-21 17:24:46.352 | REQ Level 10 ct [plain]
2025-12-21 17:24:46.369 | REQ Level 20 ct [plain]
2025-12-21 17:24:46.385 | REQ Level 50 ct [plain]
2025-12-21 17:24:46.391 | REQ Level 100 ct [plain]
2025-12-21 17:24:46.397 | REQ Level 200 ct [plain]
2025-12-21 17:24:46.730 | Status: Getrennt
2025-12-21 17:24:46.740 | HardDisconnect done
2025-12-21 17:24:47.594 | Status: Verbinde...
2025-12-21 17:24:47.607 | Thread gestartet
2025-12-21 17:24:47.604 | Open SSPComPort (COM4) failed
2025-12-21 17:24:47.636 | Status: Port nicht verfügbar
2025-12-21 17:24:48.439 | Enable vorgemerkt (wird nach Handshake ausgeführt)
2025-12-21 17:24:48.658 | Open SSPComPort (COM4) failed
2025-12-21 17:24:49.691 | Open SSPComPort (COM4) failed
2025-12-21 17:24:50.716 | Open SSPComPort (COM4) failed
2025-12-21 17:24:51.745 | Open SSPComPort (COM4) failed
2025-12-21 17:24:52.368 | HardDisconnect init
2025-12-21 17:24:52.786 | Status: Getrennt
2025-12-21 17:24:52.799 | HardDisconnect done
2025-12-21 17:24:53.642 | Status: Verbinde...
2025-12-21 17:24:53.655 | Thread gestartet
2025-12-21 17:24:53.652 | Open SSPComPort (COM4) failed
2025-12-21 17:24:53.675 | Status: Port nicht verfügbar
2025-12-21 17:24:54.475 | Enable vorgemerkt (wird nach Handshake ausgeführt)
2025-12-21 17:24:54.711 | Open SSPComPort (COM4) failed
2025-12-21 17:24:55.758 | Open SSPComPort (COM4) failed
2025-12-21 17:24:56.781 | Open SSPComPort (COM4) failed
2025-12-21 17:24:57.821 | Open SSPComPort (COM4) failed
2025-12-21 17:24:58.396 | HardDisconnect init
2025-12-21 17:24:58.860 | Status: Getrennt
2025-12-21 17:24:58.872 | HardDisconnect done
2025-12-21 17:24:59.710 | Status: Verbinde...
2025-12-21 17:24:59.723 | Thread gestartet
2025-12-21 17:24:59.720 | Open SSPComPort (COM4) failed
2025-12-21 17:24:59.745 | Status: Port nicht verfügbar
2025-12-21 17:25:00.538 | Enable vorgemerkt (wird nach Handshake ausgeführt)
2025-12-21 17:25:00.770 | Open SSPComPort (COM4) failed
2025-12-21 17:25:01.791 | Open SSPComPort (COM4) failed
2025-12-21 17:25:02.819 | Open SSPComPort (COM4) failed
2025-12-21 17:25:03.853 | Open SSPComPort (COM4) failed
2025-12-21 17:25:04.398 | HardDisconnect init
2025-12-21 17:25:04.893 | Status: Getrennt
2025-12-21 17:25:04.906 | HardDisconnect done
2025-12-21 17:25:05.749 | Status: Verbinde...
2025-12-21 17:25:05.757 | Open SSPComPort (COM4) failed
2025-12-21 17:25:05.761 | Thread gestartet
2025-12-21 17:25:05.772 | Status: Port nicht verfügbar
2025-12-21 17:25:06.367 | REQ Level 1 ct [plain]
2025-12-21 17:25:06.377 | REQ Level 2 ct [plain]
2025-12-21 17:25:06.387 | REQ Level 5 ct [plain]
2025-12-21 17:25:06.397 | REQ Level 10 ct [plain]
2025-12-21 17:25:06.406 | REQ Level 20 ct [plain]
2025-12-21 17:25:06.415 | REQ Level 50 ct [plain]
2025-12-21 17:25:06.424 | REQ Level 100 ct [plain]
2025-12-21 17:25:06.433 | REQ Level 200 ct [plain]
2025-12-21 17:25:06.596 | Enable vorgemerkt (wird nach Handshake ausgeführt)
2025-12-21 17:25:06.847 | Open SSPComPort (COM4) failed
2025-12-21 17:25:07.786 | Disable vorgemerkt (wird nach Handshake ausgeführt)
2025-12-21 17:25:07.808 | Disable vorgemerkt (wird nach Handshake ausgeführt)
2025-12-21 17:25:07.877 | Open SSPComPort (COM4) failed
2025-12-21 17:25:08.906 | Open SSPComPort (COM4) failed
2025-12-21 17:25:09.947 | Open SSPComPort (COM4) failed
2025-12-21 17:25:10.044 | Enable vorgemerkt (wird nach Handshake ausgeführt)
2025-12-21 17:25:10.594 | Enable vorgemerkt (wird nach Handshake ausgeführt)
2025-12-21 17:25:10.602 | REQ Level 1 ct [plain]
2025-12-21 17:25:10.610 | REQ Level 2 ct [plain]
2025-12-21 17:25:10.619 | REQ Level 5 ct [plain]
2025-12-21 17:25:10.628 | REQ Level 10 ct [plain]
2025-12-21 17:25:10.636 | REQ Level 20 ct [plain]
2025-12-21 17:25:10.645 | REQ Level 50 ct [plain]
2025-12-21 17:25:10.654 | REQ Level 100 ct [plain]
2025-12-21 17:25:10.661 | REQ Level 200 ct [plain]
2025-12-21 17:25:11.008 | Open SSPComPort (COM4) failed
2025-12-21 17:25:12.043 | Open SSPComPort (COM4) failed
2025-12-21 17:25:13.072 | Open SSPComPort (COM4) failed
2025-12-21 17:25:14.104 | Open SSPComPort (COM4) failed
2025-12-21 17:25:15.129 | Open SSPComPort (COM4) failed
2025-12-21 17:25:16.158 | Open SSPComPort (COM4) failed
2025-12-21 17:25:17.185 | Open SSPComPort (COM4) failed
2025-12-21 17:25:18.210 | Open SSPComPort (COM4) failed
2025-12-21 17:25:19.226 | Open SSPComPort (COM4) failed
2025-12-21 17:25:19.977 | Disable vorgemerkt (wird nach Handshake ausgeführt)
2025-12-21 17:25:19.989 | HardDisconnect init
2025-12-21 17:25:20.262 | Status: Getrennt
2025-12-21 17:25:20.273 | HardDisconnect done
2025-12-21 17:25:20.393 | Status: konfig deaktiviert
2025-12-21 17:40:41.362 | Open SSPComPort (COM4) failed
2025-12-21 17:40:41.362 | Status: Verbinde...
2025-12-21 17:40:41.368 | Status: Port nicht verfügbar
2025-12-21 17:40:41.372 | Thread gestartet
2025-12-21 17:40:42.385 | Open SSPComPort (COM4) failed
2025-12-21 17:40:43.430 | Open SSPComPort (COM4) failed
2025-12-21 17:40:44.441 | Open SSPComPort (COM4) failed
2025-12-21 17:40:45.470 | Open SSPComPort (COM4) failed
2025-12-21 17:40:46.498 | Open SSPComPort (COM4) failed
2025-12-21 17:40:47.267 | Enable vorgemerkt (wird nach Handshake ausgeführt)
2025-12-21 17:40:47.528 | Open SSPComPort (COM4) failed
2025-12-21 17:40:48.146 | Enable vorgemerkt (wird nach Handshake ausgeführt)
2025-12-21 17:40:48.157 | REQ Level 1 ct [plain]
2025-12-21 17:40:48.165 | REQ Level 2 ct [plain]
2025-12-21 17:40:48.175 | REQ Level 5 ct [plain]
2025-12-21 17:40:48.183 | REQ Level 10 ct [plain]
2025-12-21 17:40:48.191 | REQ Level 20 ct [plain]
2025-12-21 17:40:48.201 | REQ Level 50 ct [plain]
2025-12-21 17:40:48.209 | REQ Level 100 ct [plain]
2025-12-21 17:40:48.217 | REQ Level 200 ct [plain]
2025-12-21 17:40:48.259 | HardDisconnect init
2025-12-21 17:40:48.573 | Status: Getrennt
2025-12-21 17:40:48.584 | HardDisconnect done
2025-12-21 17:40:49.419 | Status: Verbinde...
2025-12-21 17:40:49.431 | Open SSPComPort (COM4) failed
2025-12-21 17:40:49.435 | Thread gestartet
2025-12-21 17:40:49.445 | Status: Port nicht verfügbar
2025-12-21 17:40:50.265 | Enable vorgemerkt (wird nach Handshake ausgeführt)
2025-12-21 17:40:50.484 | Open SSPComPort (COM4) failed
2025-12-21 17:40:51.513 | Open SSPComPort (COM4) failed
2025-12-21 17:40:52.530 | Open SSPComPort (COM4) failed
2025-12-21 17:40:53.555 | Open SSPComPort (COM4) failed
2025-12-21 17:40:54.287 | HardDisconnect init
2025-12-21 17:40:54.593 | Status: Getrennt
2025-12-21 17:40:54.606 | HardDisconnect done
2025-12-21 17:40:55.444 | Status: Verbinde...
2025-12-21 17:40:55.457 | Open SSPComPort (COM4) failed
2025-12-21 17:40:55.461 | Thread gestartet
2025-12-21 17:40:55.470 | Status: Port nicht verfügbar
2025-12-21 17:40:56.287 | Enable vorgemerkt (wird nach Handshake ausgeführt)
2025-12-21 17:40:56.507 | Open SSPComPort (COM4) failed
2025-12-21 17:40:57.554 | Open SSPComPort (COM4) failed
2025-12-21 17:40:58.582 | Open SSPComPort (COM4) failed
2025-12-21 17:40:59.616 | Open SSPComPort (COM4) failed
2025-12-21 17:41:00.317 | HardDisconnect init
2025-12-21 17:41:00.657 | Status: Getrennt
2025-12-21 17:41:00.670 | HardDisconnect done
2025-12-21 17:41:01.506 | Status: Verbinde...
2025-12-21 17:41:01.516 | Thread gestartet
2025-12-21 17:41:01.512 | Open SSPComPort (COM4) failed
2025-12-21 17:41:01.532 | Status: Port nicht verfügbar
2025-12-21 17:41:02.340 | Enable vorgemerkt (wird nach Handshake ausgeführt)
2025-12-21 17:41:02.561 | Open SSPComPort (COM4) failed
2025-12-21 17:41:03.588 | Open SSPComPort (COM4) failed
2025-12-21 17:41:04.615 | Open SSPComPort (COM4) failed
2025-12-21 17:41:05.648 | Open SSPComPort (COM4) failed
2025-12-21 17:41:06.321 | HardDisconnect init
2025-12-21 17:41:06.686 | Status: Getrennt
2025-12-21 17:41:06.699 | HardDisconnect done
2025-12-21 17:41:07.533 | Status: Verbinde...
2025-12-21 17:41:07.542 | Open SSPComPort (COM4) failed
2025-12-21 17:41:07.545 | Thread gestartet
2025-12-21 17:41:07.556 | Status: Port nicht verfügbar
2025-12-21 17:41:08.374 | Enable vorgemerkt (wird nach Handshake ausgeführt)
2025-12-21 17:41:08.586 | Open SSPComPort (COM4) failed
2025-12-21 17:41:09.619 | Open SSPComPort (COM4) failed
2025-12-21 17:41:10.647 | Open SSPComPort (COM4) failed
2025-12-21 17:41:11.678 | Open SSPComPort (COM4) failed
2025-12-21 17:41:12.330 | HardDisconnect init
2025-12-21 17:41:12.711 | Status: Getrennt
2025-12-21 17:41:12.723 | HardDisconnect done
2025-12-21 17:41:13.568 | Status: Verbinde...
2025-12-21 17:41:13.578 | Open SSPComPort (COM4) failed
2025-12-21 17:41:13.582 | Thread gestartet
2025-12-21 17:41:13.592 | Status: Port nicht verfügbar
2025-12-21 17:41:14.418 | Enable vorgemerkt (wird nach Handshake ausgeführt)
2025-12-21 17:41:14.624 | Open SSPComPort (COM4) failed
2025-12-21 17:41:15.651 | Open SSPComPort (COM4) failed
2025-12-21 17:41:16.679 | Open SSPComPort (COM4) failed
2025-12-21 17:41:17.705 | Open SSPComPort (COM4) failed
2025-12-21 17:41:18.358 | HardDisconnect init
2025-12-21 17:41:18.740 | Status: Getrennt
2025-12-21 17:41:18.752 | HardDisconnect done
2025-12-21 17:41:19.580 | Status: Verbinde...
2025-12-21 17:41:19.593 | Open SSPComPort (COM4) failed
2025-12-21 17:41:19.608 | Status: Port nicht verfügbar
2025-12-21 17:41:19.596 | Thread gestartet
2025-12-21 17:41:20.433 | Enable vorgemerkt (wird nach Handshake ausgeführt)
2025-12-21 17:41:20.639 | Open SSPComPort (COM4) failed
2025-12-21 17:41:21.658 | Open SSPComPort (COM4) failed
2025-12-21 17:41:22.683 | Open SSPComPort (COM4) failed
2025-12-21 17:41:23.717 | Open SSPComPort (COM4) failed
2025-12-21 17:41:24.372 | HardDisconnect init
2025-12-21 17:41:24.754 | Status: Getrennt
2025-12-21 17:41:24.766 | HardDisconnect done
2025-12-21 17:41:25.609 | Status: Verbinde...
2025-12-21 17:41:25.619 | Open SSPComPort (COM4) failed
2025-12-21 17:41:25.623 | Thread gestartet
2025-12-21 17:41:25.634 | Status: Port nicht verfügbar
2025-12-21 17:41:26.447 | Enable vorgemerkt (wird nach Handshake ausgeführt)
2025-12-21 17:41:26.663 | Open SSPComPort (COM4) failed
2025-12-21 17:41:27.694 | Open SSPComPort (COM4) failed
2025-12-21 17:41:28.713 | Open SSPComPort (COM4) failed
2025-12-21 17:41:29.739 | Open SSPComPort (COM4) failed
2025-12-21 17:41:30.408 | HardDisconnect init
2025-12-21 17:41:30.774 | Status: Getrennt
2025-12-21 17:41:30.786 | HardDisconnect done
2025-12-21 17:41:31.614 | Status: Verbinde...
2025-12-21 17:41:31.628 | Thread gestartet
2025-12-21 17:41:31.625 | Open SSPComPort (COM4) failed
2025-12-21 17:41:31.660 | Status: Port nicht verfügbar
2025-12-21 17:41:32.447 | Enable vorgemerkt (wird nach Handshake ausgeführt)
2025-12-21 17:41:32.681 | Open SSPComPort (COM4) failed
2025-12-21 17:41:33.707 | Open SSPComPort (COM4) failed
2025-12-21 17:41:34.735 | Open SSPComPort (COM4) failed
2025-12-21 17:41:35.760 | Open SSPComPort (COM4) failed
2025-12-21 17:41:36.433 | HardDisconnect init
2025-12-21 17:41:36.797 | Status: Getrennt
2025-12-21 17:41:36.808 | HardDisconnect done
2025-12-21 17:41:37.650 | Status: Verbinde...
2025-12-21 17:41:37.661 | Open SSPComPort (COM4) failed
2025-12-21 17:41:37.665 | Thread gestartet
2025-12-21 17:41:37.675 | Status: Port nicht verfügbar
2025-12-21 17:41:38.500 | Enable vorgemerkt (wird nach Handshake ausgeführt)
2025-12-21 17:41:38.706 | Open SSPComPort (COM4) failed
2025-12-21 17:41:39.736 | Open SSPComPort (COM4) failed
2025-12-21 17:41:40.764 | Open SSPComPort (COM4) failed
2025-12-21 17:41:41.791 | Open SSPComPort (COM4) failed
2025-12-21 17:41:42.812 | Open SSPComPort (COM4) failed
2025-12-21 17:41:43.842 | Open SSPComPort (COM4) failed
2025-12-21 17:41:44.870 | Open SSPComPort (COM4) failed
2025-12-21 17:41:45.899 | Open SSPComPort (COM4) failed
2025-12-21 17:41:46.926 | Open SSPComPort (COM4) failed
2025-12-21 17:41:47.953 | Open SSPComPort (COM4) failed
2025-12-21 17:41:48.985 | Open SSPComPort (COM4) failed
2025-12-21 17:41:50.007 | Open SSPComPort (COM4) failed
2025-12-21 17:41:51.036 | Open SSPComPort (COM4) failed
2025-12-21 17:41:52.064 | Open SSPComPort (COM4) failed
2025-12-21 17:41:53.095 | Open SSPComPort (COM4) failed
2025-12-21 17:41:54.120 | Open SSPComPort (COM4) failed
2025-12-21 17:41:55.147 | Open SSPComPort (COM4) failed
2025-12-21 17:41:56.175 | Open SSPComPort (COM4) failed
2025-12-21 17:41:57.205 | Open SSPComPort (COM4) failed
2025-12-21 17:41:58.220 | Open SSPComPort (COM4) failed
2025-12-21 17:41:59.248 | Open SSPComPort (COM4) failed
2025-12-21 17:42:00.276 | Open SSPComPort (COM4) failed
2025-12-21 17:42:01.306 | Open SSPComPort (COM4) failed
2025-12-21 17:42:02.332 | Open SSPComPort (COM4) failed
2025-12-21 17:42:03.363 | Open SSPComPort (COM4) failed
2025-12-21 17:42:04.389 | Open SSPComPort (COM4) failed
2025-12-21 17:42:05.417 | Open SSPComPort (COM4) failed
2025-12-21 17:42:06.443 | Open SSPComPort (COM4) failed
2025-12-21 17:42:07.472 | Open SSPComPort (COM4) failed
2025-12-21 17:42:08.502 | Open SSPComPort (COM4) failed
2025-12-21 17:42:09.526 | Open SSPComPort (COM4) failed
2025-12-21 17:42:10.554 | Open SSPComPort (COM4) failed
2025-12-21 17:42:11.579 | Open SSPComPort (COM4) failed
2025-12-21 17:42:12.607 | Open SSPComPort (COM4) failed
2025-12-21 17:42:13.634 | Open SSPComPort (COM4) failed
2025-12-21 17:42:14.657 | Open SSPComPort (COM4) failed
2025-12-21 17:42:15.683 | Open SSPComPort (COM4) failed
2025-12-21 17:42:16.712 | Open SSPComPort (COM4) failed
2025-12-21 17:42:17.739 | Open SSPComPort (COM4) failed
2025-12-21 17:42:18.767 | Open SSPComPort (COM4) failed
2025-12-21 17:42:19.797 | Open SSPComPort (COM4) failed
2025-12-21 17:42:20.830 | Open SSPComPort (COM4) failed
2025-12-21 17:42:21.859 | Open SSPComPort (COM4) failed
2025-12-21 17:42:22.882 | Open SSPComPort (COM4) failed
2025-12-21 17:42:23.906 | Open SSPComPort (COM4) failed
2025-12-21 17:42:24.931 | Open SSPComPort (COM4) failed
2025-12-21 17:42:25.963 | Open SSPComPort (COM4) failed
2025-12-21 17:42:26.991 | Open SSPComPort (COM4) failed
2025-12-21 17:42:28.017 | Open SSPComPort (COM4) failed
2025-12-21 17:42:29.050 | Open SSPComPort (COM4) failed
2025-12-21 17:42:30.077 | Open SSPComPort (COM4) failed
2025-12-21 17:42:31.095 | Open SSPComPort (COM4) failed
2025-12-21 17:42:32.126 | Open SSPComPort (COM4) failed
2025-12-21 17:42:33.157 | Open SSPComPort (COM4) failed
2025-12-21 17:42:34.186 | Open SSPComPort (COM4) failed
2025-12-21 17:42:35.215 | Open SSPComPort (COM4) failed
2025-12-21 17:42:36.246 | Open SSPComPort (COM4) failed
2025-12-21 17:42:37.273 | Open SSPComPort (COM4) failed
2025-12-21 17:42:38.300 | Open SSPComPort (COM4) failed
2025-12-21 17:42:39.328 | Open SSPComPort (COM4) failed
2025-12-21 17:42:40.356 | Open SSPComPort (COM4) failed
2025-12-21 17:42:41.375 | Open SSPComPort (COM4) failed
2025-12-21 17:42:42.393 | Open SSPComPort (COM4) failed
2025-12-21 17:42:43.413 | Open SSPComPort (COM4) failed
2025-12-21 17:42:44.443 | Open SSPComPort (COM4) failed
2025-12-21 17:42:45.472 | Open SSPComPort (COM4) failed
2025-12-21 17:42:46.501 | Open SSPComPort (COM4) failed
2025-12-21 17:42:47.532 | Open SSPComPort (COM4) failed
2025-12-21 17:42:48.562 | Open SSPComPort (COM4) failed
2025-12-21 17:42:49.594 | Open SSPComPort (COM4) failed
2025-12-21 17:42:50.624 | Open SSPComPort (COM4) failed
2025-12-21 17:42:51.650 | Open SSPComPort (COM4) failed
2025-12-21 17:42:52.678 | Open SSPComPort (COM4) failed
2025-12-21 17:42:53.704 | Open SSPComPort (COM4) failed
2025-12-21 17:42:54.736 | Open SSPComPort (COM4) failed
2025-12-21 17:42:55.761 | Open SSPComPort (COM4) failed
2025-12-21 17:42:56.778 | Open SSPComPort (COM4) failed
2025-12-21 17:42:57.809 | Open SSPComPort (COM4) failed
2025-12-21 17:42:58.841 | Open SSPComPort (COM4) failed
2025-12-21 17:42:59.867 | Open SSPComPort (COM4) failed
2025-12-21 17:43:00.895 | Open SSPComPort (COM4) failed
2025-12-21 17:43:01.910 | Open SSPComPort (COM4) failed
2025-12-21 17:43:02.937 | Open SSPComPort (COM4) failed
2025-12-21 17:43:03.953 | Open SSPComPort (COM4) failed
2025-12-21 17:43:04.972 | Open SSPComPort (COM4) failed
2025-12-21 17:43:05.998 | Open SSPComPort (COM4) failed
2025-12-21 17:43:07.026 | Open SSPComPort (COM4) failed
2025-12-21 17:43:08.064 | Open SSPComPort (COM4) failed
2025-12-21 17:43:09.091 | Open SSPComPort (COM4) failed
2025-12-21 17:43:10.105 | Open SSPComPort (COM4) failed
2025-12-21 17:43:11.123 | Open SSPComPort (COM4) failed
2025-12-21 17:43:11.437 | Disable vorgemerkt (wird nach Handshake ausgeführt)
2025-12-21 17:43:11.449 | HardDisconnect init
2025-12-21 17:43:12.151 | Status: Getrennt
2025-12-21 17:43:12.162 | HardDisconnect done
2025-12-21 17:43:12.280 | Status: konfig deaktiviert
2025-12-21 17:51:13.323 | Status: Verbinde...
2025-12-21 17:51:13.324 | Open SSPComPort (COM4) failed
2025-12-21 17:51:13.330 | Thread gestartet
2025-12-21 17:51:13.334 | Status: Port nicht verfügbar
2025-12-21 17:51:14.360 | Open SSPComPort (COM4) failed
2025-12-21 17:51:15.410 | Open SSPComPort (COM4) failed
2025-12-21 17:51:16.438 | Open SSPComPort (COM4) failed
2025-12-21 17:51:17.056 | Enable vorgemerkt (wird nach Handshake ausgeführt)
2025-12-21 17:51:17.459 | Open SSPComPort (COM4) failed
2025-12-21 17:51:17.907 | Enable vorgemerkt (wird nach Handshake ausgeführt)
2025-12-21 17:51:17.915 | REQ Level 1 ct [plain]
2025-12-21 17:51:17.924 | REQ Level 2 ct [plain]
2025-12-21 17:51:17.933 | REQ Level 5 ct [plain]
2025-12-21 17:51:17.941 | REQ Level 10 ct [plain]
2025-12-21 17:51:17.950 | REQ Level 20 ct [plain]
2025-12-21 17:51:17.960 | REQ Level 50 ct [plain]
2025-12-21 17:51:17.967 | REQ Level 100 ct [plain]
2025-12-21 17:51:17.975 | REQ Level 200 ct [plain]
2025-12-21 17:51:18.476 | Open SSPComPort (COM4) failed
2025-12-21 17:51:19.501 | Open SSPComPort (COM4) failed
2025-12-21 17:51:20.191 | HardDisconnect init
2025-12-21 17:51:20.527 | Status: Getrennt
2025-12-21 17:51:20.537 | HardDisconnect done
2025-12-21 17:51:21.380 | Status: Verbinde...
2025-12-21 17:51:21.385 | Thread gestartet
2025-12-21 17:51:21.383 | Open SSPComPort (COM4) failed
2025-12-21 17:51:21.396 | Status: Port nicht verfügbar
2025-12-21 17:51:22.206 | Enable vorgemerkt (wird nach Handshake ausgeführt)
2025-12-21 17:51:22.422 | Open SSPComPort (COM4) failed
2025-12-21 17:51:23.448 | Open SSPComPort (COM4) failed
2025-12-21 17:51:24.477 | Open SSPComPort (COM4) failed
2025-12-21 17:51:25.500 | Open SSPComPort (COM4) failed
2025-12-21 17:51:26.227 | HardDisconnect init
2025-12-21 17:51:26.530 | Status: Getrennt
2025-12-21 17:51:26.543 | HardDisconnect done
2025-12-21 17:51:27.414 | Status: Verbinde...
2025-12-21 17:51:27.422 | Open SSPComPort (COM4) failed
2025-12-21 17:51:27.426 | Thread gestartet
2025-12-21 17:51:27.437 | Status: Port nicht verfügbar
2025-12-21 17:51:28.263 | Enable vorgemerkt (wird nach Handshake ausgeführt)
2025-12-21 17:51:28.480 | Open SSPComPort (COM4) failed
2025-12-21 17:51:29.510 | Open SSPComPort (COM4) failed
2025-12-21 17:51:30.533 | Open SSPComPort (COM4) failed
2025-12-21 17:51:31.567 | Open SSPComPort (COM4) failed
2025-12-21 17:51:32.251 | HardDisconnect init
2025-12-21 17:51:32.597 | Status: Getrennt
2025-12-21 17:51:32.611 | HardDisconnect done
2025-12-21 17:51:33.460 | Status: Verbinde...
2025-12-21 17:51:33.470 | Open SSPComPort (COM4) failed
2025-12-21 17:51:33.473 | Thread gestartet
2025-12-21 17:51:33.484 | Status: Port nicht verfügbar
2025-12-21 17:51:34.311 | Enable vorgemerkt (wird nach Handshake ausgeführt)
2025-12-21 17:51:34.528 | Open SSPComPort (COM4) failed
2025-12-21 17:51:35.581 | Open SSPComPort (COM4) failed
2025-12-21 17:51:36.612 | Open SSPComPort (COM4) failed
2025-12-21 17:51:37.644 | Open SSPComPort (COM4) failed
2025-12-21 17:51:38.253 | HardDisconnect init
2025-12-21 17:51:38.683 | Status: Getrennt
2025-12-21 17:51:38.695 | HardDisconnect done
2025-12-21 17:51:39.529 | Status: Verbinde...
2025-12-21 17:51:39.538 | Open SSPComPort (COM4) failed
2025-12-21 17:51:39.542 | Thread gestartet
2025-12-21 17:51:39.552 | Status: Port nicht verfügbar
2025-12-21 17:51:40.374 | Enable vorgemerkt (wird nach Handshake ausgeführt)
2025-12-21 17:51:40.592 | Open SSPComPort (COM4) failed
2025-12-21 17:51:41.619 | Open SSPComPort (COM4) failed
2025-12-21 17:51:42.641 | Open SSPComPort (COM4) failed
2025-12-21 17:51:43.670 | Open SSPComPort (COM4) failed
2025-12-21 17:51:44.277 | HardDisconnect init
2025-12-21 17:51:44.708 | Status: Getrennt
2025-12-21 17:51:44.720 | HardDisconnect done
2025-12-21 17:51:45.568 | Status: Verbinde...
2025-12-21 17:51:45.578 | Open SSPComPort (COM4) failed
2025-12-21 17:51:45.582 | Thread gestartet
2025-12-21 17:51:45.614 | Status: Port nicht verfügbar
2025-12-21 17:51:46.440 | Enable vorgemerkt (wird nach Handshake ausgeführt)
2025-12-21 17:51:46.642 | Open SSPComPort (COM4) failed
2025-12-21 17:51:47.674 | Open SSPComPort (COM4) failed
2025-12-21 17:51:48.705 | Open SSPComPort (COM4) failed
2025-12-21 17:51:49.734 | Open SSPComPort (COM4) failed
2025-12-21 17:51:50.292 | HardDisconnect init
2025-12-21 17:51:50.765 | Status: Getrennt
2025-12-21 17:51:50.778 | HardDisconnect done
2025-12-21 17:51:51.617 | Status: Verbinde...
2025-12-21 17:51:51.628 | Open SSPComPort (COM4) failed
2025-12-21 17:51:51.632 | Thread gestartet
2025-12-21 17:51:51.642 | Status: Port nicht verfügbar
2025-12-21 17:51:52.471 | Enable vorgemerkt (wird nach Handshake ausgeführt)
2025-12-21 17:51:52.676 | Open SSPComPort (COM4) failed
2025-12-21 17:51:53.703 | Open SSPComPort (COM4) failed
2025-12-21 17:51:54.731 | Open SSPComPort (COM4) failed
2025-12-21 17:51:55.757 | Open SSPComPort (COM4) failed
2025-12-21 17:51:56.315 | HardDisconnect init
2025-12-21 17:51:56.793 | Status: Getrennt
2025-12-21 17:51:56.806 | HardDisconnect done
2025-12-21 17:51:57.650 | Status: Verbinde...
2025-12-21 17:51:57.659 | Open SSPComPort (COM4) failed
2025-12-21 17:51:57.674 | Status: Port nicht verfügbar
2025-12-21 17:51:57.663 | Thread gestartet
2025-12-21 17:51:58.501 | Enable vorgemerkt (wird nach Handshake ausgeführt)
2025-12-21 17:51:58.701 | Open SSPComPort (COM4) failed
2025-12-21 17:51:59.722 | Open SSPComPort (COM4) failed
2025-12-21 17:52:00.747 | Open SSPComPort (COM4) failed
2025-12-21 17:52:01.779 | Open SSPComPort (COM4) failed
2025-12-21 17:52:02.326 | HardDisconnect init
2025-12-21 17:52:02.818 | Status: Getrennt
2025-12-21 17:52:02.830 | HardDisconnect done
2025-12-21 17:52:03.676 | Status: Verbinde...
2025-12-21 17:52:03.689 | Thread gestartet
2025-12-21 17:52:03.686 | Open SSPComPort (COM4) failed
2025-12-21 17:52:03.709 | Status: Port nicht verfügbar
2025-12-21 17:52:04.508 | Enable vorgemerkt (wird nach Handshake ausgeführt)
2025-12-21 17:52:04.741 | Open SSPComPort (COM4) failed
2025-12-21 17:52:05.766 | Open SSPComPort (COM4) failed
2025-12-21 17:52:06.785 | Open SSPComPort (COM4) failed
2025-12-21 17:52:07.815 | Open SSPComPort (COM4) failed
2025-12-21 17:52:08.352 | HardDisconnect init
2025-12-21 17:52:08.845 | Status: Getrennt
2025-12-21 17:52:08.857 | HardDisconnect done
2025-12-21 17:52:09.697 | Status: Verbinde...
2025-12-21 17:52:09.710 | Open SSPComPort (COM4) failed
2025-12-21 17:52:09.713 | Thread gestartet
2025-12-21 17:52:09.725 | Status: Port nicht verfügbar
2025-12-21 17:52:10.551 | Enable vorgemerkt (wird nach Handshake ausgeführt)
2025-12-21 17:52:10.767 | Open SSPComPort (COM4) failed
2025-12-21 17:52:11.794 | Open SSPComPort (COM4) failed
2025-12-21 17:52:12.818 | Open SSPComPort (COM4) failed
2025-12-21 17:52:13.846 | Open SSPComPort (COM4) failed
2025-12-21 17:52:14.879 | Open SSPComPort (COM4) failed
2025-12-21 17:52:15.908 | Open SSPComPort (COM4) failed
2025-12-21 17:52:16.938 | Open SSPComPort (COM4) failed
2025-12-21 17:52:17.965 | Open SSPComPort (COM4) failed
2025-12-21 17:52:18.989 | Open SSPComPort (COM4) failed
2025-12-21 17:52:20.017 | Open SSPComPort (COM4) failed
2025-12-21 17:52:21.050 | Open SSPComPort (COM4) failed
2025-12-21 17:52:22.081 | Open SSPComPort (COM4) failed
2025-12-21 17:52:23.116 | Open SSPComPort (COM4) failed
2025-12-21 17:52:24.143 | Open SSPComPort (COM4) failed
2025-12-21 17:52:25.170 | Open SSPComPort (COM4) failed
2025-12-21 17:52:26.205 | Open SSPComPort (COM4) failed
2025-12-21 17:52:27.234 | Open SSPComPort (COM4) failed
2025-12-21 17:52:28.258 | Open SSPComPort (COM4) failed
2025-12-21 17:52:29.288 | Open SSPComPort (COM4) failed
2025-12-21 17:52:30.311 | Open SSPComPort (COM4) failed
2025-12-21 17:52:31.336 | Open SSPComPort (COM4) failed
2025-12-21 17:52:32.361 | Open SSPComPort (COM4) failed
2025-12-21 17:52:33.386 | Open SSPComPort (COM4) failed
2025-12-21 17:52:34.410 | Open SSPComPort (COM4) failed
2025-12-21 17:52:35.441 | Open SSPComPort (COM4) failed
2025-12-21 17:52:36.470 | Open SSPComPort (COM4) failed
2025-12-21 17:52:37.489 | Open SSPComPort (COM4) failed
2025-12-21 17:52:38.512 | Open SSPComPort (COM4) failed
2025-12-21 17:52:39.528 | Open SSPComPort (COM4) failed
2025-12-21 17:52:40.551 | Open SSPComPort (COM4) failed
2025-12-21 17:52:41.569 | Open SSPComPort (COM4) failed
2025-12-21 17:52:42.596 | Open SSPComPort (COM4) failed
2025-12-21 17:52:43.621 | Open SSPComPort (COM4) failed
2025-12-21 17:52:44.652 | Open SSPComPort (COM4) failed
2025-12-21 17:52:45.678 | Open SSPComPort (COM4) failed
2025-12-21 17:52:46.707 | Open SSPComPort (COM4) failed
2025-12-21 17:52:47.735 | Open SSPComPort (COM4) failed
2025-12-21 17:52:48.766 | Open SSPComPort (COM4) failed
2025-12-21 17:52:49.791 | Open SSPComPort (COM4) failed
2025-12-21 17:52:50.820 | Open SSPComPort (COM4) failed
2025-12-21 17:52:51.853 | Open SSPComPort (COM4) failed
2025-12-21 17:52:52.878 | Open SSPComPort (COM4) failed
2025-12-21 17:52:53.904 | Open SSPComPort (COM4) failed
2025-12-21 17:52:54.932 | Open SSPComPort (COM4) failed
2025-12-21 17:52:55.953 | Open SSPComPort (COM4) failed
2025-12-21 17:52:56.983 | Open SSPComPort (COM4) failed
2025-12-21 17:52:58.006 | Open SSPComPort (COM4) failed
2025-12-21 17:52:59.039 | Open SSPComPort (COM4) failed
2025-12-21 17:53:00.060 | Open SSPComPort (COM4) failed
2025-12-21 17:53:01.094 | Open SSPComPort (COM4) failed
2025-12-21 17:53:02.122 | Open SSPComPort (COM4) failed
2025-12-21 17:53:03.145 | Open SSPComPort (COM4) failed
2025-12-21 17:53:04.125 | Disable vorgemerkt (wird nach Handshake ausgeführt)
2025-12-21 17:53:04.131 | HardDisconnect init
2025-12-21 17:53:04.174 | Status: Getrennt
2025-12-21 17:53:04.183 | HardDisconnect done
2025-12-21 17:53:04.307 | Status: konfig deaktiviert
2025-12-21 17:55:59.856 | Status: Verbinde...
2025-12-21 17:55:59.864 | Thread gestartet
2025-12-21 17:55:59.856 | Open SSPComPort (COM4) failed
2025-12-21 17:55:59.874 | Status: Port nicht verfügbar
2025-12-21 17:56:00.694 | HardDisconnect init
2025-12-21 17:56:00.924 | Status: Getrennt
2025-12-21 17:56:00.934 | HardDisconnect done
2025-12-21 17:56:01.775 | Status: Verbinde...
2025-12-21 17:56:01.784 | Open SSPComPort (COM4) failed
2025-12-21 17:56:01.798 | Status: Port nicht verfügbar
2025-12-21 17:56:01.789 | Thread gestartet
2025-12-21 17:56:02.622 | Enable vorgemerkt (wird nach Handshake ausgeführt)
2025-12-21 17:56:02.827 | Open SSPComPort (COM4) failed
2025-12-21 17:56:03.856 | Open SSPComPort (COM4) failed
2025-12-21 17:56:04.885 | Open SSPComPort (COM4) failed
2025-12-21 17:56:05.905 | Open SSPComPort (COM4) failed
2025-12-21 17:56:06.716 | HardDisconnect init
2025-12-21 17:56:06.943 | Status: Getrennt
2025-12-21 17:56:06.956 | HardDisconnect done
2025-12-21 17:56:07.780 | Status: Verbinde...
2025-12-21 17:56:07.789 | Open SSPComPort (COM4) failed
2025-12-21 17:56:07.793 | Thread gestartet
2025-12-21 17:56:07.803 | Status: Port nicht verfügbar
2025-12-21 17:56:08.589 | Enable vorgemerkt (wird nach Handshake ausgeführt)
2025-12-21 17:56:08.627 | Enable vorgemerkt (wird nach Handshake ausgeführt)
2025-12-21 17:56:08.829 | Open SSPComPort (COM4) failed
2025-12-21 17:56:09.412 | Enable vorgemerkt (wird nach Handshake ausgeführt)
2025-12-21 17:56:09.419 | REQ Level 1 ct [plain]
2025-12-21 17:56:09.426 | REQ Level 2 ct [plain]
2025-12-21 17:56:09.431 | REQ Level 5 ct [plain]
2025-12-21 17:56:09.437 | REQ Level 10 ct [plain]
2025-12-21 17:56:09.442 | REQ Level 20 ct [plain]
2025-12-21 17:56:09.448 | REQ Level 50 ct [plain]
2025-12-21 17:56:09.453 | REQ Level 100 ct [plain]
2025-12-21 17:56:09.459 | REQ Level 200 ct [plain]
2025-12-21 17:56:09.856 | Open SSPComPort (COM4) failed
2025-12-21 17:56:10.886 | Open SSPComPort (COM4) failed
2025-12-21 17:56:11.917 | Open SSPComPort (COM4) failed
2025-12-21 17:56:12.727 | HardDisconnect init
2025-12-21 17:56:12.956 | Status: Getrennt
2025-12-21 17:56:12.968 | HardDisconnect done
2025-12-21 17:56:13.808 | Status: Verbinde...
2025-12-21 17:56:13.818 | Open SSPComPort (COM4) failed
2025-12-21 17:56:13.821 | Thread gestartet
2025-12-21 17:56:13.832 | Status: Port nicht verfügbar
2025-12-21 17:56:14.666 | Enable vorgemerkt (wird nach Handshake ausgeführt)
2025-12-21 17:56:14.916 | Open SSPComPort (COM4) failed
2025-12-21 17:56:15.945 | Open SSPComPort (COM4) failed
2025-12-21 17:56:16.967 | Open SSPComPort (COM4) failed
2025-12-21 17:56:17.993 | Open SSPComPort (COM4) failed
2025-12-21 17:56:18.759 | HardDisconnect init
2025-12-21 17:56:19.033 | Status: Getrennt
2025-12-21 17:56:19.044 | HardDisconnect done
2025-12-21 17:56:19.890 | Status: Verbinde...
2025-12-21 17:56:19.899 | Open SSPComPort (COM4) failed
2025-12-21 17:56:19.902 | Thread gestartet
2025-12-21 17:56:19.913 | Status: Port nicht verfügbar
2025-12-21 17:56:20.728 | Enable vorgemerkt (wird nach Handshake ausgeführt)
2025-12-21 17:56:20.947 | Open SSPComPort (COM4) failed
2025-12-21 17:56:21.971 | Open SSPComPort (COM4) failed
2025-12-21 17:56:22.998 | Open SSPComPort (COM4) failed
2025-12-21 17:56:24.024 | Open SSPComPort (COM4) failed
2025-12-21 17:56:24.784 | HardDisconnect init
2025-12-21 17:56:25.053 | Status: Getrennt
2025-12-21 17:56:25.066 | HardDisconnect done
2025-12-21 17:56:25.899 | Status: Verbinde...
2025-12-21 17:56:25.908 | Thread gestartet
2025-12-21 17:56:25.905 | Open SSPComPort (COM4) failed
2025-12-21 17:56:25.923 | Status: Port nicht verfügbar
2025-12-21 17:56:26.725 | Enable vorgemerkt (wird nach Handshake ausgeführt)
2025-12-21 17:56:26.944 | Open SSPComPort (COM4) failed
2025-12-21 17:56:27.965 | Open SSPComPort (COM4) failed
2025-12-21 17:56:28.990 | Open SSPComPort (COM4) failed
2025-12-21 17:56:30.014 | Open SSPComPort (COM4) failed
2025-12-21 17:56:30.810 | HardDisconnect init
2025-12-21 17:56:31.054 | Status: Getrennt
2025-12-21 17:56:31.068 | HardDisconnect done
2025-12-21 17:56:31.909 | Status: Verbinde...
2025-12-21 17:56:31.922 | Thread gestartet
2025-12-21 17:56:31.919 | Open SSPComPort (COM4) failed
2025-12-21 17:56:31.951 | Status: Port nicht verfügbar
2025-12-21 17:56:32.759 | Enable vorgemerkt (wird nach Handshake ausgeführt)
2025-12-21 17:56:32.980 | Open SSPComPort (COM4) failed
2025-12-21 17:56:34.009 | Open SSPComPort (COM4) failed
2025-12-21 17:56:35.039 | Open SSPComPort (COM4) failed
2025-12-21 17:56:36.071 | Open SSPComPort (COM4) failed
2025-12-21 17:56:36.833 | HardDisconnect init
2025-12-21 17:56:37.111 | Status: Getrennt
2025-12-21 17:56:37.123 | HardDisconnect done
2025-12-21 17:56:37.970 | Status: Verbinde...
2025-12-21 17:56:37.980 | Open SSPComPort (COM4) failed
2025-12-21 17:56:37.994 | Status: Port nicht verfügbar
2025-12-21 17:56:37.984 | Thread gestartet
2025-12-21 17:56:38.819 | Enable vorgemerkt (wird nach Handshake ausgeführt)
2025-12-21 17:56:39.025 | Open SSPComPort (COM4) failed
2025-12-21 17:56:40.050 | Open SSPComPort (COM4) failed
2025-12-21 17:56:41.078 | Open SSPComPort (COM4) failed
2025-12-21 17:56:42.108 | Open SSPComPort (COM4) failed
2025-12-21 17:56:42.840 | HardDisconnect init
2025-12-21 17:56:43.141 | Status: Getrennt
2025-12-21 17:56:43.154 | HardDisconnect done
2025-12-21 17:56:43.983 | Status: Verbinde...
2025-12-21 17:56:43.995 | Open SSPComPort (COM4) failed
2025-12-21 17:56:43.999 | Thread gestartet
2025-12-21 17:56:44.008 | Status: Port nicht verfügbar
2025-12-21 17:56:44.832 | Enable vorgemerkt (wird nach Handshake ausgeführt)
2025-12-21 17:56:45.038 | Open SSPComPort (COM4) failed
2025-12-21 17:56:46.065 | Open SSPComPort (COM4) failed
2025-12-21 17:56:47.093 | Open SSPComPort (COM4) failed
2025-12-21 17:56:48.116 | Open SSPComPort (COM4) failed
2025-12-21 17:56:48.865 | HardDisconnect init
2025-12-21 17:56:49.153 | Status: Getrennt
2025-12-21 17:56:49.166 | HardDisconnect done
2025-12-21 17:56:50.010 | Status: Verbinde...
2025-12-21 17:56:50.019 | Open SSPComPort (COM4) failed
2025-12-21 17:56:50.023 | Thread gestartet
2025-12-21 17:56:50.033 | Status: Port nicht verfügbar
2025-12-21 17:56:50.855 | Enable vorgemerkt (wird nach Handshake ausgeführt)
2025-12-21 17:56:51.075 | Open SSPComPort (COM4) failed
2025-12-21 17:56:52.103 | Open SSPComPort (COM4) failed
2025-12-21 17:56:53.131 | Open SSPComPort (COM4) failed
2025-12-21 17:56:54.164 | Open SSPComPort (COM4) failed
2025-12-21 17:56:54.882 | HardDisconnect init
2025-12-21 17:56:55.202 | Status: Getrennt
2025-12-21 17:56:55.214 | HardDisconnect done
2025-12-21 17:56:56.045 | Status: Verbinde...
2025-12-21 17:56:56.055 | Open SSPComPort (COM4) failed
2025-12-21 17:56:56.058 | Thread gestartet
2025-12-21 17:56:56.069 | Status: Port nicht verfügbar
2025-12-21 17:56:56.898 | Enable vorgemerkt (wird nach Handshake ausgeführt)
2025-12-21 17:56:57.101 | Open SSPComPort (COM4) failed
2025-12-21 17:56:58.131 | Open SSPComPort (COM4) failed
2025-12-21 17:56:59.156 | Open SSPComPort (COM4) failed
2025-12-21 17:57:00.189 | Open SSPComPort (COM4) failed
2025-12-21 17:57:01.211 | Open SSPComPort (COM4) failed
2025-12-21 17:57:02.237 | Open SSPComPort (COM4) failed
2025-12-21 17:57:03.264 | Open SSPComPort (COM4) failed
2025-12-21 17:57:04.291 | Open SSPComPort (COM4) failed
2025-12-21 17:57:05.321 | Open SSPComPort (COM4) failed
2025-12-21 17:57:06.348 | Open SSPComPort (COM4) failed
2025-12-21 17:57:07.376 | Open SSPComPort (COM4) failed
2025-12-21 17:57:08.402 | Open SSPComPort (COM4) failed
2025-12-21 17:57:09.428 | Open SSPComPort (COM4) failed
2025-12-21 17:57:10.459 | Open SSPComPort (COM4) failed
2025-12-21 17:57:11.490 | Open SSPComPort (COM4) failed
2025-12-21 17:57:12.519 | Open SSPComPort (COM4) failed
2025-12-21 17:57:13.541 | Open SSPComPort (COM4) failed
2025-12-21 17:57:14.569 | Open SSPComPort (COM4) failed
2025-12-21 17:57:15.597 | Open SSPComPort (COM4) failed
2025-12-21 17:57:16.628 | Open SSPComPort (COM4) failed
2025-12-21 17:57:17.657 | Open SSPComPort (COM4) failed
2025-12-21 17:57:18.677 | Open SSPComPort (COM4) failed
2025-12-21 17:57:19.708 | Open SSPComPort (COM4) failed
2025-12-21 17:57:20.731 | Open SSPComPort (COM4) failed
2025-12-21 17:57:21.757 | Open SSPComPort (COM4) failed
2025-12-21 17:57:22.784 | Open SSPComPort (COM4) failed
2025-12-21 17:57:23.812 | Open SSPComPort (COM4) failed
2025-12-21 17:57:24.831 | Open SSPComPort (COM4) failed
2025-12-21 17:57:25.861 | Open SSPComPort (COM4) failed
2025-12-21 17:57:26.880 | Open SSPComPort (COM4) failed
2025-12-21 17:57:27.906 | Open SSPComPort (COM4) failed
2025-12-21 17:57:28.936 | Open SSPComPort (COM4) failed
2025-12-21 17:57:29.963 | Open SSPComPort (COM4) failed
2025-12-21 17:57:30.989 | Open SSPComPort (COM4) failed
2025-12-21 17:57:32.020 | Open SSPComPort (COM4) failed
2025-12-21 17:57:33.047 | Open SSPComPort (COM4) failed
2025-12-21 17:57:34.073 | Open SSPComPort (COM4) failed
2025-12-21 17:57:35.098 | Open SSPComPort (COM4) failed
2025-12-21 17:57:36.128 | Open SSPComPort (COM4) failed
2025-12-21 17:57:37.156 | Open SSPComPort (COM4) failed
2025-12-21 17:57:38.182 | Open SSPComPort (COM4) failed
2025-12-21 17:57:39.207 | Open SSPComPort (COM4) failed
2025-12-21 17:57:40.237 | Open SSPComPort (COM4) failed
2025-12-21 17:57:41.260 | Open SSPComPort (COM4) failed
2025-12-21 17:57:42.286 | Open SSPComPort (COM4) failed
2025-12-21 17:57:42.668 | Disable vorgemerkt (wird nach Handshake ausgeführt)
2025-12-21 17:57:42.677 | HardDisconnect init
2025-12-21 17:57:43.321 | Status: Getrennt
2025-12-21 17:57:43.333 | HardDisconnect done
2025-12-21 17:57:43.447 | Status: konfig deaktiviert
2025-12-21 18:02:04.407 | Status: Verbinde...
2025-12-21 18:02:04.407 | Open SSPComPort (COM4) failed
2025-12-21 18:02:04.414 | Thread gestartet
2025-12-21 18:02:04.419 | Status: Port nicht verfügbar
2025-12-21 18:02:05.445 | Open SSPComPort (COM4) failed
2025-12-21 18:02:06.484 | Open SSPComPort (COM4) failed
2025-12-21 18:02:07.509 | Open SSPComPort (COM4) failed
2025-12-21 18:02:08.523 | Open SSPComPort (COM4) failed
2025-12-21 18:02:09.542 | Open SSPComPort (COM4) failed
2025-12-21 18:02:10.572 | Open SSPComPort (COM4) failed
2025-12-21 18:02:11.261 | HardDisconnect init
2025-12-21 18:02:11.599 | Status: Getrennt
2025-12-21 18:02:11.610 | HardDisconnect done
2025-12-21 18:02:12.454 | Status: Verbinde...
2025-12-21 18:02:12.463 | Open SSPComPort (COM4) failed
2025-12-21 18:02:12.477 | Status: Port nicht verfügbar
2025-12-21 18:02:12.467 | Thread gestartet
2025-12-21 18:02:13.309 | Enable vorgemerkt (wird nach Handshake ausgeführt)
2025-12-21 18:02:13.497 | Open SSPComPort (COM4) failed
2025-12-21 18:02:14.529 | Open SSPComPort (COM4) failed
2025-12-21 18:02:15.559 | Open SSPComPort (COM4) failed
2025-12-21 18:02:16.590 | Open SSPComPort (COM4) failed
2025-12-21 18:02:17.289 | HardDisconnect init
2025-12-21 18:02:17.620 | Status: Getrennt
2025-12-21 18:02:17.629 | HardDisconnect done
2025-12-21 18:02:18.473 | Status: Verbinde...
2025-12-21 18:02:18.482 | Open SSPComPort (COM4) failed
2025-12-21 18:02:18.495 | Status: Port nicht verfügbar
2025-12-21 18:02:18.486 | Thread gestartet
2025-12-21 18:02:19.325 | Enable vorgemerkt (wird nach Handshake ausgeführt)
2025-12-21 18:02:19.528 | Open SSPComPort (COM4) failed
2025-12-21 18:02:20.557 | Open SSPComPort (COM4) failed
2025-12-21 18:02:21.580 | Open SSPComPort (COM4) failed
2025-12-21 18:02:22.606 | Open SSPComPort (COM4) failed
2025-12-21 18:02:23.334 | HardDisconnect init
2025-12-21 18:02:23.636 | Status: Getrennt
2025-12-21 18:02:23.648 | HardDisconnect done
2025-12-21 18:02:24.489 | Status: Verbinde...
2025-12-21 18:02:24.498 | Open SSPComPort (COM4) failed
2025-12-21 18:02:24.512 | Status: Port nicht verfügbar
2025-12-21 18:02:24.504 | Thread gestartet
2025-12-21 18:02:25.340 | Enable vorgemerkt (wird nach Handshake ausgeführt)
2025-12-21 18:02:25.543 | Open SSPComPort (COM4) failed
2025-12-21 18:02:26.565 | Open SSPComPort (COM4) failed
2025-12-21 18:02:27.591 | Open SSPComPort (COM4) failed
2025-12-21 18:02:28.269 | Enable vorgemerkt (wird nach Handshake ausgeführt)
2025-12-21 18:02:28.621 | Open SSPComPort (COM4) failed
2025-12-21 18:02:29.102 | Enable vorgemerkt (wird nach Handshake ausgeführt)
2025-12-21 18:02:29.113 | REQ Level 1 ct [plain]
2025-12-21 18:02:29.120 | REQ Level 2 ct [plain]
2025-12-21 18:02:29.128 | REQ Level 5 ct [plain]
2025-12-21 18:02:29.137 | REQ Level 10 ct [plain]
2025-12-21 18:02:29.146 | REQ Level 20 ct [plain]
2025-12-21 18:02:29.155 | REQ Level 50 ct [plain]
2025-12-21 18:02:29.164 | REQ Level 100 ct [plain]
2025-12-21 18:02:29.173 | REQ Level 200 ct [plain]
2025-12-21 18:02:29.351 | HardDisconnect init
2025-12-21 18:02:29.653 | Status: Getrennt
2025-12-21 18:02:29.663 | HardDisconnect done
2025-12-21 18:02:30.508 | Status: Verbinde...
2025-12-21 18:02:30.520 | Open SSPComPort (COM4) failed
2025-12-21 18:02:30.525 | Thread gestartet
2025-12-21 18:02:30.535 | Status: Port nicht verfügbar
2025-12-21 18:02:31.358 | Enable vorgemerkt (wird nach Handshake ausgeführt)
2025-12-21 18:02:31.577 | Open SSPComPort (COM4) failed
2025-12-21 18:02:32.601 | Open SSPComPort (COM4) failed
2025-12-21 18:02:33.628 | Open SSPComPort (COM4) failed
2025-12-21 18:02:34.656 | Open SSPComPort (COM4) failed
2025-12-21 18:02:35.375 | HardDisconnect init
2025-12-21 18:02:35.697 | Status: Getrennt
2025-12-21 18:02:35.709 | HardDisconnect done
2025-12-21 18:02:36.554 | Status: Verbinde...
2025-12-21 18:02:36.564 | Open SSPComPort (COM4) failed
2025-12-21 18:02:36.568 | Thread gestartet
2025-12-21 18:02:36.578 | Status: Port nicht verfügbar
2025-12-21 18:02:37.401 | Enable vorgemerkt (wird nach Handshake ausgeführt)
2025-12-21 18:02:37.619 | Open SSPComPort (COM4) failed
2025-12-21 18:02:38.642 | Open SSPComPort (COM4) failed
2025-12-21 18:02:39.673 | Open SSPComPort (COM4) failed
2025-12-21 18:02:40.704 | Open SSPComPort (COM4) failed
2025-12-21 18:02:41.386 | HardDisconnect init
2025-12-21 18:02:41.737 | Status: Getrennt
2025-12-21 18:02:41.751 | HardDisconnect done
2025-12-21 18:02:42.597 | Status: Verbinde...
2025-12-21 18:02:42.609 | Open SSPComPort (COM4) failed
2025-12-21 18:02:42.613 | Thread gestartet
2025-12-21 18:02:42.624 | Status: Port nicht verfügbar
2025-12-21 18:02:43.444 | Enable vorgemerkt (wird nach Handshake ausgeführt)
2025-12-21 18:02:43.663 | Open SSPComPort (COM4) failed
2025-12-21 18:02:44.689 | Open SSPComPort (COM4) failed
2025-12-21 18:02:45.717 | Open SSPComPort (COM4) failed
2025-12-21 18:02:46.741 | Open SSPComPort (COM4) failed
2025-12-21 18:02:47.408 | HardDisconnect init
2025-12-21 18:02:47.775 | Status: Getrennt
2025-12-21 18:02:47.787 | HardDisconnect done
2025-12-21 18:02:48.618 | Status: Verbinde...
2025-12-21 18:02:48.626 | Open SSPComPort (COM4) failed
2025-12-21 18:02:48.630 | Thread gestartet
2025-12-21 18:02:48.640 | Status: Port nicht verfügbar
2025-12-21 18:02:49.483 | Enable vorgemerkt (wird nach Handshake ausgeführt)
2025-12-21 18:02:49.706 | Open SSPComPort (COM4) failed
2025-12-21 18:02:50.733 | Open SSPComPort (COM4) failed
2025-12-21 18:02:51.753 | Open SSPComPort (COM4) failed
2025-12-21 18:02:52.779 | Open SSPComPort (COM4) failed
2025-12-21 18:02:53.416 | HardDisconnect init
2025-12-21 18:02:53.812 | Status: Getrennt
2025-12-21 18:02:53.823 | HardDisconnect done
2025-12-21 18:02:54.650 | Status: Verbinde...
2025-12-21 18:02:54.660 | Open SSPComPort (COM4) failed
2025-12-21 18:02:54.670 | Status: Port nicht verfügbar
2025-12-21 18:02:54.662 | Thread gestartet
2025-12-21 18:02:55.501 | Enable vorgemerkt (wird nach Handshake ausgeführt)
2025-12-21 18:02:55.703 | Open SSPComPort (COM4) failed
2025-12-21 18:02:56.732 | Open SSPComPort (COM4) failed
2025-12-21 18:02:57.761 | Open SSPComPort (COM4) failed
2025-12-21 18:02:58.786 | Open SSPComPort (COM4) failed
2025-12-21 18:02:59.453 | HardDisconnect init
2025-12-21 18:02:59.818 | Status: Getrennt
2025-12-21 18:02:59.831 | HardDisconnect done
2025-12-21 18:03:00.676 | Status: Verbinde...
2025-12-21 18:03:00.685 | Open SSPComPort (COM4) failed
2025-12-21 18:03:00.689 | Thread gestartet
2025-12-21 18:03:00.700 | Status: Port nicht verfügbar
2025-12-21 18:03:01.533 | Enable vorgemerkt (wird nach Handshake ausgeführt)
2025-12-21 18:03:01.740 | Open SSPComPort (COM4) failed
2025-12-21 18:03:02.703 | Disable vorgemerkt (wird nach Handshake ausgeführt)
2025-12-21 18:03:02.714 | HardDisconnect init
2025-12-21 18:03:02.767 | Status: Getrennt
2025-12-21 18:03:02.778 | HardDisconnect done
2025-12-21 18:03:02.899 | Status: konfig deaktiviert
2025-12-21 18:05:37.843 | Status: Verbinde...
2025-12-21 18:05:37.843 | Open SSPComPort (COM4) failed
2025-12-21 18:05:37.850 | Thread gestartet
2025-12-21 18:05:37.854 | Status: Port nicht verfügbar
2025-12-21 18:05:38.884 | Open SSPComPort (COM4) failed
2025-12-21 18:05:39.928 | Open SSPComPort (COM4) failed
2025-12-21 18:05:40.959 | Open SSPComPort (COM4) failed
2025-12-21 18:05:41.976 | Open SSPComPort (COM4) failed
2025-12-21 18:05:42.992 | Open SSPComPort (COM4) failed
2025-12-21 18:05:43.831 | Enable vorgemerkt (wird nach Handshake ausgeführt)
2025-12-21 18:05:44.013 | Open SSPComPort (COM4) failed
2025-12-21 18:05:44.694 | HardDisconnect init
2025-12-21 18:05:44.748 | Enable vorgemerkt (wird nach Handshake ausgeführt)
2025-12-21 18:05:44.758 | REQ Level 1 ct [plain]
2025-12-21 18:05:44.767 | REQ Level 2 ct [plain]
2025-12-21 18:05:44.777 | REQ Level 5 ct [plain]
2025-12-21 18:05:44.785 | REQ Level 10 ct [plain]
2025-12-21 18:05:44.794 | REQ Level 20 ct [plain]
2025-12-21 18:05:44.804 | REQ Level 50 ct [plain]
2025-12-21 18:05:44.813 | REQ Level 100 ct [plain]
2025-12-21 18:05:44.824 | REQ Level 200 ct [plain]
2025-12-21 18:05:45.121 | Status: Getrennt
2025-12-21 18:05:45.133 | HardDisconnect done
2025-12-21 18:05:45.968 | Status: Verbinde...
2025-12-21 18:05:45.980 | Open SSPComPort (COM4) failed
2025-12-21 18:05:45.984 | Thread gestartet
2025-12-21 18:05:45.994 | Status: Port nicht verfügbar
2025-12-21 18:05:46.806 | Enable vorgemerkt (wird nach Handshake ausgeführt)
2025-12-21 18:05:47.027 | Open SSPComPort (COM4) failed
2025-12-21 18:05:48.043 | Open SSPComPort (COM4) failed
2025-12-21 18:05:49.071 | Open SSPComPort (COM4) failed
2025-12-21 18:05:50.102 | Open SSPComPort (COM4) failed
2025-12-21 18:05:50.725 | HardDisconnect init
2025-12-21 18:05:51.141 | Status: Getrennt
2025-12-21 18:05:51.153 | HardDisconnect done
2025-12-21 18:05:51.982 | Status: Verbinde...
2025-12-21 18:05:51.994 | Open SSPComPort (COM4) failed
2025-12-21 18:05:51.997 | Thread gestartet
2025-12-21 18:05:52.009 | Status: Port nicht verfügbar
2025-12-21 18:05:52.835 | Enable vorgemerkt (wird nach Handshake ausgeführt)
2025-12-21 18:05:53.037 | Open SSPComPort (COM4) failed
2025-12-21 18:05:54.070 | Open SSPComPort (COM4) failed
2025-12-21 18:05:55.101 | Open SSPComPort (COM4) failed
2025-12-21 18:05:56.125 | Open SSPComPort (COM4) failed
2025-12-21 18:05:56.744 | HardDisconnect init
2025-12-21 18:05:57.158 | Status: Getrennt
2025-12-21 18:05:57.173 | HardDisconnect done
2025-12-21 18:05:58.011 | Status: Verbinde...
2025-12-21 18:05:58.023 | Open SSPComPort (COM4) failed
2025-12-21 18:05:58.026 | Thread gestartet
2025-12-21 18:05:58.036 | Status: Port nicht verfügbar
2025-12-21 18:05:58.851 | Enable vorgemerkt (wird nach Handshake ausgeführt)
2025-12-21 18:05:59.071 | Open SSPComPort (COM4) failed
2025-12-21 18:06:00.117 | Open SSPComPort (COM4) failed
2025-12-21 18:06:01.138 | Open SSPComPort (COM4) failed
2025-12-21 18:06:02.161 | Open SSPComPort (COM4) failed
2025-12-21 18:06:02.748 | HardDisconnect init
2025-12-21 18:06:03.197 | Status: Getrennt
2025-12-21 18:06:03.209 | HardDisconnect done
2025-12-21 18:06:04.049 | Status: Verbinde...
2025-12-21 18:06:04.059 | Open SSPComPort (COM4) failed
2025-12-21 18:06:04.062 | Thread gestartet
2025-12-21 18:06:04.072 | Status: Port nicht verfügbar
2025-12-21 18:06:04.902 | Enable vorgemerkt (wird nach Handshake ausgeführt)
2025-12-21 18:06:05.110 | Open SSPComPort (COM4) failed
2025-12-21 18:06:06.135 | Open SSPComPort (COM4) failed
2025-12-21 18:06:07.158 | Open SSPComPort (COM4) failed
2025-12-21 18:06:08.196 | Open SSPComPort (COM4) failed
2025-12-21 18:06:08.803 | HardDisconnect init
2025-12-21 18:06:09.225 | Status: Getrennt
2025-12-21 18:06:09.232 | HardDisconnect done
2025-12-21 18:06:10.070 | Status: Verbinde...
2025-12-21 18:06:10.079 | Open SSPComPort (COM4) failed
2025-12-21 18:06:10.083 | Thread gestartet
2025-12-21 18:06:10.093 | Status: Port nicht verfügbar
2025-12-21 18:06:10.929 | Enable vorgemerkt (wird nach Handshake ausgeführt)
2025-12-21 18:06:11.132 | Open SSPComPort (COM4) failed
2025-12-21 18:06:12.158 | Open SSPComPort (COM4) failed
2025-12-21 18:06:13.188 | Open SSPComPort (COM4) failed
2025-12-21 18:06:14.214 | Open SSPComPort (COM4) failed
2025-12-21 18:06:14.809 | HardDisconnect init
2025-12-21 18:06:15.251 | Status: Getrennt
2025-12-21 18:06:15.259 | HardDisconnect done
2025-12-21 18:06:16.095 | Status: Verbinde...
2025-12-21 18:06:16.104 | Open SSPComPort (COM4) failed
2025-12-21 18:06:16.108 | Thread gestartet
2025-12-21 18:06:16.118 | Status: Port nicht verfügbar
2025-12-21 18:06:16.941 | Enable vorgemerkt (wird nach Handshake ausgeführt)
2025-12-21 18:06:17.161 | Open SSPComPort (COM4) failed
2025-12-21 18:06:18.194 | Open SSPComPort (COM4) failed
2025-12-21 18:06:19.220 | Open SSPComPort (COM4) failed
2025-12-21 18:06:20.247 | Open SSPComPort (COM4) failed
2025-12-21 18:06:20.839 | HardDisconnect init
2025-12-21 18:06:21.285 | Status: Getrennt
2025-12-21 18:06:21.297 | HardDisconnect done
2025-12-21 18:06:22.137 | Status: Verbinde...
2025-12-21 18:06:22.147 | Open SSPComPort (COM4) failed
2025-12-21 18:06:22.159 | Status: Port nicht verfügbar
2025-12-21 18:06:22.150 | Thread gestartet
2025-12-21 18:06:22.994 | Enable vorgemerkt (wird nach Handshake ausgeführt)
2025-12-21 18:06:23.184 | Open SSPComPort (COM4) failed
2025-12-21 18:06:24.215 | Open SSPComPort (COM4) failed
2025-12-21 18:06:25.247 | Open SSPComPort (COM4) failed
2025-12-21 18:06:26.280 | Open SSPComPort (COM4) failed
2025-12-21 18:06:26.852 | HardDisconnect init
2025-12-21 18:06:27.314 | Status: Getrennt
2025-12-21 18:06:27.325 | HardDisconnect done
2025-12-21 18:06:28.167 | Status: Verbinde...
2025-12-21 18:06:28.179 | Open SSPComPort (COM4) failed
2025-12-21 18:06:28.183 | Thread gestartet
2025-12-21 18:06:28.193 | Status: Port nicht verfügbar
2025-12-21 18:06:29.013 | Enable vorgemerkt (wird nach Handshake ausgeführt)
2025-12-21 18:06:29.232 | Open SSPComPort (COM4) failed
2025-12-21 18:06:30.253 | Open SSPComPort (COM4) failed
2025-12-21 18:06:31.279 | Open SSPComPort (COM4) failed
2025-12-21 18:06:32.308 | Open SSPComPort (COM4) failed
2025-12-21 18:06:32.884 | HardDisconnect init
2025-12-21 18:06:33.343 | Status: Getrennt
2025-12-21 18:06:33.355 | HardDisconnect done
2025-12-21 18:06:34.201 | Status: Verbinde...
2025-12-21 18:06:34.210 | Open SSPComPort (COM4) failed
2025-12-21 18:06:34.214 | Thread gestartet
2025-12-21 18:06:34.223 | Status: Port nicht verfügbar
2025-12-21 18:06:35.046 | Enable vorgemerkt (wird nach Handshake ausgeführt)
2025-12-21 18:06:35.265 | Open SSPComPort (COM4) failed
2025-12-21 18:06:36.290 | Open SSPComPort (COM4) failed
2025-12-21 18:06:37.315 | Open SSPComPort (COM4) failed
2025-12-21 18:06:38.342 | Open SSPComPort (COM4) failed
2025-12-21 18:06:39.368 | Open SSPComPort (COM4) failed
2025-12-21 18:06:40.396 | Open SSPComPort (COM4) failed
2025-12-21 18:06:41.418 | Open SSPComPort (COM4) failed
2025-12-21 18:06:42.442 | Open SSPComPort (COM4) failed
2025-12-21 18:06:43.464 | Open SSPComPort (COM4) failed
2025-12-21 18:06:44.484 | Open SSPComPort (COM4) failed
2025-12-21 18:06:45.502 | Open SSPComPort (COM4) failed
2025-12-21 18:06:46.530 | Open SSPComPort (COM4) failed
2025-12-21 18:06:47.562 | Open SSPComPort (COM4) failed
2025-12-21 18:06:48.592 | Open SSPComPort (COM4) failed
2025-12-21 18:06:49.616 | Open SSPComPort (COM4) failed
2025-12-21 18:06:50.641 | Open SSPComPort (COM4) failed
2025-12-21 18:06:51.673 | Open SSPComPort (COM4) failed
2025-12-21 18:06:52.703 | Open SSPComPort (COM4) failed
2025-12-21 18:06:53.728 | Open SSPComPort (COM4) failed
2025-12-21 18:06:54.754 | Open SSPComPort (COM4) failed
2025-12-21 18:06:55.783 | Open SSPComPort (COM4) failed
2025-12-21 18:06:56.811 | Open SSPComPort (COM4) failed
2025-12-21 18:06:56.929 | Disable vorgemerkt (wird nach Handshake ausgeführt)
2025-12-21 18:06:56.940 | HardDisconnect init
2025-12-21 18:06:57.850 | Status: Getrennt
2025-12-21 18:06:57.862 | HardDisconnect done
2025-12-21 18:06:57.979 | Status: konfig deaktiviert
2025-12-21 18:11:51.237 | Open SSPComPort (COM4) failed
2025-12-21 18:11:51.237 | Status: Verbinde...
2025-12-21 18:11:51.248 | Thread gestartet
2025-12-21 18:11:51.243 | Status: Port nicht verfügbar
2025-12-21 18:11:52.271 | Open SSPComPort (COM4) failed
2025-12-21 18:11:53.299 | Open SSPComPort (COM4) failed
2025-12-21 18:11:54.329 | Open SSPComPort (COM4) failed
2025-12-21 18:11:55.349 | Open SSPComPort (COM4) failed
2025-12-21 18:11:56.381 | Open SSPComPort (COM4) failed
2025-12-21 18:11:57.412 | Open SSPComPort (COM4) failed
2025-12-21 18:11:58.097 | HardDisconnect init
2025-12-21 18:11:58.442 | Status: Getrennt
2025-12-21 18:11:58.454 | HardDisconnect done
2025-12-21 18:11:59.299 | Status: Verbinde...
2025-12-21 18:11:59.306 | Open SSPComPort (COM4) failed
2025-12-21 18:11:59.320 | Status: Port nicht verfügbar
2025-12-21 18:11:59.311 | Thread gestartet
2025-12-21 18:12:00.155 | Enable vorgemerkt (wird nach Handshake ausgeführt)
2025-12-21 18:12:00.340 | Open SSPComPort (COM4) failed
2025-12-21 18:12:01.368 | Open SSPComPort (COM4) failed
2025-12-21 18:12:02.395 | Open SSPComPort (COM4) failed
2025-12-21 18:12:03.420 | Open SSPComPort (COM4) failed
2025-12-21 18:12:03.707 | Enable vorgemerkt (wird nach Handshake ausgeführt)
2025-12-21 18:12:04.151 | HardDisconnect init
2025-12-21 18:12:04.452 | Status: Getrennt
2025-12-21 18:12:04.462 | HardDisconnect done
2025-12-21 18:12:04.578 | Status: Verbinde...
2025-12-21 18:12:04.595 | Thread gestartet
2025-12-21 18:12:04.608 | Enable vorgemerkt (wird nach Handshake ausgeführt)
2025-12-21 18:12:04.625 | REQ Level 1 ct [plain]
2025-12-21 18:12:04.634 | REQ Level 2 ct [plain]
2025-12-21 18:12:04.589 | Open SSPComPort (COM4) failed
2025-12-21 18:12:04.651 | Status: Port nicht verfügbar
2025-12-21 18:12:04.642 | REQ Level 5 ct [plain]
2025-12-21 18:12:04.669 | REQ Level 10 ct [plain]
2025-12-21 18:12:04.677 | REQ Level 20 ct [plain]
2025-12-21 18:12:04.687 | REQ Level 50 ct [plain]
2025-12-21 18:12:04.695 | REQ Level 100 ct [plain]
2025-12-21 18:12:04.704 | REQ Level 200 ct [plain]
2025-12-21 18:12:05.668 | Open SSPComPort (COM4) failed
2025-12-21 18:12:06.103 | Enable vorgemerkt (wird nach Handshake ausgeführt)
2025-12-21 18:12:06.694 | Open SSPComPort (COM4) failed
2025-12-21 18:12:07.715 | Open SSPComPort (COM4) failed
2025-12-21 18:12:08.742 | Open SSPComPort (COM4) failed
2025-12-21 18:12:09.770 | Open SSPComPort (COM4) failed
2025-12-21 18:12:10.154 | HardDisconnect init
2025-12-21 18:12:10.805 | Status: Getrennt
2025-12-21 18:12:10.818 | HardDisconnect done
2025-12-21 18:12:11.660 | Status: Verbinde...
2025-12-21 18:12:11.671 | Open SSPComPort (COM4) failed
2025-12-21 18:12:11.674 | Thread gestartet
2025-12-21 18:12:11.685 | Status: Port nicht verfügbar
2025-12-21 18:12:12.507 | Enable vorgemerkt (wird nach Handshake ausgeführt)
2025-12-21 18:12:12.713 | Open SSPComPort (COM4) failed
2025-12-21 18:12:13.736 | Open SSPComPort (COM4) failed
2025-12-21 18:12:14.754 | Open SSPComPort (COM4) failed
2025-12-21 18:12:15.784 | Open SSPComPort (COM4) failed
2025-12-21 18:12:16.169 | HardDisconnect init
2025-12-21 18:12:16.815 | Status: Getrennt
2025-12-21 18:12:16.829 | HardDisconnect done
2025-12-21 18:12:17.674 | Status: Verbinde...
2025-12-21 18:12:17.683 | Open SSPComPort (COM4) failed
2025-12-21 18:12:17.686 | Thread gestartet
2025-12-21 18:12:17.698 | Status: Port nicht verfügbar
2025-12-21 18:12:18.519 | Enable vorgemerkt (wird nach Handshake ausgeführt)
2025-12-21 18:12:18.737 | Open SSPComPort (COM4) failed
2025-12-21 18:12:19.762 | Open SSPComPort (COM4) failed
2025-12-21 18:12:20.790 | Open SSPComPort (COM4) failed
2025-12-21 18:12:21.819 | Open SSPComPort (COM4) failed
2025-12-21 18:12:22.179 | HardDisconnect init
2025-12-21 18:12:22.852 | Status: Getrennt
2025-12-21 18:12:22.865 | HardDisconnect done
2025-12-21 18:12:23.639 | HardDisconnect init
2025-12-21 18:12:23.650 | HardDisconnect done
2025-12-21 18:12:23.780 | Status: konfig deaktiviert
2025-12-21 18:13:08.365 | Status: Verbinde...
2025-12-21 18:13:08.371 | Thread gestartet
2025-12-21 18:13:08.366 | Open SSPComPort (COM4) failed
2025-12-21 18:13:08.384 | Status: Port nicht verfügbar
2025-12-21 18:13:09.217 | HardDisconnect init
2025-12-21 18:13:09.444 | Status: Getrennt
2025-12-21 18:13:09.453 | HardDisconnect done
2025-12-21 18:13:10.282 | Status: Verbinde...
2025-12-21 18:13:10.289 | Open SSPComPort (COM4) failed
2025-12-21 18:13:10.300 | Status: Port nicht verfügbar
2025-12-21 18:13:10.293 | Thread gestartet
2025-12-21 18:13:11.148 | Enable vorgemerkt (wird nach Handshake ausgeführt)
2025-12-21 18:13:11.322 | Open SSPComPort (COM4) failed
2025-12-21 18:13:12.348 | Open SSPComPort (COM4) failed
2025-12-21 18:13:13.369 | Open SSPComPort (COM4) failed
2025-12-21 18:13:14.394 | Open SSPComPort (COM4) failed
2025-12-21 18:13:15.208 | HardDisconnect init
2025-12-21 18:13:15.433 | Status: Getrennt
2025-12-21 18:13:15.444 | HardDisconnect done
2025-12-21 18:13:16.292 | Status: Verbinde...
2025-12-21 18:13:16.302 | Open SSPComPort (COM4) failed
2025-12-21 18:13:16.316 | Status: Port nicht verfügbar
2025-12-21 18:13:16.307 | Thread gestartet
2025-12-21 18:13:17.145 | Enable vorgemerkt (wird nach Handshake ausgeführt)
2025-12-21 18:13:17.345 | Open SSPComPort (COM4) failed
2025-12-21 18:13:18.364 | Open SSPComPort (COM4) failed
2025-12-21 18:13:19.394 | Open SSPComPort (COM4) failed
2025-12-21 18:13:20.412 | Open SSPComPort (COM4) failed
2025-12-21 18:13:21.221 | HardDisconnect init
2025-12-21 18:13:21.448 | Status: Getrennt
2025-12-21 18:13:21.461 | HardDisconnect done
2025-12-21 18:13:22.295 | Status: Verbinde...
2025-12-21 18:13:22.308 | Thread gestartet
2025-12-21 18:13:22.305 | Open SSPComPort (COM4) failed
2025-12-21 18:13:22.327 | Status: Port nicht verfügbar
2025-12-21 18:13:23.128 | Enable vorgemerkt (wird nach Handshake ausgeführt)
2025-12-21 18:13:23.346 | Open SSPComPort (COM4) failed
2025-12-21 18:13:24.377 | Open SSPComPort (COM4) failed
2025-12-21 18:13:25.411 | Open SSPComPort (COM4) failed
2025-12-21 18:13:26.438 | Open SSPComPort (COM4) failed
2025-12-21 18:13:27.256 | HardDisconnect init
2025-12-21 18:13:27.467 | Status: Getrennt
2025-12-21 18:13:27.479 | HardDisconnect done
2025-12-21 18:13:28.324 | Status: Verbinde...
2025-12-21 18:13:28.333 | Open SSPComPort (COM4) failed
2025-12-21 18:13:28.347 | Status: Port nicht verfügbar
2025-12-21 18:13:28.338 | Thread gestartet
2025-12-21 18:13:29.176 | Enable vorgemerkt (wird nach Handshake ausgeführt)
2025-12-21 18:13:29.364 | Open SSPComPort (COM4) failed
2025-12-21 18:13:30.392 | Open SSPComPort (COM4) failed
2025-12-21 18:13:31.416 | Open SSPComPort (COM4) failed
2025-12-21 18:13:32.443 | Open SSPComPort (COM4) failed
2025-12-21 18:13:33.283 | HardDisconnect init
2025-12-21 18:13:33.478 | Status: Getrennt
2025-12-21 18:13:33.487 | HardDisconnect done
2025-12-21 18:13:34.323 | Status: Verbinde...
2025-12-21 18:13:34.333 | Open SSPComPort (COM4) failed
2025-12-21 18:13:34.346 | Status: Port nicht verfügbar
2025-12-21 18:13:34.337 | Thread gestartet
2025-12-21 18:13:35.169 | Enable vorgemerkt (wird nach Handshake ausgeführt)
2025-12-21 18:13:35.373 | Open SSPComPort (COM4) failed
2025-12-21 18:13:36.398 | Open SSPComPort (COM4) failed
2025-12-21 18:13:37.423 | Open SSPComPort (COM4) failed
2025-12-21 18:13:38.456 | Open SSPComPort (COM4) failed
2025-12-21 18:13:39.279 | HardDisconnect init
2025-12-21 18:13:39.490 | Status: Getrennt
2025-12-21 18:13:39.504 | HardDisconnect done
2025-12-21 18:13:40.341 | Status: Verbinde...
2025-12-21 18:13:40.351 | Open SSPComPort (COM4) failed
2025-12-21 18:13:40.364 | Status: Port nicht verfügbar
2025-12-21 18:13:40.354 | Thread gestartet
2025-12-21 18:13:41.193 | Enable vorgemerkt (wird nach Handshake ausgeführt)
2025-12-21 18:13:41.381 | Open SSPComPort (COM4) failed
2025-12-21 18:13:42.404 | Open SSPComPort (COM4) failed
2025-12-21 18:13:43.430 | Open SSPComPort (COM4) failed
2025-12-21 18:13:44.457 | Open SSPComPort (COM4) failed
2025-12-21 18:13:45.331 | HardDisconnect init
2025-12-21 18:13:45.494 | Status: Getrennt
2025-12-21 18:13:45.506 | HardDisconnect done
2025-12-21 18:13:46.338 | Status: Verbinde...
2025-12-21 18:13:46.347 | Open SSPComPort (COM4) failed
2025-12-21 18:13:46.357 | Thread gestartet
2025-12-21 18:13:46.368 | Status: Port nicht verfügbar
2025-12-21 18:13:47.199 | Enable vorgemerkt (wird nach Handshake ausgeführt)
2025-12-21 18:13:47.401 | Open SSPComPort (COM4) failed
2025-12-21 18:13:47.561 | Enable vorgemerkt (wird nach Handshake ausgeführt)
2025-12-21 18:13:48.430 | Open SSPComPort (COM4) failed
2025-12-21 18:13:48.558 | Enable vorgemerkt (wird nach Handshake ausgeführt)
2025-12-21 18:13:48.566 | REQ Level 1 ct [plain]
2025-12-21 18:13:48.574 | REQ Level 2 ct [plain]
2025-12-21 18:13:48.582 | REQ Level 5 ct [plain]
2025-12-21 18:13:48.591 | REQ Level 10 ct [plain]
2025-12-21 18:13:48.600 | REQ Level 20 ct [plain]
2025-12-21 18:13:48.610 | REQ Level 50 ct [plain]
2025-12-21 18:13:48.619 | REQ Level 100 ct [plain]
2025-12-21 18:13:48.630 | REQ Level 200 ct [plain]
2025-12-21 18:13:49.456 | Open SSPComPort (COM4) failed
2025-12-21 18:13:50.486 | Open SSPComPort (COM4) failed
2025-12-21 18:13:51.336 | HardDisconnect init
2025-12-21 18:13:51.515 | Status: Getrennt
2025-12-21 18:13:51.528 | HardDisconnect done
2025-12-21 18:13:52.366 | Status: Verbinde...
2025-12-21 18:13:52.378 | Open SSPComPort (COM4) failed
2025-12-21 18:13:52.382 | Thread gestartet
2025-12-21 18:13:52.393 | Status: Port nicht verfügbar
2025-12-21 18:13:53.254 | Enable vorgemerkt (wird nach Handshake ausgeführt)
2025-12-21 18:13:53.468 | Open SSPComPort (COM4) failed
2025-12-21 18:13:54.486 | Open SSPComPort (COM4) failed
2025-12-21 18:13:55.515 | Open SSPComPort (COM4) failed
2025-12-21 18:13:56.545 | Open SSPComPort (COM4) failed
2025-12-21 18:13:57.362 | HardDisconnect init
2025-12-21 18:13:57.588 | Status: Getrennt
2025-12-21 18:13:57.600 | HardDisconnect done
2025-12-21 18:13:58.432 | Status: Verbinde...
2025-12-21 18:13:58.440 | Open SSPComPort (COM4) failed
2025-12-21 18:13:58.444 | Thread gestartet
2025-12-21 18:13:58.455 | Status: Port nicht verfügbar
2025-12-21 18:13:59.282 | Enable vorgemerkt (wird nach Handshake ausgeführt)
2025-12-21 18:13:59.486 | Open SSPComPort (COM4) failed
2025-12-21 18:14:00.515 | Open SSPComPort (COM4) failed
2025-12-21 18:14:01.543 | Open SSPComPort (COM4) failed
2025-12-21 18:14:02.565 | Open SSPComPort (COM4) failed
2025-12-21 18:14:03.375 | HardDisconnect init
2025-12-21 18:14:03.598 | Status: Getrennt
2025-12-21 18:14:03.612 | HardDisconnect done
2025-12-21 18:14:04.445 | Status: Verbinde...
2025-12-21 18:14:04.460 | Thread gestartet
2025-12-21 18:14:04.457 | Open SSPComPort (COM4) failed
2025-12-21 18:14:04.480 | Status: Port nicht verfügbar
2025-12-21 18:14:05.297 | Enable vorgemerkt (wird nach Handshake ausgeführt)
2025-12-21 18:14:05.500 | Open SSPComPort (COM4) failed
2025-12-21 18:14:06.524 | Open SSPComPort (COM4) failed
2025-12-21 18:14:07.548 | Open SSPComPort (COM4) failed
2025-12-21 18:14:08.579 | Open SSPComPort (COM4) failed
2025-12-21 18:14:09.602 | Open SSPComPort (COM4) failed
2025-12-21 18:14:10.624 | Open SSPComPort (COM4) failed
2025-12-21 18:14:11.647 | Open SSPComPort (COM4) failed
2025-12-21 18:14:12.675 | Open SSPComPort (COM4) failed
2025-12-21 18:14:13.704 | Open SSPComPort (COM4) failed
2025-12-21 18:14:14.733 | Open SSPComPort (COM4) failed
2025-12-21 18:14:15.760 | Open SSPComPort (COM4) failed
2025-12-21 18:14:16.791 | Open SSPComPort (COM4) failed
2025-12-21 18:14:17.818 | Open SSPComPort (COM4) failed
2025-12-21 18:14:18.845 | Open SSPComPort (COM4) failed
2025-12-21 18:14:19.875 | Open SSPComPort (COM4) failed
2025-12-21 18:14:20.898 | Open SSPComPort (COM4) failed
2025-12-21 18:14:21.570 | Disable vorgemerkt (wird nach Handshake ausgeführt)
2025-12-21 18:14:21.581 | HardDisconnect init
2025-12-21 18:14:21.926 | Status: Getrennt
2025-12-21 18:14:21.938 | HardDisconnect done
2025-12-21 18:14:22.058 | Status: konfig deaktiviert
2025-12-21 18:19:48.940 | Open SSPComPort (COM4) failed
2025-12-21 18:19:48.940 | Status: Verbinde...
2025-12-21 18:19:48.946 | Status: Port nicht verfügbar
2025-12-21 18:19:48.950 | Thread gestartet
2025-12-21 18:19:49.971 | Open SSPComPort (COM4) failed
2025-12-21 18:19:50.988 | Open SSPComPort (COM4) failed
2025-12-21 18:19:52.013 | Open SSPComPort (COM4) failed
2025-12-21 18:19:53.031 | Open SSPComPort (COM4) failed
2025-12-21 18:19:54.050 | Open SSPComPort (COM4) failed
2025-12-21 18:19:54.466 | Enable vorgemerkt (wird nach Handshake ausgeführt)
2025-12-21 18:19:55.077 | Open SSPComPort (COM4) failed
2025-12-21 18:19:55.153 | Enable vorgemerkt (wird nach Handshake ausgeführt)
2025-12-21 18:19:55.160 | REQ Level 1 ct [plain]
2025-12-21 18:19:55.167 | REQ Level 2 ct [plain]
2025-12-21 18:19:55.174 | REQ Level 5 ct [plain]
2025-12-21 18:19:55.183 | REQ Level 10 ct [plain]
2025-12-21 18:19:55.191 | REQ Level 20 ct [plain]
2025-12-21 18:19:55.197 | REQ Level 50 ct [plain]
2025-12-21 18:19:55.203 | REQ Level 100 ct [plain]
2025-12-21 18:19:55.208 | REQ Level 200 ct [plain]
2025-12-21 18:19:55.816 | HardDisconnect init
2025-12-21 18:19:56.100 | Status: Getrennt
2025-12-21 18:19:56.112 | HardDisconnect done
2025-12-21 18:19:56.940 | Status: Verbinde...
2025-12-21 18:19:56.950 | Thread gestartet
2025-12-21 18:19:56.947 | Open SSPComPort (COM4) failed
2025-12-21 18:19:56.966 | Status: Port nicht verfügbar
2025-12-21 18:19:57.775 | Enable vorgemerkt (wird nach Handshake ausgeführt)
2025-12-21 18:19:57.993 | Open SSPComPort (COM4) failed
2025-12-21 18:19:59.019 | Open SSPComPort (COM4) failed
2025-12-21 18:20:00.049 | Open SSPComPort (COM4) failed
2025-12-21 18:20:01.082 | Open SSPComPort (COM4) failed
2025-12-21 18:20:01.830 | HardDisconnect init
2025-12-21 18:20:02.120 | Status: Getrennt
2025-12-21 18:20:02.132 | HardDisconnect done
2025-12-21 18:20:02.976 | Status: Verbinde...
2025-12-21 18:20:02.985 | Open SSPComPort (COM4) failed
2025-12-21 18:20:02.998 | Status: Port nicht verfügbar
2025-12-21 18:20:02.989 | Thread gestartet
2025-12-21 18:20:03.839 | Enable vorgemerkt (wird nach Handshake ausgeführt)
2025-12-21 18:20:04.023 | Open SSPComPort (COM4) failed
2025-12-21 18:20:05.042 | Open SSPComPort (COM4) failed
2025-12-21 18:20:05.687 | Disable vorgemerkt (wird nach Handshake ausgeführt)
2025-12-21 18:20:05.698 | HardDisconnect init
2025-12-21 18:20:06.076 | Status: Getrennt
2025-12-21 18:20:06.088 | HardDisconnect done
2025-12-21 18:20:06.206 | Status: konfig deaktiviert
2025-12-21 18:23:09.088 | Open SSPComPort (COM4) failed
2025-12-21 18:23:09.088 | Status: Verbinde...
2025-12-21 18:23:09.100 | Status: Port nicht verfügbar
2025-12-21 18:23:09.104 | Thread gestartet
2025-12-21 18:23:10.129 | Open SSPComPort (COM4) failed
2025-12-21 18:23:11.186 | Open SSPComPort (COM4) failed
2025-12-21 18:23:12.214 | Open SSPComPort (COM4) failed
2025-12-21 18:23:13.238 | Open SSPComPort (COM4) failed
2025-12-21 18:23:13.628 | Enable vorgemerkt (wird nach Handshake ausgeführt)
2025-12-21 18:23:14.268 | Open SSPComPort (COM4) failed
2025-12-21 18:23:14.505 | Enable vorgemerkt (wird nach Handshake ausgeführt)
2025-12-21 18:23:14.514 | REQ Level 1 ct [plain]
2025-12-21 18:23:14.523 | REQ Level 2 ct [plain]
2025-12-21 18:23:14.531 | REQ Level 5 ct [plain]
2025-12-21 18:23:14.539 | REQ Level 10 ct [plain]
2025-12-21 18:23:14.547 | REQ Level 20 ct [plain]
2025-12-21 18:23:14.555 | REQ Level 50 ct [plain]
2025-12-21 18:23:14.564 | REQ Level 100 ct [plain]
2025-12-21 18:23:14.571 | REQ Level 200 ct [plain]
2025-12-21 18:23:15.297 | Open SSPComPort (COM4) failed
2025-12-21 18:23:15.958 | HardDisconnect init
2025-12-21 18:23:16.335 | Status: Getrennt
2025-12-21 18:23:16.347 | HardDisconnect done
2025-12-21 18:23:17.179 | Status: Verbinde...
2025-12-21 18:23:17.191 | Open SSPComPort (COM4) failed
2025-12-21 18:23:17.194 | Thread gestartet
2025-12-21 18:23:17.205 | Status: Port nicht verfügbar
2025-12-21 18:23:18.031 | Enable vorgemerkt (wird nach Handshake ausgeführt)
2025-12-21 18:23:18.236 | Open SSPComPort (COM4) failed
2025-12-21 18:23:19.268 | Open SSPComPort (COM4) failed
2025-12-21 18:23:20.294 | Open SSPComPort (COM4) failed
2025-12-21 18:23:21.357 | Open SSPComPort (COM4) failed
2025-12-21 18:23:21.983 | HardDisconnect init
2025-12-21 18:23:22.383 | Status: Getrennt
2025-12-21 18:23:22.395 | HardDisconnect done
2025-12-21 18:23:23.241 | Status: Verbinde...
2025-12-21 18:23:23.251 | Open SSPComPort (COM4) failed
2025-12-21 18:23:23.255 | Thread gestartet
2025-12-21 18:23:23.265 | Status: Port nicht verfügbar
2025-12-21 18:23:24.079 | Enable vorgemerkt (wird nach Handshake ausgeführt)
2025-12-21 18:23:24.302 | Open SSPComPort (COM4) failed
2025-12-21 18:23:25.333 | Open SSPComPort (COM4) failed
2025-12-21 18:23:26.363 | Open SSPComPort (COM4) failed
2025-12-21 18:23:27.394 | Open SSPComPort (COM4) failed
2025-12-21 18:23:28.005 | HardDisconnect init
2025-12-21 18:23:28.433 | Status: Getrennt
2025-12-21 18:23:28.446 | HardDisconnect done
2025-12-21 18:23:29.292 | Status: Verbinde...
2025-12-21 18:23:29.300 | Open SSPComPort (COM4) failed
2025-12-21 18:23:29.314 | Status: Port nicht verfügbar
2025-12-21 18:23:29.304 | Thread gestartet
2025-12-21 18:23:30.143 | Enable vorgemerkt (wird nach Handshake ausgeführt)
2025-12-21 18:23:30.348 | Open SSPComPort (COM4) failed
2025-12-21 18:23:31.373 | Open SSPComPort (COM4) failed
2025-12-21 18:23:32.405 | Open SSPComPort (COM4) failed
2025-12-21 18:23:33.431 | Open SSPComPort (COM4) failed
2025-12-21 18:23:34.024 | HardDisconnect init
2025-12-21 18:23:34.470 | Status: Getrennt
2025-12-21 18:23:34.483 | HardDisconnect done
2025-12-21 18:23:35.327 | Status: Verbinde...
2025-12-21 18:23:35.338 | Thread gestartet
2025-12-21 18:23:35.335 | Open SSPComPort (COM4) failed
2025-12-21 18:23:35.359 | Status: Port nicht verfügbar
2025-12-21 18:23:36.161 | Enable vorgemerkt (wird nach Handshake ausgeführt)
2025-12-21 18:23:36.382 | Open SSPComPort (COM4) failed
2025-12-21 18:23:37.407 | Open SSPComPort (COM4) failed
2025-12-21 18:23:38.427 | Open SSPComPort (COM4) failed
2025-12-21 18:23:39.459 | Open SSPComPort (COM4) failed
2025-12-21 18:23:40.065 | HardDisconnect init
2025-12-21 18:23:40.498 | Status: Getrennt
2025-12-21 18:23:40.510 | HardDisconnect done
2025-12-21 18:23:41.353 | Status: Verbinde...
2025-12-21 18:23:41.362 | Open SSPComPort (COM4) failed
2025-12-21 18:23:41.366 | Thread gestartet
2025-12-21 18:23:41.377 | Status: Port nicht verfügbar
2025-12-21 18:23:42.199 | Enable vorgemerkt (wird nach Handshake ausgeführt)
2025-12-21 18:23:42.417 | Open SSPComPort (COM4) failed
2025-12-21 18:23:43.446 | Open SSPComPort (COM4) failed
2025-12-21 18:23:44.473 | Open SSPComPort (COM4) failed
2025-12-21 18:23:45.499 | Open SSPComPort (COM4) failed
2025-12-21 18:23:46.058 | HardDisconnect init
2025-12-21 18:23:46.532 | Status: Getrennt
2025-12-21 18:23:46.546 | HardDisconnect done
2025-12-21 18:23:47.386 | Status: Verbinde...
2025-12-21 18:23:47.398 | Open SSPComPort (COM4) failed
2025-12-21 18:23:47.402 | Thread gestartet
2025-12-21 18:23:47.412 | Status: Port nicht verfügbar
2025-12-21 18:23:48.236 | Enable vorgemerkt (wird nach Handshake ausgeführt)
2025-12-21 18:23:48.443 | Open SSPComPort (COM4) failed
2025-12-21 18:23:49.469 | Open SSPComPort (COM4) failed
2025-12-21 18:23:50.507 | Open SSPComPort (COM4) failed
2025-12-21 18:23:51.537 | Open SSPComPort (COM4) failed
2025-12-21 18:23:52.083 | HardDisconnect init
2025-12-21 18:23:52.575 | Status: Getrennt
2025-12-21 18:23:52.587 | HardDisconnect done
2025-12-21 18:23:53.429 | Status: Verbinde...
2025-12-21 18:23:53.439 | Open SSPComPort (COM4) failed
2025-12-21 18:23:53.443 | Thread gestartet
2025-12-21 18:23:53.454 | Status: Port nicht verfügbar
2025-12-21 18:23:54.291 | Enable vorgemerkt (wird nach Handshake ausgeführt)
2025-12-21 18:23:54.493 | Open SSPComPort (COM4) failed
2025-12-21 18:23:55.523 | Open SSPComPort (COM4) failed
2025-12-21 18:23:56.544 | Open SSPComPort (COM4) failed
2025-12-21 18:23:57.577 | Open SSPComPort (COM4) failed
2025-12-21 18:23:58.121 | HardDisconnect init
2025-12-21 18:23:58.615 | Status: Getrennt
2025-12-21 18:23:58.627 | HardDisconnect done
2025-12-21 18:23:59.464 | Status: Verbinde...
2025-12-21 18:23:59.479 | Thread gestartet
2025-12-21 18:23:59.476 | Open SSPComPort (COM4) failed
2025-12-21 18:23:59.508 | Status: Port nicht verfügbar
2025-12-21 18:24:00.302 | Enable vorgemerkt (wird nach Handshake ausgeführt)
2025-12-21 18:24:00.538 | Open SSPComPort (COM4) failed
2025-12-21 18:24:01.566 | Open SSPComPort (COM4) failed
2025-12-21 18:24:02.595 | Open SSPComPort (COM4) failed
2025-12-21 18:24:03.622 | Open SSPComPort (COM4) failed
2025-12-21 18:24:04.149 | HardDisconnect init
2025-12-21 18:24:04.655 | Status: Getrennt
2025-12-21 18:24:04.667 | HardDisconnect done
2025-12-21 18:24:05.512 | Status: Verbinde...
2025-12-21 18:24:05.521 | Open SSPComPort (COM4) failed
2025-12-21 18:24:05.524 | Thread gestartet
2025-12-21 18:24:05.534 | Status: Port nicht verfügbar
2025-12-21 18:24:06.360 | Enable vorgemerkt (wird nach Handshake ausgeführt)
2025-12-21 18:24:06.565 | Open SSPComPort (COM4) failed
2025-12-21 18:24:07.587 | Open SSPComPort (COM4) failed
2025-12-21 18:24:08.614 | Open SSPComPort (COM4) failed
2025-12-21 18:24:09.650 | Open SSPComPort (COM4) failed
2025-12-21 18:24:10.678 | Open SSPComPort (COM4) failed
2025-12-21 18:24:11.710 | Open SSPComPort (COM4) failed
2025-12-21 18:24:12.737 | Open SSPComPort (COM4) failed
2025-12-21 18:24:13.757 | Open SSPComPort (COM4) failed
2025-12-21 18:24:14.791 | Open SSPComPort (COM4) failed
2025-12-21 18:24:15.817 | Open SSPComPort (COM4) failed
2025-12-21 18:24:16.847 | Open SSPComPort (COM4) failed
2025-12-21 18:24:17.867 | Open SSPComPort (COM4) failed
2025-12-21 18:24:18.897 | Open SSPComPort (COM4) failed
2025-12-21 18:24:19.926 | Open SSPComPort (COM4) failed
2025-12-21 18:24:20.955 | Open SSPComPort (COM4) failed
2025-12-21 18:24:21.984 | Open SSPComPort (COM4) failed
2025-12-21 18:24:23.010 | Open SSPComPort (COM4) failed
2025-12-21 18:24:24.040 | Open SSPComPort (COM4) failed
2025-12-21 18:24:25.063 | Open SSPComPort (COM4) failed
2025-12-21 18:24:26.087 | Open SSPComPort (COM4) failed
2025-12-21 18:24:27.116 | Open SSPComPort (COM4) failed
2025-12-21 18:24:28.144 | Open SSPComPort (COM4) failed
2025-12-21 18:24:29.171 | Open SSPComPort (COM4) failed
2025-12-21 18:24:30.197 | Open SSPComPort (COM4) failed
2025-12-21 18:24:31.228 | Open SSPComPort (COM4) failed
2025-12-21 18:24:32.244 | Open SSPComPort (COM4) failed
2025-12-21 18:24:33.273 | Open SSPComPort (COM4) failed
2025-12-21 18:24:34.303 | Open SSPComPort (COM4) failed
2025-12-21 18:24:35.331 | Open SSPComPort (COM4) failed
2025-12-21 18:24:36.349 | Open SSPComPort (COM4) failed
2025-12-21 18:24:37.379 | Open SSPComPort (COM4) failed
2025-12-21 18:24:38.406 | Open SSPComPort (COM4) failed
2025-12-21 18:24:39.432 | Open SSPComPort (COM4) failed
2025-12-21 18:24:40.461 | Open SSPComPort (COM4) failed
2025-12-21 18:24:41.494 | Open SSPComPort (COM4) failed
2025-12-21 18:24:42.509 | Open SSPComPort (COM4) failed
2025-12-21 18:24:43.536 | Open SSPComPort (COM4) failed
2025-12-21 18:24:44.570 | Open SSPComPort (COM4) failed
2025-12-21 18:24:45.603 | Open SSPComPort (COM4) failed
2025-12-21 18:24:46.635 | Open SSPComPort (COM4) failed
2025-12-21 18:24:47.664 | Open SSPComPort (COM4) failed
2025-12-21 18:24:48.696 | Open SSPComPort (COM4) failed
2025-12-21 18:24:49.712 | Open SSPComPort (COM4) failed
2025-12-21 18:24:50.744 | Open SSPComPort (COM4) failed
2025-12-21 18:24:51.773 | Open SSPComPort (COM4) failed
2025-12-21 18:24:52.805 | Open SSPComPort (COM4) failed
2025-12-21 18:24:53.837 | Open SSPComPort (COM4) failed
2025-12-21 18:24:54.868 | Open SSPComPort (COM4) failed
2025-12-21 18:24:55.892 | Open SSPComPort (COM4) failed
2025-12-21 18:24:56.913 | Open SSPComPort (COM4) failed
2025-12-21 18:24:57.939 | Open SSPComPort (COM4) failed
2025-12-21 18:24:58.962 | Open SSPComPort (COM4) failed
2025-12-21 18:24:59.990 | Open SSPComPort (COM4) failed
2025-12-21 18:25:01.022 | Open SSPComPort (COM4) failed
2025-12-21 18:25:02.047 | Open SSPComPort (COM4) failed
2025-12-21 18:25:03.079 | Open SSPComPort (COM4) failed
2025-12-21 18:25:04.108 | Open SSPComPort (COM4) failed
2025-12-21 18:25:05.138 | Open SSPComPort (COM4) failed
2025-12-21 18:25:06.164 | Open SSPComPort (COM4) failed
2025-12-21 18:25:07.193 | Open SSPComPort (COM4) failed
2025-12-21 18:25:08.223 | Open SSPComPort (COM4) failed
2025-12-21 18:25:09.242 | Open SSPComPort (COM4) failed
2025-12-21 18:25:10.272 | Open SSPComPort (COM4) failed
2025-12-21 18:25:11.302 | Open SSPComPort (COM4) failed
2025-12-21 18:25:12.328 | Open SSPComPort (COM4) failed
2025-12-21 18:25:13.358 | Open SSPComPort (COM4) failed
2025-12-21 18:25:14.384 | Open SSPComPort (COM4) failed
2025-12-21 18:25:15.411 | Open SSPComPort (COM4) failed
2025-12-21 18:25:16.430 | Open SSPComPort (COM4) failed
2025-12-21 18:25:17.464 | Open SSPComPort (COM4) failed
2025-12-21 18:25:18.492 | Open SSPComPort (COM4) failed
2025-12-21 18:25:19.524 | Open SSPComPort (COM4) failed
2025-12-21 18:25:20.550 | Open SSPComPort (COM4) failed
2025-12-21 18:25:21.574 | Open SSPComPort (COM4) failed
2025-12-21 18:25:22.603 | Open SSPComPort (COM4) failed
2025-12-21 18:25:23.636 | Open SSPComPort (COM4) failed
2025-12-21 18:25:24.667 | Open SSPComPort (COM4) failed
2025-12-21 18:25:25.699 | Open SSPComPort (COM4) failed
2025-12-21 18:25:26.730 | Open SSPComPort (COM4) failed
2025-12-21 18:25:27.759 | Open SSPComPort (COM4) failed
2025-12-21 18:25:28.787 | Open SSPComPort (COM4) failed
2025-12-21 18:25:29.816 | Open SSPComPort (COM4) failed
2025-12-21 18:25:30.848 | Open SSPComPort (COM4) failed
2025-12-21 18:25:31.882 | Open SSPComPort (COM4) failed
2025-12-21 18:25:32.908 | Open SSPComPort (COM4) failed
2025-12-21 18:25:33.935 | Open SSPComPort (COM4) failed
2025-12-21 18:25:34.963 | Open SSPComPort (COM4) failed
2025-12-21 18:25:35.994 | Open SSPComPort (COM4) failed
2025-12-21 18:25:37.023 | Open SSPComPort (COM4) failed
2025-12-21 18:25:38.055 | Open SSPComPort (COM4) failed
2025-12-21 18:25:39.086 | Open SSPComPort (COM4) failed
2025-12-21 18:25:40.119 | Open SSPComPort (COM4) failed
2025-12-21 18:25:41.146 | Open SSPComPort (COM4) failed
2025-12-21 18:25:42.172 | Open SSPComPort (COM4) failed
2025-12-21 18:25:43.199 | Open SSPComPort (COM4) failed
2025-12-21 18:25:44.226 | Open SSPComPort (COM4) failed
2025-12-21 18:25:45.259 | Open SSPComPort (COM4) failed
2025-12-21 18:25:46.291 | Open SSPComPort (COM4) failed
2025-12-21 18:25:47.323 | Open SSPComPort (COM4) failed
2025-12-21 18:25:48.350 | Open SSPComPort (COM4) failed
2025-12-21 18:25:49.379 | Open SSPComPort (COM4) failed
2025-12-21 18:25:50.403 | Open SSPComPort (COM4) failed
2025-12-21 18:25:51.428 | Open SSPComPort (COM4) failed
2025-12-21 18:25:52.450 | Open SSPComPort (COM4) failed
2025-12-21 18:25:53.476 | Open SSPComPort (COM4) failed
2025-12-21 18:25:54.507 | Open SSPComPort (COM4) failed
2025-12-21 18:25:55.541 | Open SSPComPort (COM4) failed
2025-12-21 18:25:56.572 | Open SSPComPort (COM4) failed
2025-12-21 18:25:57.592 | Open SSPComPort (COM4) failed
2025-12-21 18:25:58.616 | Open SSPComPort (COM4) failed
2025-12-21 18:25:59.646 | Open SSPComPort (COM4) failed
2025-12-21 18:26:00.674 | Open SSPComPort (COM4) failed
2025-12-21 18:26:01.700 | Open SSPComPort (COM4) failed
2025-12-21 18:26:02.728 | Open SSPComPort (COM4) failed
2025-12-21 18:26:03.758 | Open SSPComPort (COM4) failed
2025-12-21 18:26:04.789 | Open SSPComPort (COM4) failed
2025-12-21 18:26:05.819 | Open SSPComPort (COM4) failed
2025-12-21 18:26:06.850 | Open SSPComPort (COM4) failed
2025-12-21 18:26:07.879 | Open SSPComPort (COM4) failed
2025-12-21 18:26:08.912 | Open SSPComPort (COM4) failed
2025-12-21 18:26:09.943 | Open SSPComPort (COM4) failed
2025-12-21 18:26:10.975 | Open SSPComPort (COM4) failed
2025-12-21 18:26:12.007 | Open SSPComPort (COM4) failed
2025-12-21 18:26:13.034 | Open SSPComPort (COM4) failed
2025-12-21 18:26:14.064 | Open SSPComPort (COM4) failed
2025-12-21 18:26:15.093 | Open SSPComPort (COM4) failed
2025-12-21 18:26:16.125 | Open SSPComPort (COM4) failed
2025-12-21 18:26:17.150 | Open SSPComPort (COM4) failed
2025-12-21 18:26:18.181 | Open SSPComPort (COM4) failed
2025-12-21 18:26:19.210 | Open SSPComPort (COM4) failed
2025-12-21 18:26:20.242 | Open SSPComPort (COM4) failed
2025-12-21 18:26:21.270 | Open SSPComPort (COM4) failed
2025-12-21 18:26:22.301 | Open SSPComPort (COM4) failed
2025-12-21 18:26:23.333 | Open SSPComPort (COM4) failed
2025-12-21 18:26:24.360 | Open SSPComPort (COM4) failed
2025-12-21 18:26:25.389 | Open SSPComPort (COM4) failed
2025-12-21 18:26:26.420 | Open SSPComPort (COM4) failed
2025-12-21 18:26:27.450 | Open SSPComPort (COM4) failed
2025-12-21 18:26:28.476 | Open SSPComPort (COM4) failed
2025-12-21 18:26:29.498 | Open SSPComPort (COM4) failed
2025-12-21 18:26:30.525 | Open SSPComPort (COM4) failed
2025-12-21 18:26:31.551 | Open SSPComPort (COM4) failed
2025-12-21 18:26:32.581 | Open SSPComPort (COM4) failed
2025-12-21 18:26:33.607 | Open SSPComPort (COM4) failed
2025-12-21 18:26:34.632 | Open SSPComPort (COM4) failed
2025-12-21 18:26:35.662 | Open SSPComPort (COM4) failed
2025-12-21 18:26:36.694 | Open SSPComPort (COM4) failed
2025-12-21 18:26:37.723 | Open SSPComPort (COM4) failed
2025-12-21 18:26:38.746 | Open SSPComPort (COM4) failed
2025-12-21 18:26:39.774 | Open SSPComPort (COM4) failed
2025-12-21 18:26:40.802 | Open SSPComPort (COM4) failed
2025-12-21 18:26:41.835 | Open SSPComPort (COM4) failed
2025-12-21 18:26:42.864 | Open SSPComPort (COM4) failed
2025-12-21 18:26:43.897 | Open SSPComPort (COM4) failed
2025-12-21 18:26:44.929 | Open SSPComPort (COM4) failed
2025-12-21 18:26:45.956 | Open SSPComPort (COM4) failed
2025-12-21 18:26:46.977 | Open SSPComPort (COM4) failed
2025-12-21 18:26:48.004 | Open SSPComPort (COM4) failed
2025-12-21 18:26:49.024 | Open SSPComPort (COM4) failed
2025-12-21 18:26:50.052 | Open SSPComPort (COM4) failed
2025-12-21 18:26:51.079 | Open SSPComPort (COM4) failed
2025-12-21 18:26:52.104 | Open SSPComPort (COM4) failed
2025-12-21 18:26:53.126 | Open SSPComPort (COM4) failed
2025-12-21 18:26:54.153 | Open SSPComPort (COM4) failed
2025-12-21 18:26:55.178 | Open SSPComPort (COM4) failed
2025-12-21 18:26:56.208 | Open SSPComPort (COM4) failed
2025-12-21 18:26:57.239 | Open SSPComPort (COM4) failed
2025-12-21 18:26:58.273 | Open SSPComPort (COM4) failed
2025-12-21 18:26:59.300 | Open SSPComPort (COM4) failed
2025-12-21 18:27:00.333 | Open SSPComPort (COM4) failed
2025-12-21 18:27:01.361 | Open SSPComPort (COM4) failed
2025-12-21 18:27:02.391 | Open SSPComPort (COM4) failed
2025-12-21 18:27:03.420 | Open SSPComPort (COM4) failed
2025-12-21 18:27:04.449 | Open SSPComPort (COM4) failed
2025-12-21 18:27:05.476 | Open SSPComPort (COM4) failed
2025-12-21 18:27:06.504 | Open SSPComPort (COM4) failed
2025-12-21 18:27:07.534 | Open SSPComPort (COM4) failed
2025-12-21 18:27:08.564 | Open SSPComPort (COM4) failed
2025-12-21 18:27:09.593 | Open SSPComPort (COM4) failed
2025-12-21 18:27:10.622 | Open SSPComPort (COM4) failed
2025-12-21 18:27:11.645 | Open SSPComPort (COM4) failed
2025-12-21 18:27:12.676 | Open SSPComPort (COM4) failed
2025-12-21 18:27:13.704 | Open SSPComPort (COM4) failed
2025-12-21 18:27:14.731 | Open SSPComPort (COM4) failed
2025-12-21 18:27:15.758 | Open SSPComPort (COM4) failed
2025-12-21 18:27:16.789 | Open SSPComPort (COM4) failed
2025-12-21 18:27:17.818 | Open SSPComPort (COM4) failed
2025-12-21 18:27:18.844 | Open SSPComPort (COM4) failed
2025-12-21 18:27:19.877 | Open SSPComPort (COM4) failed
2025-12-21 18:27:20.904 | Open SSPComPort (COM4) failed
2025-12-21 18:27:21.932 | Open SSPComPort (COM4) failed
2025-12-21 18:27:22.960 | Open SSPComPort (COM4) failed
2025-12-21 18:27:23.989 | Open SSPComPort (COM4) failed
2025-12-21 18:27:25.020 | Open SSPComPort (COM4) failed
2025-12-21 18:27:26.045 | Open SSPComPort (COM4) failed
2025-12-21 18:27:27.073 | Open SSPComPort (COM4) failed
2025-12-21 18:27:28.100 | Open SSPComPort (COM4) failed
2025-12-21 18:27:29.124 | Open SSPComPort (COM4) failed
2025-12-21 18:27:30.148 | Open SSPComPort (COM4) failed
2025-12-21 18:27:31.180 | Open SSPComPort (COM4) failed
2025-12-21 18:27:32.211 | Open SSPComPort (COM4) failed
2025-12-21 18:27:33.240 | Open SSPComPort (COM4) failed
2025-12-21 18:27:34.268 | Open SSPComPort (COM4) failed
2025-12-21 18:27:35.300 | Open SSPComPort (COM4) failed
2025-12-21 18:27:36.330 | Open SSPComPort (COM4) failed
2025-12-21 18:27:37.354 | Open SSPComPort (COM4) failed
2025-12-21 18:27:38.380 | Open SSPComPort (COM4) failed
2025-12-21 18:27:39.407 | Open SSPComPort (COM4) failed
2025-12-21 18:27:40.440 | Open SSPComPort (COM4) failed
2025-12-21 18:27:41.459 | Open SSPComPort (COM4) failed
2025-12-21 18:27:42.478 | Open SSPComPort (COM4) failed
2025-12-21 18:27:43.496 | Open SSPComPort (COM4) failed
2025-12-21 18:27:44.527 | Open SSPComPort (COM4) failed
2025-12-21 18:27:45.555 | Open SSPComPort (COM4) failed
2025-12-21 18:27:46.584 | Open SSPComPort (COM4) failed
2025-12-21 18:27:47.613 | Open SSPComPort (COM4) failed
2025-12-21 18:27:48.646 | Open SSPComPort (COM4) failed
2025-12-21 18:27:49.671 | Open SSPComPort (COM4) failed
2025-12-21 18:27:50.704 | Open SSPComPort (COM4) failed
2025-12-21 18:27:51.724 | Open SSPComPort (COM4) failed
2025-12-21 18:27:52.755 | Open SSPComPort (COM4) failed
2025-12-21 18:27:53.784 | Open SSPComPort (COM4) failed
2025-12-21 18:27:54.812 | Open SSPComPort (COM4) failed
2025-12-21 18:27:55.839 | Open SSPComPort (COM4) failed
2025-12-21 18:27:56.869 | Open SSPComPort (COM4) failed
2025-12-21 18:27:57.895 | Open SSPComPort (COM4) failed
2025-12-21 18:27:58.926 | Open SSPComPort (COM4) failed
2025-12-21 18:27:59.959 | Open SSPComPort (COM4) failed
2025-12-21 18:28:00.988 | Open SSPComPort (COM4) failed
2025-12-21 18:28:02.018 | Open SSPComPort (COM4) failed
2025-12-21 18:28:03.049 | Open SSPComPort (COM4) failed
2025-12-21 18:28:04.082 | Open SSPComPort (COM4) failed
2025-12-21 18:28:05.113 | Open SSPComPort (COM4) failed
2025-12-21 18:28:06.144 | Open SSPComPort (COM4) failed
2025-12-21 18:28:07.178 | Open SSPComPort (COM4) failed
2025-12-21 18:28:08.205 | Open SSPComPort (COM4) failed
2025-12-21 18:28:09.239 | Open SSPComPort (COM4) failed
2025-12-21 18:28:10.270 | Open SSPComPort (COM4) failed
2025-12-21 18:28:11.300 | Open SSPComPort (COM4) failed
2025-12-21 18:28:12.329 | Open SSPComPort (COM4) failed
2025-12-21 18:28:13.360 | Open SSPComPort (COM4) failed
2025-12-21 18:28:14.378 | Open SSPComPort (COM4) failed
2025-12-21 18:28:15.395 | Open SSPComPort (COM4) failed
2025-12-21 18:28:16.426 | Open SSPComPort (COM4) failed
2025-12-21 18:28:17.449 | Open SSPComPort (COM4) failed
2025-12-21 18:28:18.478 | Open SSPComPort (COM4) failed
2025-12-21 18:28:19.506 | Open SSPComPort (COM4) failed
2025-12-21 18:28:20.535 | Open SSPComPort (COM4) failed
2025-12-21 18:28:21.567 | Open SSPComPort (COM4) failed
2025-12-21 18:28:22.595 | Open SSPComPort (COM4) failed
2025-12-21 18:28:23.626 | Open SSPComPort (COM4) failed
2025-12-21 18:28:24.656 | Open SSPComPort (COM4) failed
2025-12-21 18:28:25.683 | Open SSPComPort (COM4) failed
2025-12-21 18:28:26.706 | Open SSPComPort (COM4) failed
2025-12-21 18:28:27.738 | Open SSPComPort (COM4) failed
2025-12-21 18:28:28.763 | Open SSPComPort (COM4) failed
2025-12-21 18:28:29.792 | Open SSPComPort (COM4) failed
2025-12-21 18:28:30.818 | Open SSPComPort (COM4) failed
2025-12-21 18:28:31.843 | Open SSPComPort (COM4) failed
2025-12-21 18:28:32.869 | Open SSPComPort (COM4) failed
2025-12-21 18:28:33.899 | Open SSPComPort (COM4) failed
2025-12-21 18:28:34.926 | Open SSPComPort (COM4) failed
2025-12-21 18:28:35.958 | Open SSPComPort (COM4) failed
2025-12-21 18:28:36.986 | Open SSPComPort (COM4) failed
2025-12-21 18:28:38.011 | Open SSPComPort (COM4) failed
2025-12-21 18:28:39.037 | Open SSPComPort (COM4) failed
2025-12-21 18:28:40.065 | Open SSPComPort (COM4) failed
2025-12-21 18:28:41.095 | Open SSPComPort (COM4) failed
2025-12-21 18:28:42.125 | Open SSPComPort (COM4) failed
2025-12-21 18:28:43.147 | Open SSPComPort (COM4) failed
2025-12-21 18:28:44.179 | Open SSPComPort (COM4) failed
2025-12-21 18:28:45.205 | Open SSPComPort (COM4) failed
2025-12-21 18:28:46.237 | Open SSPComPort (COM4) failed
2025-12-21 18:28:47.267 | Open SSPComPort (COM4) failed
2025-12-21 18:28:48.288 | Open SSPComPort (COM4) failed
2025-12-21 18:28:49.318 | Open SSPComPort (COM4) failed
2025-12-21 18:28:50.340 | Open SSPComPort (COM4) failed
2025-12-21 18:28:51.361 | Open SSPComPort (COM4) failed
2025-12-21 18:28:52.394 | Open SSPComPort (COM4) failed
2025-12-21 18:28:53.424 | Open SSPComPort (COM4) failed
2025-12-21 18:28:54.454 | Open SSPComPort (COM4) failed
2025-12-21 18:28:55.476 | Open SSPComPort (COM4) failed
2025-12-21 18:28:56.505 | Open SSPComPort (COM4) failed
2025-12-21 18:28:57.536 | Open SSPComPort (COM4) failed
2025-12-21 18:28:58.565 | Open SSPComPort (COM4) failed
2025-12-21 18:28:59.594 | Open SSPComPort (COM4) failed
2025-12-21 18:29:00.625 | Open SSPComPort (COM4) failed
2025-12-21 18:29:01.651 | Open SSPComPort (COM4) failed
2025-12-21 18:29:02.677 | Open SSPComPort (COM4) failed
2025-12-21 18:29:03.706 | Open SSPComPort (COM4) failed
2025-12-21 18:29:04.737 | Open SSPComPort (COM4) failed
2025-12-21 18:29:05.759 | Open SSPComPort (COM4) failed
2025-12-21 18:29:06.786 | Open SSPComPort (COM4) failed
2025-12-21 18:29:07.815 | Open SSPComPort (COM4) failed
2025-12-21 18:29:08.846 | Open SSPComPort (COM4) failed
2025-12-21 18:29:09.874 | Open SSPComPort (COM4) failed
2025-12-21 18:29:10.902 | Open SSPComPort (COM4) failed
2025-12-21 18:29:11.931 | Open SSPComPort (COM4) failed
2025-12-21 18:29:12.958 | Open SSPComPort (COM4) failed
2025-12-21 18:29:13.988 | Open SSPComPort (COM4) failed
2025-12-21 18:29:15.016 | Open SSPComPort (COM4) failed
2025-12-21 18:29:16.048 | Open SSPComPort (COM4) failed
2025-12-21 18:29:17.080 | Open SSPComPort (COM4) failed
2025-12-21 18:29:18.106 | Open SSPComPort (COM4) failed
2025-12-21 18:29:19.133 | Open SSPComPort (COM4) failed
2025-12-21 18:29:20.162 | Open SSPComPort (COM4) failed
2025-12-21 18:29:21.191 | Open SSPComPort (COM4) failed
2025-12-21 18:29:22.220 | Open SSPComPort (COM4) failed
2025-12-21 18:29:23.246 | Open SSPComPort (COM4) failed
2025-12-21 18:29:24.277 | Open SSPComPort (COM4) failed
2025-12-21 18:29:25.302 | Open SSPComPort (COM4) failed
2025-12-21 18:29:26.331 | Open SSPComPort (COM4) failed
2025-12-21 18:29:27.359 | Open SSPComPort (COM4) failed
2025-12-21 18:29:28.383 | Open SSPComPort (COM4) failed
2025-12-21 18:29:29.410 | Open SSPComPort (COM4) failed
2025-12-21 18:29:30.437 | Open SSPComPort (COM4) failed
2025-12-21 18:29:31.467 | Open SSPComPort (COM4) failed
2025-12-21 18:29:32.495 | Open SSPComPort (COM4) failed
2025-12-21 18:29:33.521 | Open SSPComPort (COM4) failed
2025-12-21 18:29:34.551 | Open SSPComPort (COM4) failed
2025-12-21 18:29:35.581 | Open SSPComPort (COM4) failed
2025-12-21 18:29:36.606 | Open SSPComPort (COM4) failed
2025-12-21 18:29:37.626 | Open SSPComPort (COM4) failed
2025-12-21 18:29:38.657 | Open SSPComPort (COM4) failed
2025-12-21 18:29:39.689 | Open SSPComPort (COM4) failed
2025-12-21 18:29:40.720 | Open SSPComPort (COM4) failed
2025-12-21 18:29:41.747 | Open SSPComPort (COM4) failed
2025-12-21 18:29:42.766 | Open SSPComPort (COM4) failed
2025-12-21 18:29:43.792 | Open SSPComPort (COM4) failed
2025-12-21 18:29:44.815 | Open SSPComPort (COM4) failed
2025-12-21 18:29:45.842 | Open SSPComPort (COM4) failed
2025-12-21 18:29:46.866 | Open SSPComPort (COM4) failed
2025-12-21 18:29:47.891 | Open SSPComPort (COM4) failed
2025-12-21 18:29:48.914 | Open SSPComPort (COM4) failed
2025-12-21 18:29:49.939 | Open SSPComPort (COM4) failed
2025-12-21 18:29:50.965 | Open SSPComPort (COM4) failed
2025-12-21 18:29:52.000 | Open SSPComPort (COM4) failed
2025-12-21 18:29:53.029 | Open SSPComPort (COM4) failed
2025-12-21 18:29:54.055 | Open SSPComPort (COM4) failed
2025-12-21 18:29:55.079 | Open SSPComPort (COM4) failed
2025-12-21 18:29:56.107 | Open SSPComPort (COM4) failed
2025-12-21 18:29:57.137 | Open SSPComPort (COM4) failed
2025-12-21 18:29:58.169 | Open SSPComPort (COM4) failed
2025-12-21 18:29:59.196 | Open SSPComPort (COM4) failed
2025-12-21 18:30:00.220 | Open SSPComPort (COM4) failed
2025-12-21 18:30:01.245 | Open SSPComPort (COM4) failed
2025-12-21 18:30:02.282 | Open SSPComPort (COM4) failed
2025-12-21 18:30:03.311 | Open SSPComPort (COM4) failed
2025-12-21 18:30:04.340 | Open SSPComPort (COM4) failed
2025-12-21 18:30:05.365 | Open SSPComPort (COM4) failed
2025-12-21 18:30:06.395 | Open SSPComPort (COM4) failed
2025-12-21 18:30:07.421 | Open SSPComPort (COM4) failed
2025-12-21 18:30:08.450 | Open SSPComPort (COM4) failed
2025-12-21 18:30:09.479 | Open SSPComPort (COM4) failed
2025-12-21 18:30:10.507 | Open SSPComPort (COM4) failed
2025-12-21 18:30:11.529 | Open SSPComPort (COM4) failed
2025-12-21 18:30:12.559 | Open SSPComPort (COM4) failed
2025-12-21 18:30:13.582 | Open SSPComPort (COM4) failed
2025-12-21 18:30:14.621 | Open SSPComPort (COM4) failed
2025-12-21 18:30:15.648 | Open SSPComPort (COM4) failed
2025-12-21 18:30:16.671 | Open SSPComPort (COM4) failed
2025-12-21 18:30:17.700 | Open SSPComPort (COM4) failed
2025-12-21 18:30:18.729 | Open SSPComPort (COM4) failed
2025-12-21 18:30:19.751 | Open SSPComPort (COM4) failed
2025-12-21 18:30:20.779 | Open SSPComPort (COM4) failed
2025-12-21 18:30:21.804 | Open SSPComPort (COM4) failed
2025-12-21 18:30:22.827 | Open SSPComPort (COM4) failed
2025-12-21 18:30:23.855 | Open SSPComPort (COM4) failed
2025-12-21 18:30:24.878 | Open SSPComPort (COM4) failed
2025-12-21 18:30:25.901 | Open SSPComPort (COM4) failed
2025-12-21 18:30:26.926 | Open SSPComPort (COM4) failed
2025-12-21 18:30:27.952 | Open SSPComPort (COM4) failed
2025-12-21 18:30:28.982 | Open SSPComPort (COM4) failed
2025-12-21 18:30:30.008 | Open SSPComPort (COM4) failed
2025-12-21 18:30:31.028 | Open SSPComPort (COM4) failed
2025-12-21 18:30:32.055 | Open SSPComPort (COM4) failed
2025-12-21 18:30:33.079 | Open SSPComPort (COM4) failed
2025-12-21 18:30:34.108 | Open SSPComPort (COM4) failed
2025-12-21 18:30:35.137 | Open SSPComPort (COM4) failed
2025-12-21 18:30:36.166 | Open SSPComPort (COM4) failed
2025-12-21 18:30:37.194 | Open SSPComPort (COM4) failed
2025-12-21 18:30:38.217 | Open SSPComPort (COM4) failed
2025-12-21 18:30:39.244 | Open SSPComPort (COM4) failed
2025-12-21 18:30:40.276 | Open SSPComPort (COM4) failed
2025-12-21 18:30:41.299 | Open SSPComPort (COM4) failed
2025-12-21 18:30:42.325 | Open SSPComPort (COM4) failed
2025-12-21 18:30:43.356 | Open SSPComPort (COM4) failed
2025-12-21 18:30:44.374 | Open SSPComPort (COM4) failed
2025-12-21 18:30:45.407 | Open SSPComPort (COM4) failed
2025-12-21 18:30:46.439 | Open SSPComPort (COM4) failed
2025-12-21 18:30:47.468 | Open SSPComPort (COM4) failed
2025-12-21 18:30:48.499 | Open SSPComPort (COM4) failed
2025-12-21 18:30:49.524 | Open SSPComPort (COM4) failed
2025-12-21 18:30:50.546 | Open SSPComPort (COM4) failed
2025-12-21 18:30:51.566 | Open SSPComPort (COM4) failed
2025-12-21 18:30:52.586 | Open SSPComPort (COM4) failed
2025-12-21 18:30:53.607 | Open SSPComPort (COM4) failed
2025-12-21 18:30:54.624 | Open SSPComPort (COM4) failed
2025-12-21 18:30:55.643 | Open SSPComPort (COM4) failed
2025-12-21 18:30:56.672 | Open SSPComPort (COM4) failed
2025-12-21 18:30:57.688 | Open SSPComPort (COM4) failed
2025-12-21 18:30:58.716 | Open SSPComPort (COM4) failed
2025-12-21 18:30:59.739 | Open SSPComPort (COM4) failed
2025-12-21 18:31:00.760 | Open SSPComPort (COM4) failed
2025-12-21 18:31:01.774 | Open SSPComPort (COM4) failed
2025-12-21 18:31:02.794 | Open SSPComPort (COM4) failed
2025-12-21 18:31:03.811 | Open SSPComPort (COM4) failed
2025-12-21 18:31:04.830 | Open SSPComPort (COM4) failed
2025-12-21 18:31:05.850 | Open SSPComPort (COM4) failed
2025-12-21 18:31:06.870 | Open SSPComPort (COM4) failed
2025-12-21 18:31:07.890 | Open SSPComPort (COM4) failed
2025-12-21 18:31:08.908 | Open SSPComPort (COM4) failed
2025-12-21 18:31:09.924 | Open SSPComPort (COM4) failed
2025-12-21 18:31:10.945 | Open SSPComPort (COM4) failed
2025-12-21 18:31:11.964 | Open SSPComPort (COM4) failed
2025-12-21 18:31:12.992 | Open SSPComPort (COM4) failed
2025-12-21 18:31:14.012 | Open SSPComPort (COM4) failed
2025-12-21 18:31:15.031 | Open SSPComPort (COM4) failed
2025-12-21 18:31:16.053 | Open SSPComPort (COM4) failed
2025-12-21 18:31:17.079 | Open SSPComPort (COM4) failed
2025-12-21 18:31:18.099 | Open SSPComPort (COM4) failed
2025-12-21 18:31:19.117 | Open SSPComPort (COM4) failed
2025-12-21 18:31:20.145 | Open SSPComPort (COM4) failed
2025-12-21 18:31:21.160 | Open SSPComPort (COM4) failed
2025-12-21 18:31:22.178 | Open SSPComPort (COM4) failed
2025-12-21 18:31:23.194 | Open SSPComPort (COM4) failed
2025-12-21 18:31:24.212 | Open SSPComPort (COM4) failed
2025-12-21 18:31:25.230 | Open SSPComPort (COM4) failed
2025-12-21 18:31:26.258 | Open SSPComPort (COM4) failed
2025-12-21 18:31:27.277 | Open SSPComPort (COM4) failed
2025-12-21 18:31:28.295 | Open SSPComPort (COM4) failed
2025-12-21 18:31:29.313 | Open SSPComPort (COM4) failed
2025-12-21 18:31:30.336 | Open SSPComPort (COM4) failed
2025-12-21 18:31:31.356 | Open SSPComPort (COM4) failed
2025-12-21 18:31:32.379 | Open SSPComPort (COM4) failed
2025-12-21 18:31:33.399 | Open SSPComPort (COM4) failed
2025-12-21 18:31:34.415 | Open SSPComPort (COM4) failed
2025-12-21 18:31:35.437 | Open SSPComPort (COM4) failed
2025-12-21 18:31:36.462 | Open SSPComPort (COM4) failed
2025-12-21 18:31:37.481 | Open SSPComPort (COM4) failed
2025-12-21 18:31:38.508 | Open SSPComPort (COM4) failed
2025-12-21 18:31:39.524 | Open SSPComPort (COM4) failed
2025-12-21 18:31:40.544 | Open SSPComPort (COM4) failed
2025-12-21 18:31:41.559 | Open SSPComPort (COM4) failed
2025-12-21 18:31:42.581 | Open SSPComPort (COM4) failed
2025-12-21 18:31:43.602 | Open SSPComPort (COM4) failed
2025-12-21 18:31:44.617 | Open SSPComPort (COM4) failed
2025-12-21 18:31:45.634 | Open SSPComPort (COM4) failed
2025-12-21 18:31:46.653 | Open SSPComPort (COM4) failed
2025-12-21 18:31:47.670 | Open SSPComPort (COM4) failed
2025-12-21 18:31:48.688 | Open SSPComPort (COM4) failed
2025-12-21 18:31:49.709 | Open SSPComPort (COM4) failed
2025-12-21 18:31:50.731 | Open SSPComPort (COM4) failed
2025-12-21 18:31:51.749 | Open SSPComPort (COM4) failed
2025-12-21 18:31:52.767 | Open SSPComPort (COM4) failed
2025-12-21 18:31:53.786 | Open SSPComPort (COM4) failed
2025-12-21 18:31:54.803 | Open SSPComPort (COM4) failed
2025-12-21 18:31:55.822 | Open SSPComPort (COM4) failed
2025-12-21 18:31:56.852 | Open SSPComPort (COM4) failed
2025-12-21 18:31:57.866 | Open SSPComPort (COM4) failed
2025-12-21 18:31:58.887 | Open SSPComPort (COM4) failed
2025-12-21 18:31:59.908 | Open SSPComPort (COM4) failed
2025-12-21 18:32:00.925 | Open SSPComPort (COM4) failed
2025-12-21 18:32:01.939 | Open SSPComPort (COM4) failed
2025-12-21 18:32:02.960 | Open SSPComPort (COM4) failed
2025-12-21 18:32:03.974 | Open SSPComPort (COM4) failed
2025-12-21 18:32:04.990 | Open SSPComPort (COM4) failed
2025-12-21 18:32:06.008 | Open SSPComPort (COM4) failed
2025-12-21 18:32:07.026 | Open SSPComPort (COM4) failed
2025-12-21 18:32:08.043 | Open SSPComPort (COM4) failed
2025-12-21 18:32:09.058 | Open SSPComPort (COM4) failed
2025-12-21 18:32:10.079 | Open SSPComPort (COM4) failed
2025-12-21 18:32:11.091 | Open SSPComPort (COM4) failed
2025-12-21 18:32:12.111 | Open SSPComPort (COM4) failed
2025-12-21 18:32:13.131 | Open SSPComPort (COM4) failed
2025-12-21 18:32:14.151 | Open SSPComPort (COM4) failed
2025-12-21 18:32:15.170 | Open SSPComPort (COM4) failed
2025-12-21 18:32:16.189 | Open SSPComPort (COM4) failed
2025-12-21 18:32:17.207 | Open SSPComPort (COM4) failed
2025-12-21 18:32:18.228 | Open SSPComPort (COM4) failed
2025-12-21 18:32:19.243 | Open SSPComPort (COM4) failed
2025-12-21 18:32:20.256 | Open SSPComPort (COM4) failed
2025-12-21 18:32:21.276 | Open SSPComPort (COM4) failed
2025-12-21 18:32:22.296 | Open SSPComPort (COM4) failed
2025-12-21 18:32:23.314 | Open SSPComPort (COM4) failed
2025-12-21 18:32:24.331 | Open SSPComPort (COM4) failed
2025-12-21 18:32:25.346 | Open SSPComPort (COM4) failed
2025-12-21 18:32:26.356 | Open SSPComPort (COM4) failed
2025-12-21 18:32:27.373 | Open SSPComPort (COM4) failed
2025-12-21 18:32:28.394 | Open SSPComPort (COM4) failed
2025-12-21 18:32:29.414 | Open SSPComPort (COM4) failed
2025-12-21 18:32:30.438 | Open SSPComPort (COM4) failed
2025-12-21 18:32:31.461 | Open SSPComPort (COM4) failed
2025-12-21 18:32:32.480 | Open SSPComPort (COM4) failed
2025-12-21 18:32:33.505 | Open SSPComPort (COM4) failed
2025-12-21 18:32:34.525 | Open SSPComPort (COM4) failed
2025-12-21 18:32:35.549 | Open SSPComPort (COM4) failed
2025-12-21 18:32:36.568 | Open SSPComPort (COM4) failed
2025-12-21 18:32:37.590 | Open SSPComPort (COM4) failed
2025-12-21 18:32:38.613 | Open SSPComPort (COM4) failed
2025-12-21 18:32:39.632 | Open SSPComPort (COM4) failed
2025-12-21 18:32:40.654 | Open SSPComPort (COM4) failed
2025-12-21 18:32:41.673 | Open SSPComPort (COM4) failed
2025-12-21 18:32:42.691 | Open SSPComPort (COM4) failed
2025-12-21 18:32:43.712 | Open SSPComPort (COM4) failed
2025-12-21 18:32:44.734 | Open SSPComPort (COM4) failed
2025-12-21 18:32:45.750 | Open SSPComPort (COM4) failed
2025-12-21 18:32:46.772 | Open SSPComPort (COM4) failed
2025-12-21 18:32:47.789 | Open SSPComPort (COM4) failed
2025-12-21 18:32:48.812 | Open SSPComPort (COM4) failed
2025-12-21 18:32:49.846 | Open SSPComPort (COM4) failed
2025-12-21 18:32:50.866 | Open SSPComPort (COM4) failed
2025-12-21 18:32:51.887 | Open SSPComPort (COM4) failed
2025-12-21 18:32:52.909 | Open SSPComPort (COM4) failed
2025-12-21 18:32:53.931 | Open SSPComPort (COM4) failed
2025-12-21 18:32:54.950 | Open SSPComPort (COM4) failed
2025-12-21 18:32:55.971 | Open SSPComPort (COM4) failed
2025-12-21 18:32:56.992 | Open SSPComPort (COM4) failed
2025-12-21 18:32:58.013 | Open SSPComPort (COM4) failed
2025-12-21 18:32:59.036 | Open SSPComPort (COM4) failed
2025-12-21 18:33:00.059 | Open SSPComPort (COM4) failed
2025-12-21 18:33:01.082 | Open SSPComPort (COM4) failed
2025-12-21 18:33:02.103 | Open SSPComPort (COM4) failed
2025-12-21 18:33:03.120 | Open SSPComPort (COM4) failed
2025-12-21 18:33:04.143 | Open SSPComPort (COM4) failed
2025-12-21 18:33:05.164 | Open SSPComPort (COM4) failed
2025-12-21 18:33:06.184 | Open SSPComPort (COM4) failed
2025-12-21 18:33:07.204 | Open SSPComPort (COM4) failed
2025-12-21 18:33:08.227 | Open SSPComPort (COM4) failed
2025-12-21 18:33:09.249 | Open SSPComPort (COM4) failed
2025-12-21 18:33:10.269 | Open SSPComPort (COM4) failed
2025-12-21 18:33:11.285 | Open SSPComPort (COM4) failed
2025-12-21 18:33:12.304 | Open SSPComPort (COM4) failed
2025-12-21 18:33:13.330 | Open SSPComPort (COM4) failed
2025-12-21 18:33:14.345 | Open SSPComPort (COM4) failed
2025-12-21 18:33:15.365 | Open SSPComPort (COM4) failed
2025-12-21 18:33:16.387 | Open SSPComPort (COM4) failed
2025-12-21 18:33:17.406 | Open SSPComPort (COM4) failed
2025-12-21 18:33:18.428 | Open SSPComPort (COM4) failed
2025-12-21 18:33:19.444 | Open SSPComPort (COM4) failed
2025-12-21 18:33:20.464 | Open SSPComPort (COM4) failed
2025-12-21 18:33:21.484 | Open SSPComPort (COM4) failed
2025-12-21 18:33:22.501 | Open SSPComPort (COM4) failed
2025-12-21 18:33:23.522 | Open SSPComPort (COM4) failed
2025-12-21 18:33:24.544 | Open SSPComPort (COM4) failed
2025-12-21 18:33:25.567 | Open SSPComPort (COM4) failed
2025-12-21 18:33:26.583 | Open SSPComPort (COM4) failed
2025-12-21 18:33:27.604 | Open SSPComPort (COM4) failed
2025-12-21 18:33:28.627 | Open SSPComPort (COM4) failed
2025-12-21 18:33:29.645 | Open SSPComPort (COM4) failed
2025-12-21 18:33:30.670 | Open SSPComPort (COM4) failed
2025-12-21 18:33:31.687 | Open SSPComPort (COM4) failed
2025-12-21 18:33:32.719 | Open SSPComPort (COM4) failed
2025-12-21 18:33:33.736 | Open SSPComPort (COM4) failed
2025-12-21 18:33:34.764 | Open SSPComPort (COM4) failed
2025-12-21 18:33:35.787 | Open SSPComPort (COM4) failed
2025-12-21 18:33:36.808 | Open SSPComPort (COM4) failed
2025-12-21 18:33:37.827 | Open SSPComPort (COM4) failed
2025-12-21 18:33:38.843 | Open SSPComPort (COM4) failed
2025-12-21 18:33:39.860 | Open SSPComPort (COM4) failed
2025-12-21 18:33:40.875 | Open SSPComPort (COM4) failed
2025-12-21 18:33:41.894 | Open SSPComPort (COM4) failed
2025-12-21 18:33:42.912 | Open SSPComPort (COM4) failed
2025-12-21 18:33:43.928 | Open SSPComPort (COM4) failed
2025-12-21 18:33:44.951 | Open SSPComPort (COM4) failed
2025-12-21 18:33:45.971 | Open SSPComPort (COM4) failed
2025-12-21 18:33:46.990 | Open SSPComPort (COM4) failed
2025-12-21 18:33:48.010 | Open SSPComPort (COM4) failed
2025-12-21 18:33:49.032 | Open SSPComPort (COM4) failed
2025-12-21 18:33:50.053 | Open SSPComPort (COM4) failed
2025-12-21 18:33:51.074 | Open SSPComPort (COM4) failed
2025-12-21 18:33:52.095 | Open SSPComPort (COM4) failed
2025-12-21 18:33:53.124 | Open SSPComPort (COM4) failed
2025-12-21 18:33:54.153 | Open SSPComPort (COM4) failed
2025-12-21 18:33:55.177 | Open SSPComPort (COM4) failed
2025-12-21 18:33:56.204 | Open SSPComPort (COM4) failed
2025-12-21 18:33:57.231 | Open SSPComPort (COM4) failed
2025-12-21 18:33:58.247 | Open SSPComPort (COM4) failed
2025-12-21 18:33:59.277 | Open SSPComPort (COM4) failed
2025-12-21 18:34:00.309 | Open SSPComPort (COM4) failed
2025-12-21 18:34:01.340 | Open SSPComPort (COM4) failed
2025-12-21 18:34:02.370 | Open SSPComPort (COM4) failed
2025-12-21 18:34:03.386 | Open SSPComPort (COM4) failed
2025-12-21 18:34:04.408 | Open SSPComPort (COM4) failed
2025-12-21 18:34:05.427 | Open SSPComPort (COM4) failed
2025-12-21 18:34:06.446 | Open SSPComPort (COM4) failed
2025-12-21 18:34:07.469 | Open SSPComPort (COM4) failed
2025-12-21 18:34:08.500 | Open SSPComPort (COM4) failed
2025-12-21 18:34:09.529 | Open SSPComPort (COM4) failed
2025-12-21 18:34:10.558 | Open SSPComPort (COM4) failed
2025-12-21 18:34:11.578 | Open SSPComPort (COM4) failed
2025-12-21 18:34:11.626 | Disable vorgemerkt (wird nach Handshake ausgeführt)
2025-12-21 18:34:11.632 | HardDisconnect init
2025-12-21 18:34:12.627 | Status: Getrennt
2025-12-21 18:34:12.638 | HardDisconnect done
2025-12-21 18:34:12.759 | Status: konfig deaktiviert
2025-12-21 18:52:59.504 | Status: Verbinde...
2025-12-21 18:52:59.504 | Open SSPComPort (COM4) failed
2025-12-21 18:52:59.510 | Thread gestartet
2025-12-21 18:52:59.514 | Status: Port nicht verfügbar
2025-12-21 18:53:00.530 | Open SSPComPort (COM4) failed
2025-12-21 18:53:01.548 | Open SSPComPort (COM4) failed
2025-12-21 18:53:02.579 | Open SSPComPort (COM4) failed
2025-12-21 18:53:03.401 | Enable vorgemerkt (wird nach Handshake ausgeführt)
2025-12-21 18:53:03.621 | Open SSPComPort (COM4) failed
2025-12-21 18:53:04.282 | Enable vorgemerkt (wird nach Handshake ausgeführt)
2025-12-21 18:53:04.291 | REQ Level 1 ct [plain]
2025-12-21 18:53:04.297 | REQ Level 2 ct [plain]
2025-12-21 18:53:04.304 | REQ Level 5 ct [plain]
2025-12-21 18:53:04.311 | REQ Level 10 ct [plain]
2025-12-21 18:53:04.317 | REQ Level 20 ct [plain]
2025-12-21 18:53:04.323 | REQ Level 50 ct [plain]
2025-12-21 18:53:04.328 | REQ Level 100 ct [plain]
2025-12-21 18:53:04.336 | REQ Level 200 ct [plain]
2025-12-21 18:53:04.666 | Open SSPComPort (COM4) failed
2025-12-21 18:53:05.699 | Open SSPComPort (COM4) failed
2025-12-21 18:53:06.354 | HardDisconnect init
2025-12-21 18:53:06.719 | Status: Getrennt
2025-12-21 18:53:06.729 | HardDisconnect done
2025-12-21 18:53:07.577 | Status: Verbinde...
2025-12-21 18:53:07.589 | Open SSPComPort (COM4) failed
2025-12-21 18:53:07.592 | Thread gestartet
2025-12-21 18:53:07.602 | Status: Port nicht verfügbar
2025-12-21 18:53:08.428 | Enable vorgemerkt (wird nach Handshake ausgeführt)
2025-12-21 18:53:08.644 | Open SSPComPort (COM4) failed
2025-12-21 18:53:09.667 | Open SSPComPort (COM4) failed
2025-12-21 18:53:10.683 | Open SSPComPort (COM4) failed
2025-12-21 18:53:11.706 | Open SSPComPort (COM4) failed
2025-12-21 18:53:12.386 | HardDisconnect init
2025-12-21 18:53:12.738 | Status: Getrennt
2025-12-21 18:53:12.751 | HardDisconnect done
2025-12-21 18:53:13.593 | Status: Verbinde...
2025-12-21 18:53:13.605 | Open SSPComPort (COM4) failed
2025-12-21 18:53:13.609 | Thread gestartet
2025-12-21 18:53:13.618 | Status: Port nicht verfügbar
2025-12-21 18:53:14.446 | Enable vorgemerkt (wird nach Handshake ausgeführt)
2025-12-21 18:53:14.650 | Open SSPComPort (COM4) failed
2025-12-21 18:53:15.672 | Open SSPComPort (COM4) failed
2025-12-21 18:53:16.700 | Open SSPComPort (COM4) failed
2025-12-21 18:53:17.726 | Open SSPComPort (COM4) failed
2025-12-21 18:53:18.397 | HardDisconnect init
2025-12-21 18:53:18.767 | Status: Getrennt
2025-12-21 18:53:18.780 | HardDisconnect done
2025-12-21 18:53:19.624 | Status: Verbinde...
2025-12-21 18:53:19.634 | Open SSPComPort (COM4) failed
2025-12-21 18:53:19.638 | Thread gestartet
2025-12-21 18:53:19.646 | Status: Port nicht verfügbar
2025-12-21 18:53:20.469 | Enable vorgemerkt (wird nach Handshake ausgeführt)
2025-12-21 18:53:20.690 | Open SSPComPort (COM4) failed
2025-12-21 18:53:21.721 | Open SSPComPort (COM4) failed
2025-12-21 18:53:22.748 | Open SSPComPort (COM4) failed
2025-12-21 18:53:23.777 | Open SSPComPort (COM4) failed
2025-12-21 18:53:24.432 | HardDisconnect init
2025-12-21 18:53:24.813 | Status: Getrennt
2025-12-21 18:53:24.825 | HardDisconnect done
2025-12-21 18:53:25.650 | Status: Verbinde...
2025-12-21 18:53:25.659 | Open SSPComPort (COM4) failed
2025-12-21 18:53:25.662 | Thread gestartet
2025-12-21 18:53:25.673 | Status: Port nicht verfügbar
2025-12-21 18:53:26.487 | Enable vorgemerkt (wird nach Handshake ausgeführt)
2025-12-21 18:53:26.705 | Open SSPComPort (COM4) failed
2025-12-21 18:53:27.734 | Open SSPComPort (COM4) failed
2025-12-21 18:53:28.759 | Open SSPComPort (COM4) failed
2025-12-21 18:53:29.786 | Open SSPComPort (COM4) failed
2025-12-21 18:53:30.422 | HardDisconnect init
2025-12-21 18:53:30.819 | Status: Getrennt
2025-12-21 18:53:30.830 | HardDisconnect done
2025-12-21 18:53:31.663 | Status: Verbinde...
2025-12-21 18:53:31.671 | Open SSPComPort (COM4) failed
2025-12-21 18:53:31.673 | Thread gestartet
2025-12-21 18:53:31.683 | Status: Port nicht verfügbar
2025-12-21 18:53:32.504 | Enable vorgemerkt (wird nach Handshake ausgeführt)
2025-12-21 18:53:32.710 | Open SSPComPort (COM4) failed
2025-12-21 18:53:33.741 | Open SSPComPort (COM4) failed
2025-12-21 18:53:34.767 | Open SSPComPort (COM4) failed
2025-12-21 18:53:35.795 | Open SSPComPort (COM4) failed
2025-12-21 18:53:36.461 | HardDisconnect init
2025-12-21 18:53:36.825 | Status: Getrennt
2025-12-21 18:53:36.838 | HardDisconnect done
2025-12-21 18:53:37.266 | HardDisconnect init
2025-12-21 18:53:37.276 | HardDisconnect done
2025-12-21 18:53:37.389 | Status: konfig deaktiviert
2025-12-21 20:01:28.961 | Open SSPComPort (COM4) failed
2025-12-21 20:01:28.963 | Status: Verbinde...
2025-12-21 20:01:28.983 | Status: Port nicht verfügbar
2025-12-21 20:01:28.986 | Thread gestartet
2025-12-21 20:01:30.005 | Open SSPComPort (COM4) failed
2025-12-21 20:01:31.036 | Open SSPComPort (COM4) failed
2025-12-21 20:01:32.063 | Open SSPComPort (COM4) failed
2025-12-21 20:01:32.651 | Enable vorgemerkt (wird nach Handshake ausgeführt)
2025-12-21 20:01:33.085 | Open SSPComPort (COM4) failed
2025-12-21 20:01:33.550 | Enable vorgemerkt (wird nach Handshake ausgeführt)
2025-12-21 20:01:33.558 | REQ Level 1 ct [plain]
2025-12-21 20:01:33.565 | REQ Level 2 ct [plain]
2025-12-21 20:01:33.572 | REQ Level 5 ct [plain]
2025-12-21 20:01:33.580 | REQ Level 10 ct [plain]
2025-12-21 20:01:33.587 | REQ Level 20 ct [plain]
2025-12-21 20:01:33.594 | REQ Level 50 ct [plain]
2025-12-21 20:01:33.599 | REQ Level 100 ct [plain]
2025-12-21 20:01:33.606 | REQ Level 200 ct [plain]
2025-12-21 20:01:34.114 | Open SSPComPort (COM4) failed
2025-12-21 20:01:35.138 | Open SSPComPort (COM4) failed
2025-12-21 20:01:35.855 | HardDisconnect init
2025-12-21 20:01:36.170 | Status: Getrennt
2025-12-21 20:01:36.176 | HardDisconnect done
2025-12-21 20:01:37.014 | Status: Verbinde...
2025-12-21 20:01:37.025 | Thread gestartet
2025-12-21 20:01:37.021 | Open SSPComPort (COM4) failed
2025-12-21 20:01:37.044 | Status: Port nicht verfügbar
2025-12-21 20:01:37.849 | Enable vorgemerkt (wird nach Handshake ausgeführt)
2025-12-21 20:01:38.067 | Open SSPComPort (COM4) failed
2025-12-21 20:01:39.093 | Open SSPComPort (COM4) failed
2025-12-21 20:01:40.121 | Open SSPComPort (COM4) failed
2025-12-21 20:01:41.149 | Open SSPComPort (COM4) failed
2025-12-21 20:01:41.859 | HardDisconnect init
2025-12-21 20:01:42.178 | Status: Getrennt
2025-12-21 20:01:42.190 | HardDisconnect done
2025-12-21 20:01:43.033 | Status: Verbinde...
2025-12-21 20:01:43.046 | Thread gestartet
2025-12-21 20:01:43.043 | Open SSPComPort (COM4) failed
2025-12-21 20:01:43.066 | Status: Port nicht verfügbar
2025-12-21 20:01:43.872 | Enable vorgemerkt (wird nach Handshake ausgeführt)
2025-12-21 20:01:44.089 | Open SSPComPort (COM4) failed
2025-12-21 20:01:45.108 | Open SSPComPort (COM4) failed
2025-12-21 20:01:46.133 | Open SSPComPort (COM4) failed
2025-12-21 20:01:47.160 | Open SSPComPort (COM4) failed
2025-12-21 20:01:47.417 | Disable vorgemerkt (wird nach Handshake ausgeführt)
2025-12-21 20:01:47.428 | HardDisconnect init
2025-12-21 20:01:48.192 | Status: Getrennt
2025-12-21 20:01:48.203 | HardDisconnect done
2025-12-21 20:01:48.321 | Status: konfig deaktiviert
