2025-12-21 02:17:37.283 | Status: Verbinde...
2025-12-21 02:17:37.306 | Thread gestartet
2025-12-21 02:17:37.306 | Open SSPComPort (COM3) failed
2025-12-21 02:17:37.318 | Status: Port nicht verfügbar
2025-12-21 02:17:38.379 | Open SSPComPort (COM3) failed
2025-12-21 02:17:39.401 | Open SSPComPort (COM3) failed
2025-12-21 02:17:40.423 | Open SSPComPort (COM3) failed
2025-12-21 02:17:41.445 | Open SSPComPort (COM3) failed
2025-12-21 02:17:42.463 | Open SSPComPort (COM3) failed
2025-12-21 02:17:43.498 | Open SSPComPort (COM3) failed
2025-12-21 02:17:44.514 | Open SSPComPort (COM3) failed
2025-12-21 02:17:45.534 | Open SSPComPort (COM3) failed
2025-12-21 02:17:46.555 | Open SSPComPort (COM3) failed
2025-12-21 02:17:47.591 | Open SSPComPort (COM3) failed
2025-12-21 02:17:48.614 | Open SSPComPort (COM3) failed
2025-12-21 02:17:49.648 | Open SSPComPort (COM3) failed
2025-12-21 02:17:50.678 | Open SSPComPort (COM3) failed
2025-12-21 02:17:51.706 | Open SSPComPort (COM3) failed
2025-12-21 02:17:52.735 | Open SSPComPort (COM3) failed
2025-12-21 02:17:53.763 | Open SSPComPort (COM3) failed
2025-12-21 02:17:54.791 | Open SSPComPort (COM3) failed
2025-12-21 02:17:55.813 | Open SSPComPort (COM3) failed
2025-12-21 02:17:56.844 | Open SSPComPort (COM3) failed
2025-12-21 02:17:57.866 | Open SSPComPort (COM3) failed
2025-12-21 02:17:58.886 | Open SSPComPort (COM3) failed
2025-12-21 02:17:59.914 | Open SSPComPort (COM3) failed
2025-12-21 02:18:00.942 | Open SSPComPort (COM3) failed
2025-12-21 02:18:01.971 | Open SSPComPort (COM3) failed
2025-12-21 02:18:03.000 | Open SSPComPort (COM3) failed
2025-12-21 02:18:04.014 | Open SSPComPort (COM3) failed
2025-12-21 02:18:04.043 | Enable vorgemerkt (wird nach Handshake ausgeführt)
2025-12-21 02:18:04.818 | REQ Level 1 ct [plain]
2025-12-21 02:18:04.841 | REQ Level 2 ct [plain]
2025-12-21 02:18:04.848 | REQ Level 5 ct [plain]
2025-12-21 02:18:04.865 | REQ Level 10 ct [plain]
2025-12-21 02:18:04.872 | REQ Level 20 ct [plain]
2025-12-21 02:18:04.881 | REQ Level 50 ct [plain]
2025-12-21 02:18:04.889 | REQ Level 100 ct [plain]
2025-12-21 02:18:04.896 | REQ Level 200 ct [plain]
2025-12-21 02:18:04.901 | Enable vorgemerkt (wird nach Handshake ausgeführt)
2025-12-21 02:18:05.029 | Open SSPComPort (COM3) failed
2025-12-21 02:18:06.047 | Open SSPComPort (COM3) failed
2025-12-21 02:18:07.071 | Open SSPComPort (COM3) failed
2025-12-21 02:18:08.094 | Open SSPComPort (COM3) failed
2025-12-21 02:18:09.114 | Open SSPComPort (COM3) failed
2025-12-21 02:18:10.131 | Open SSPComPort (COM3) failed
2025-12-21 02:18:11.161 | Open SSPComPort (COM3) failed
2025-12-21 02:18:12.187 | Open SSPComPort (COM3) failed
2025-12-21 02:18:13.209 | Open SSPComPort (COM3) failed
2025-12-21 02:18:14.233 | Open SSPComPort (COM3) failed
2025-12-21 02:18:15.249 | Open SSPComPort (COM3) failed
2025-12-21 02:18:16.264 | Open SSPComPort (COM3) failed
2025-12-21 02:18:17.277 | Open SSPComPort (COM3) failed
2025-12-21 02:18:18.310 | Open SSPComPort (COM3) failed
2025-12-21 02:18:19.327 | Open SSPComPort (COM3) failed
2025-12-21 02:18:20.356 | Open SSPComPort (COM3) failed
2025-12-21 02:18:21.385 | Open SSPComPort (COM3) failed
2025-12-21 02:18:22.406 | Open SSPComPort (COM3) failed
2025-12-21 02:18:23.426 | Open SSPComPort (COM3) failed
2025-12-21 02:18:24.448 | Open SSPComPort (COM3) failed
2025-12-21 02:18:25.466 | Open SSPComPort (COM3) failed
2025-12-21 02:18:26.493 | Open SSPComPort (COM3) failed
2025-12-21 02:18:27.508 | Open SSPComPort (COM3) failed
2025-12-21 02:18:28.524 | Open SSPComPort (COM3) failed
2025-12-21 02:18:29.540 | Open SSPComPort (COM3) failed
2025-12-21 02:18:30.566 | Open SSPComPort (COM3) failed
2025-12-21 02:18:30.614 | Disable vorgemerkt (wird nach Handshake ausgeführt)
2025-12-21 02:18:30.630 | Disable vorgemerkt (wird nach Handshake ausgeführt)
2025-12-21 02:18:30.641 | HardDisconnect init
2025-12-21 02:18:31.609 | Status: Getrennt
2025-12-21 02:18:31.622 | HardDisconnect done
2025-12-21 02:18:31.738 | Status: getrennt
2025-12-21 02:34:15.611 | Status: Verbinde...
2025-12-21 02:34:15.625 | Open SSPComPort (COM3) failed
2025-12-21 02:34:15.633 | Thread gestartet
2025-12-21 02:34:15.642 | Status: Port nicht verfügbar
2025-12-21 02:34:16.717 | Open SSPComPort (COM3) failed
2025-12-21 02:34:17.742 | Open SSPComPort (COM3) failed
2025-12-21 02:34:18.761 | Open SSPComPort (COM3) failed
2025-12-21 02:34:19.778 | Open SSPComPort (COM3) failed
2025-12-21 02:34:20.806 | Open SSPComPort (COM3) failed
2025-12-21 02:34:21.835 | Open SSPComPort (COM3) failed
2025-12-21 02:34:22.862 | Open SSPComPort (COM3) failed
2025-12-21 02:34:23.160 | Enable vorgemerkt (wird nach Handshake ausgeführt)
2025-12-21 02:34:23.861 | REQ Level 1 ct [plain]
2025-12-21 02:34:23.870 | REQ Level 2 ct [plain]
2025-12-21 02:34:23.879 | REQ Level 5 ct [plain]
2025-12-21 02:34:23.890 | REQ Level 10 ct [plain]
2025-12-21 02:34:23.901 | REQ Level 20 ct [plain]
2025-12-21 02:34:23.911 | REQ Level 50 ct [plain]
2025-12-21 02:34:23.884 | Open SSPComPort (COM3) failed
2025-12-21 02:34:23.921 | REQ Level 100 ct [plain]
2025-12-21 02:34:23.937 | REQ Level 200 ct [plain]
2025-12-21 02:34:23.947 | Enable vorgemerkt (wird nach Handshake ausgeführt)
2025-12-21 02:34:24.940 | Open SSPComPort (COM3) failed
2025-12-21 02:34:25.966 | Open SSPComPort (COM3) failed
2025-12-21 02:34:26.994 | Open SSPComPort (COM3) failed
2025-12-21 02:34:28.020 | Open SSPComPort (COM3) failed
2025-12-21 02:34:29.047 | Open SSPComPort (COM3) failed
2025-12-21 02:34:30.074 | Open SSPComPort (COM3) failed
2025-12-21 02:34:31.103 | Open SSPComPort (COM3) failed
2025-12-21 02:34:32.136 | Open SSPComPort (COM3) failed
2025-12-21 02:34:33.166 | Open SSPComPort (COM3) failed
2025-12-21 02:34:34.193 | Open SSPComPort (COM3) failed
2025-12-21 02:34:35.210 | Open SSPComPort (COM3) failed
2025-12-21 02:34:36.240 | Open SSPComPort (COM3) failed
2025-12-21 02:34:37.267 | Open SSPComPort (COM3) failed
2025-12-21 02:34:38.288 | Open SSPComPort (COM3) failed
2025-12-21 02:34:39.306 | Open SSPComPort (COM3) failed
2025-12-21 02:34:40.333 | Open SSPComPort (COM3) failed
2025-12-21 02:34:41.359 | Open SSPComPort (COM3) failed
2025-12-21 02:34:42.387 | Open SSPComPort (COM3) failed
2025-12-21 02:34:43.418 | Open SSPComPort (COM3) failed
2025-12-21 02:34:44.447 | Open SSPComPort (COM3) failed
2025-12-21 02:34:45.476 | Open SSPComPort (COM3) failed
2025-12-21 02:34:46.503 | Open SSPComPort (COM3) failed
2025-12-21 02:34:47.534 | Open SSPComPort (COM3) failed
2025-12-21 02:34:48.556 | Open SSPComPort (COM3) failed
2025-12-21 02:34:49.588 | Open SSPComPort (COM3) failed
2025-12-21 02:34:50.618 | Open SSPComPort (COM3) failed
2025-12-21 02:34:51.652 | Open SSPComPort (COM3) failed
2025-12-21 02:34:52.669 | Open SSPComPort (COM3) failed
2025-12-21 02:34:53.697 | Open SSPComPort (COM3) failed
2025-12-21 02:34:54.729 | Open SSPComPort (COM3) failed
2025-12-21 02:34:55.760 | Open SSPComPort (COM3) failed
2025-12-21 02:34:56.784 | Open SSPComPort (COM3) failed
2025-12-21 02:34:57.818 | Open SSPComPort (COM3) failed
2025-12-21 02:34:58.847 | Open SSPComPort (COM3) failed
2025-12-21 02:34:59.905 | Open SSPComPort (COM3) failed
2025-12-21 02:35:00.979 | Open SSPComPort (COM3) failed
2025-12-21 02:35:02.008 | Open SSPComPort (COM3) failed
2025-12-21 02:35:03.038 | Open SSPComPort (COM3) failed
2025-12-21 02:35:04.074 | Open SSPComPort (COM3) failed
2025-12-21 02:35:05.104 | Open SSPComPort (COM3) failed
2025-12-21 02:35:06.134 | Open SSPComPort (COM3) failed
2025-12-21 02:35:07.164 | Open SSPComPort (COM3) failed
2025-12-21 02:35:08.194 | Open SSPComPort (COM3) failed
2025-12-21 02:35:09.226 | Open SSPComPort (COM3) failed
2025-12-21 02:35:10.256 | Open SSPComPort (COM3) failed
2025-12-21 02:35:11.284 | Open SSPComPort (COM3) failed
2025-12-21 02:35:12.308 | Open SSPComPort (COM3) failed
2025-12-21 02:35:13.334 | Open SSPComPort (COM3) failed
2025-12-21 02:35:14.278 | Disable vorgemerkt (wird nach Handshake ausgeführt)
2025-12-21 02:35:14.291 | Disable vorgemerkt (wird nach Handshake ausgeführt)
2025-12-21 02:35:14.302 | HardDisconnect init
2025-12-21 02:35:14.362 | Status: Getrennt
2025-12-21 02:35:14.372 | HardDisconnect done
2025-12-21 02:35:14.495 | Status: getrennt
2025-12-21 02:47:59.734 | Status: Verbinde...
2025-12-21 02:47:59.749 | Open SSPComPort (COM3) failed
2025-12-21 02:47:59.752 | Thread gestartet
2025-12-21 02:47:59.760 | Status: Port nicht verfügbar
2025-12-21 02:48:00.810 | Open SSPComPort (COM3) failed
2025-12-21 02:48:01.839 | Open SSPComPort (COM3) failed
2025-12-21 02:48:02.866 | Open SSPComPort (COM3) failed
2025-12-21 02:48:03.898 | Open SSPComPort (COM3) failed
2025-12-21 02:48:04.929 | Open SSPComPort (COM3) failed
2025-12-21 02:48:05.958 | Open SSPComPort (COM3) failed
2025-12-21 02:48:06.981 | Open SSPComPort (COM3) failed
2025-12-21 02:48:08.011 | Open SSPComPort (COM3) failed
2025-12-21 02:48:09.039 | Open SSPComPort (COM3) failed
2025-12-21 02:48:10.067 | Open SSPComPort (COM3) failed
2025-12-21 02:48:11.100 | Open SSPComPort (COM3) failed
2025-12-21 02:48:12.144 | Open SSPComPort (COM3) failed
2025-12-21 02:48:13.175 | Open SSPComPort (COM3) failed
2025-12-21 02:48:14.205 | Open SSPComPort (COM3) failed
2025-12-21 02:48:15.238 | Open SSPComPort (COM3) failed
2025-12-21 02:48:16.269 | Open SSPComPort (COM3) failed
2025-12-21 02:48:17.300 | Open SSPComPort (COM3) failed
2025-12-21 02:48:18.330 | Open SSPComPort (COM3) failed
2025-12-21 02:48:19.353 | Open SSPComPort (COM3) failed
2025-12-21 02:48:20.383 | Open SSPComPort (COM3) failed
2025-12-21 02:48:21.410 | Open SSPComPort (COM3) failed
2025-12-21 02:48:22.426 | Open SSPComPort (COM3) failed
2025-12-21 02:48:23.440 | Open SSPComPort (COM3) failed
2025-12-21 02:48:24.474 | Open SSPComPort (COM3) failed
2025-12-21 02:48:25.505 | Open SSPComPort (COM3) failed
2025-12-21 02:48:26.535 | Open SSPComPort (COM3) failed
2025-12-21 02:48:27.562 | Open SSPComPort (COM3) failed
2025-12-21 02:48:28.594 | Open SSPComPort (COM3) failed
2025-12-21 02:48:29.627 | Open SSPComPort (COM3) failed
2025-12-21 02:48:30.655 | Open SSPComPort (COM3) failed
2025-12-21 02:48:31.680 | Open SSPComPort (COM3) failed
2025-12-21 02:48:32.712 | Open SSPComPort (COM3) failed
2025-12-21 02:48:33.738 | Open SSPComPort (COM3) failed
2025-12-21 02:48:34.769 | Open SSPComPort (COM3) failed
2025-12-21 02:48:35.798 | Open SSPComPort (COM3) failed
2025-12-21 02:48:36.831 | Open SSPComPort (COM3) failed
2025-12-21 02:48:37.862 | Open SSPComPort (COM3) failed
2025-12-21 02:48:38.893 | Open SSPComPort (COM3) failed
2025-12-21 02:48:39.922 | Open SSPComPort (COM3) failed
2025-12-21 02:48:40.948 | Open SSPComPort (COM3) failed
2025-12-21 02:48:41.977 | Open SSPComPort (COM3) failed
2025-12-21 02:48:43.011 | Open SSPComPort (COM3) failed
2025-12-21 02:48:44.041 | Open SSPComPort (COM3) failed
2025-12-21 02:48:45.069 | Open SSPComPort (COM3) failed
2025-12-21 02:48:46.100 | Open SSPComPort (COM3) failed
2025-12-21 02:48:47.128 | Open SSPComPort (COM3) failed
2025-12-21 02:48:48.157 | Open SSPComPort (COM3) failed
2025-12-21 02:48:49.185 | Open SSPComPort (COM3) failed
2025-12-21 02:48:50.202 | Open SSPComPort (COM3) failed
2025-12-21 02:48:51.221 | Open SSPComPort (COM3) failed
2025-12-21 02:48:52.247 | Open SSPComPort (COM3) failed
2025-12-21 02:48:53.267 | Open SSPComPort (COM3) failed
2025-12-21 02:48:54.293 | Open SSPComPort (COM3) failed
2025-12-21 02:48:55.315 | Open SSPComPort (COM3) failed
2025-12-21 02:48:56.333 | Open SSPComPort (COM3) failed
2025-12-21 02:48:57.363 | Open SSPComPort (COM3) failed
2025-12-21 02:48:58.398 | Open SSPComPort (COM3) failed
2025-12-21 02:48:59.425 | Open SSPComPort (COM3) failed
2025-12-21 02:49:00.443 | Open SSPComPort (COM3) failed
2025-12-21 02:49:01.475 | Open SSPComPort (COM3) failed
2025-12-21 02:49:02.502 | Open SSPComPort (COM3) failed
2025-12-21 02:49:03.533 | Open SSPComPort (COM3) failed
2025-12-21 02:49:04.558 | Open SSPComPort (COM3) failed
2025-12-21 02:49:05.588 | Open SSPComPort (COM3) failed
2025-12-21 02:49:06.617 | Open SSPComPort (COM3) failed
2025-12-21 02:49:07.647 | Open SSPComPort (COM3) failed
2025-12-21 02:49:08.674 | Open SSPComPort (COM3) failed
2025-12-21 02:49:09.704 | Open SSPComPort (COM3) failed
2025-12-21 02:49:10.736 | Open SSPComPort (COM3) failed
2025-12-21 02:49:11.769 | Open SSPComPort (COM3) failed
2025-12-21 02:49:12.798 | Open SSPComPort (COM3) failed
2025-12-21 02:49:13.832 | Open SSPComPort (COM3) failed
2025-12-21 02:49:14.864 | Open SSPComPort (COM3) failed
2025-12-21 02:49:15.895 | Open SSPComPort (COM3) failed
2025-12-21 02:49:16.923 | Open SSPComPort (COM3) failed
2025-12-21 02:49:17.955 | Open SSPComPort (COM3) failed
2025-12-21 02:49:18.933 | Enable vorgemerkt (wird nach Handshake ausgeführt)
2025-12-21 02:49:18.982 | Open SSPComPort (COM3) failed
2025-12-21 02:49:19.544 | REQ Level 1 ct [plain]
2025-12-21 02:49:19.553 | REQ Level 2 ct [plain]
2025-12-21 02:49:19.561 | REQ Level 5 ct [plain]
2025-12-21 02:49:19.569 | REQ Level 10 ct [plain]
2025-12-21 02:49:19.577 | REQ Level 20 ct [plain]
2025-12-21 02:49:19.587 | REQ Level 50 ct [plain]
2025-12-21 02:49:19.595 | REQ Level 100 ct [plain]
2025-12-21 02:49:19.604 | REQ Level 200 ct [plain]
2025-12-21 02:49:19.612 | Enable vorgemerkt (wird nach Handshake ausgeführt)
2025-12-21 02:49:20.000 | Open SSPComPort (COM3) failed
2025-12-21 02:49:21.032 | Open SSPComPort (COM3) failed
2025-12-21 02:49:22.067 | Open SSPComPort (COM3) failed
2025-12-21 02:49:23.096 | Open SSPComPort (COM3) failed
2025-12-21 02:49:24.128 | Open SSPComPort (COM3) failed
2025-12-21 02:49:25.164 | Open SSPComPort (COM3) failed
2025-12-21 02:49:26.191 | Open SSPComPort (COM3) failed
2025-12-21 02:49:27.224 | Open SSPComPort (COM3) failed
2025-12-21 02:49:28.251 | Open SSPComPort (COM3) failed
2025-12-21 02:49:29.267 | Open SSPComPort (COM3) failed
2025-12-21 02:49:30.301 | Open SSPComPort (COM3) failed
2025-12-21 02:49:31.332 | Open SSPComPort (COM3) failed
2025-12-21 02:49:32.359 | Open SSPComPort (COM3) failed
2025-12-21 02:49:33.390 | Open SSPComPort (COM3) failed
2025-12-21 02:49:34.425 | Open SSPComPort (COM3) failed
2025-12-21 02:49:35.453 | Open SSPComPort (COM3) failed
2025-12-21 02:49:36.484 | Open SSPComPort (COM3) failed
2025-12-21 02:49:37.510 | Open SSPComPort (COM3) failed
2025-12-21 02:49:38.536 | Open SSPComPort (COM3) failed
2025-12-21 02:49:39.563 | Open SSPComPort (COM3) failed
2025-12-21 02:49:40.597 | Open SSPComPort (COM3) failed
2025-12-21 02:49:41.628 | Open SSPComPort (COM3) failed
2025-12-21 02:49:42.656 | Open SSPComPort (COM3) failed
2025-12-21 02:49:43.687 | Open SSPComPort (COM3) failed
2025-12-21 02:49:44.717 | Open SSPComPort (COM3) failed
2025-12-21 02:49:45.743 | Open SSPComPort (COM3) failed
2025-12-21 02:49:46.766 | Open SSPComPort (COM3) failed
2025-12-21 02:49:47.792 | Open SSPComPort (COM3) failed
2025-12-21 02:49:48.820 | Open SSPComPort (COM3) failed
2025-12-21 02:49:49.847 | Open SSPComPort (COM3) failed
2025-12-21 02:49:50.871 | Open SSPComPort (COM3) failed
2025-12-21 02:49:51.903 | Open SSPComPort (COM3) failed
2025-12-21 02:49:52.930 | Open SSPComPort (COM3) failed
2025-12-21 02:49:53.959 | Open SSPComPort (COM3) failed
2025-12-21 02:49:54.987 | Open SSPComPort (COM3) failed
2025-12-21 02:49:56.018 | Open SSPComPort (COM3) failed
2025-12-21 02:49:57.045 | Open SSPComPort (COM3) failed
2025-12-21 02:49:58.071 | Open SSPComPort (COM3) failed
2025-12-21 02:49:59.072 | Disable vorgemerkt (wird nach Handshake ausgeführt)
2025-12-21 02:49:59.085 | Disable vorgemerkt (wird nach Handshake ausgeführt)
2025-12-21 02:49:59.095 | HardDisconnect init
2025-12-21 02:49:59.086 | Open SSPComPort (COM3) failed
2025-12-21 02:49:59.125 | Status: Getrennt
2025-12-21 02:49:59.140 | HardDisconnect done
2025-12-21 02:49:59.255 | Status: getrennt
2025-12-21 02:51:53.748 | Status: Verbinde...
2025-12-21 02:51:53.782 | Open SSPComPort (COM3) failed
2025-12-21 02:51:53.783 | Thread gestartet
2025-12-21 02:51:53.794 | Status: Port nicht verfügbar
2025-12-21 02:51:54.838 | Open SSPComPort (COM3) failed
2025-12-21 02:51:55.865 | Open SSPComPort (COM3) failed
2025-12-21 02:51:56.893 | Open SSPComPort (COM3) failed
2025-12-21 02:51:57.917 | Open SSPComPort (COM3) failed
2025-12-21 02:51:58.944 | Open SSPComPort (COM3) failed
2025-12-21 02:51:59.968 | Open SSPComPort (COM3) failed
2025-12-21 02:52:00.436 | Enable vorgemerkt (wird nach Handshake ausgeführt)
2025-12-21 02:52:00.929 | REQ Level 1 ct [plain]
2025-12-21 02:52:00.937 | REQ Level 2 ct [plain]
2025-12-21 02:52:00.942 | REQ Level 5 ct [plain]
2025-12-21 02:52:00.948 | REQ Level 10 ct [plain]
2025-12-21 02:52:00.953 | REQ Level 20 ct [plain]
2025-12-21 02:52:00.958 | REQ Level 50 ct [plain]
2025-12-21 02:52:00.965 | REQ Level 100 ct [plain]
2025-12-21 02:52:00.972 | REQ Level 200 ct [plain]
2025-12-21 02:52:00.978 | Enable vorgemerkt (wird nach Handshake ausgeführt)
2025-12-21 02:52:00.987 | Open SSPComPort (COM3) failed
2025-12-21 02:52:02.003 | Open SSPComPort (COM3) failed
2025-12-21 02:52:03.019 | Open SSPComPort (COM3) failed
2025-12-21 02:52:04.038 | Open SSPComPort (COM3) failed
2025-12-21 02:52:05.059 | Open SSPComPort (COM3) failed
2025-12-21 02:52:06.082 | Open SSPComPort (COM3) failed
2025-12-21 02:52:07.110 | Open SSPComPort (COM3) failed
2025-12-21 02:52:08.141 | Open SSPComPort (COM3) failed
2025-12-21 02:52:09.174 | Open SSPComPort (COM3) failed
2025-12-21 02:52:10.205 | Open SSPComPort (COM3) failed
2025-12-21 02:52:11.236 | Open SSPComPort (COM3) failed
2025-12-21 02:52:12.267 | Open SSPComPort (COM3) failed
2025-12-21 02:52:13.297 | Open SSPComPort (COM3) failed
2025-12-21 02:52:14.329 | Open SSPComPort (COM3) failed
2025-12-21 02:52:15.361 | Open SSPComPort (COM3) failed
2025-12-21 02:52:16.391 | Open SSPComPort (COM3) failed
2025-12-21 02:52:17.420 | Open SSPComPort (COM3) failed
2025-12-21 02:52:18.453 | Open SSPComPort (COM3) failed
2025-12-21 02:52:19.480 | Open SSPComPort (COM3) failed
2025-12-21 02:52:20.504 | Open SSPComPort (COM3) failed
2025-12-21 02:52:21.533 | Open SSPComPort (COM3) failed
2025-12-21 02:52:22.204 | Disable vorgemerkt (wird nach Handshake ausgeführt)
2025-12-21 02:52:22.219 | Disable vorgemerkt (wird nach Handshake ausgeführt)
2025-12-21 02:52:22.230 | HardDisconnect init
2025-12-21 02:52:22.572 | Status: Getrennt
2025-12-21 02:52:22.584 | HardDisconnect done
2025-12-21 02:52:22.703 | Status: getrennt
2025-12-21 02:52:36.648 | Status: Verbinde...
2025-12-21 02:52:36.701 | Open SSPComPort (COM3) failed
2025-12-21 02:52:36.701 | Thread gestartet
2025-12-21 02:52:36.707 | Status: Port nicht verfügbar
2025-12-21 02:52:37.772 | Open SSPComPort (COM3) failed
2025-12-21 02:52:38.800 | Open SSPComPort (COM3) failed
2025-12-21 02:52:39.829 | Open SSPComPort (COM3) failed
2025-12-21 02:52:40.848 | Open SSPComPort (COM3) failed
2025-12-21 02:52:41.876 | Open SSPComPort (COM3) failed
2025-12-21 02:52:42.906 | Open SSPComPort (COM3) failed
2025-12-21 02:52:43.948 | Open SSPComPort (COM3) failed
2025-12-21 02:52:45.000 | Open SSPComPort (COM3) failed
2025-12-21 02:52:46.031 | Open SSPComPort (COM3) failed
2025-12-21 02:52:47.062 | Open SSPComPort (COM3) failed
2025-12-21 02:52:48.080 | Open SSPComPort (COM3) failed
2025-12-21 02:52:49.111 | Open SSPComPort (COM3) failed
2025-12-21 02:52:50.124 | Open SSPComPort (COM3) failed
2025-12-21 02:52:51.140 | Open SSPComPort (COM3) failed
2025-12-21 02:52:51.365 | Enable vorgemerkt (wird nach Handshake ausgeführt)
2025-12-21 02:52:52.050 | REQ Level 1 ct [plain]
2025-12-21 02:52:52.058 | REQ Level 2 ct [plain]
2025-12-21 02:52:52.067 | REQ Level 5 ct [plain]
2025-12-21 02:52:52.075 | REQ Level 10 ct [plain]
2025-12-21 02:52:52.082 | REQ Level 20 ct [plain]
2025-12-21 02:52:52.089 | REQ Level 50 ct [plain]
2025-12-21 02:52:52.097 | REQ Level 100 ct [plain]
2025-12-21 02:52:52.104 | REQ Level 200 ct [plain]
2025-12-21 02:52:52.112 | Enable vorgemerkt (wird nach Handshake ausgeführt)
2025-12-21 02:52:52.170 | Open SSPComPort (COM3) failed
2025-12-21 02:52:53.230 | Open SSPComPort (COM3) failed
2025-12-21 02:52:54.259 | Open SSPComPort (COM3) failed
2025-12-21 02:52:55.284 | Open SSPComPort (COM3) failed
2025-12-21 02:52:56.314 | Open SSPComPort (COM3) failed
2025-12-21 02:52:57.345 | Open SSPComPort (COM3) failed
2025-12-21 02:52:58.371 | Open SSPComPort (COM3) failed
2025-12-21 02:52:59.398 | Open SSPComPort (COM3) failed
2025-12-21 02:53:00.427 | Open SSPComPort (COM3) failed
2025-12-21 02:53:01.452 | Open SSPComPort (COM3) failed
2025-12-21 02:53:02.486 | Open SSPComPort (COM3) failed
2025-12-21 02:53:03.511 | Open SSPComPort (COM3) failed
2025-12-21 02:53:04.536 | Open SSPComPort (COM3) failed
2025-12-21 02:53:05.567 | Open SSPComPort (COM3) failed
2025-12-21 02:53:06.597 | Open SSPComPort (COM3) failed
2025-12-21 02:53:07.627 | Open SSPComPort (COM3) failed
2025-12-21 02:53:08.643 | Open SSPComPort (COM3) failed
2025-12-21 02:53:09.672 | Open SSPComPort (COM3) failed
2025-12-21 02:53:10.705 | Open SSPComPort (COM3) failed
2025-12-21 02:53:11.734 | Open SSPComPort (COM3) failed
2025-12-21 02:53:12.190 | Disable vorgemerkt (wird nach Handshake ausgeführt)
2025-12-21 02:53:12.205 | Disable vorgemerkt (wird nach Handshake ausgeführt)
2025-12-21 02:53:12.221 | HardDisconnect init
2025-12-21 02:53:12.761 | Status: Getrennt
2025-12-21 02:53:12.773 | HardDisconnect done
2025-12-21 02:53:12.890 | Status: getrennt
2025-12-21 15:26:32.336 | Status: Verbinde...
2025-12-21 15:26:32.354 | Open SSPComPort (COM3) failed
2025-12-21 15:26:32.363 | Thread gestartet
2025-12-21 15:26:32.371 | Status: Port nicht verfügbar
2025-12-21 15:26:33.420 | Open SSPComPort (COM3) failed
2025-12-21 15:26:34.452 | Open SSPComPort (COM3) failed
2025-12-21 15:26:35.484 | Open SSPComPort (COM3) failed
2025-12-21 15:26:36.508 | Open SSPComPort (COM3) failed
2025-12-21 15:26:37.532 | Open SSPComPort (COM3) failed
2025-12-21 15:26:38.549 | Open SSPComPort (COM3) failed
2025-12-21 15:26:39.567 | Open SSPComPort (COM3) failed
2025-12-21 15:26:40.598 | Open SSPComPort (COM3) failed
2025-12-21 15:26:40.652 | Enable vorgemerkt (wird nach Handshake ausgeführt)
2025-12-21 15:26:41.303 | REQ Level 1 ct [plain]
2025-12-21 15:26:41.322 | REQ Level 2 ct [plain]
2025-12-21 15:26:41.335 | REQ Level 5 ct [plain]
2025-12-21 15:26:41.349 | REQ Level 10 ct [plain]
2025-12-21 15:26:41.359 | REQ Level 20 ct [plain]
2025-12-21 15:26:41.367 | REQ Level 50 ct [plain]
2025-12-21 15:26:41.375 | REQ Level 100 ct [plain]
2025-12-21 15:26:41.382 | REQ Level 200 ct [plain]
2025-12-21 15:26:41.388 | Enable vorgemerkt (wird nach Handshake ausgeführt)
2025-12-21 15:26:41.625 | Open SSPComPort (COM3) failed
2025-12-21 15:26:42.655 | Open SSPComPort (COM3) failed
2025-12-21 15:26:43.679 | Open SSPComPort (COM3) failed
2025-12-21 15:26:44.706 | Open SSPComPort (COM3) failed
2025-12-21 15:26:45.736 | Open SSPComPort (COM3) failed
2025-12-21 15:26:46.760 | Open SSPComPort (COM3) failed
2025-12-21 15:26:47.787 | Open SSPComPort (COM3) failed
2025-12-21 15:26:48.810 | Open SSPComPort (COM3) failed
2025-12-21 15:26:49.833 | Open SSPComPort (COM3) failed
2025-12-21 15:26:50.859 | Open SSPComPort (COM3) failed
2025-12-21 15:26:51.891 | Open SSPComPort (COM3) failed
2025-12-21 15:26:52.910 | Open SSPComPort (COM3) failed
2025-12-21 15:26:53.941 | Open SSPComPort (COM3) failed
2025-12-21 15:26:54.971 | Open SSPComPort (COM3) failed
2025-12-21 15:26:55.998 | Open SSPComPort (COM3) failed
2025-12-21 15:26:57.037 | Open SSPComPort (COM3) failed
2025-12-21 15:26:58.067 | Open SSPComPort (COM3) failed
2025-12-21 15:26:59.090 | Open SSPComPort (COM3) failed
2025-12-21 15:27:00.120 | Open SSPComPort (COM3) failed
2025-12-21 15:27:01.146 | Open SSPComPort (COM3) failed
2025-12-21 15:27:02.214 | Open SSPComPort (COM3) failed
2025-12-21 15:27:03.240 | Open SSPComPort (COM3) failed
2025-12-21 15:27:04.263 | Open SSPComPort (COM3) failed
2025-12-21 15:27:05.295 | Open SSPComPort (COM3) failed
2025-12-21 15:27:06.327 | Open SSPComPort (COM3) failed
2025-12-21 15:27:07.355 | Open SSPComPort (COM3) failed
2025-12-21 15:27:08.375 | Open SSPComPort (COM3) failed
2025-12-21 15:27:09.406 | Open SSPComPort (COM3) failed
2025-12-21 15:27:10.433 | Open SSPComPort (COM3) failed
2025-12-21 15:27:11.472 | Open SSPComPort (COM3) failed
2025-12-21 15:27:12.501 | Open SSPComPort (COM3) failed
2025-12-21 15:27:13.530 | Open SSPComPort (COM3) failed
2025-12-21 15:27:14.561 | Open SSPComPort (COM3) failed
2025-12-21 15:27:15.586 | Open SSPComPort (COM3) failed
2025-12-21 15:27:16.612 | Open SSPComPort (COM3) failed
2025-12-21 15:27:17.653 | Open SSPComPort (COM3) failed
2025-12-21 15:27:18.680 | Open SSPComPort (COM3) failed
2025-12-21 15:27:19.707 | Open SSPComPort (COM3) failed
2025-12-21 15:27:20.736 | Open SSPComPort (COM3) failed
2025-12-21 15:27:21.650 | REQ Level 1 ct [plain]
2025-12-21 15:27:21.664 | REQ Level 2 ct [plain]
2025-12-21 15:27:21.677 | REQ Level 5 ct [plain]
2025-12-21 15:27:21.690 | REQ Level 10 ct [plain]
2025-12-21 15:27:21.704 | REQ Level 20 ct [plain]
2025-12-21 15:27:21.720 | REQ Level 50 ct [plain]
2025-12-21 15:27:21.734 | REQ Level 100 ct [plain]
2025-12-21 15:27:21.749 | REQ Level 200 ct [plain]
2025-12-21 15:27:21.760 | Open SSPComPort (COM3) failed
2025-12-21 15:27:22.783 | Open SSPComPort (COM3) failed
2025-12-21 15:27:23.176 | Disable vorgemerkt (wird nach Handshake ausgeführt)
2025-12-21 15:27:23.197 | Disable vorgemerkt (wird nach Handshake ausgeführt)
2025-12-21 15:27:23.829 | Open SSPComPort (COM3) failed
2025-12-21 15:27:24.863 | Open SSPComPort (COM3) failed
2025-12-21 15:27:25.894 | Open SSPComPort (COM3) failed
2025-12-21 15:27:26.925 | Open SSPComPort (COM3) failed
2025-12-21 15:27:27.957 | Open SSPComPort (COM3) failed
2025-12-21 15:27:28.386 | Enable vorgemerkt (wird nach Handshake ausgeführt)
2025-12-21 15:27:28.684 | REQ Level 1 ct [plain]
2025-12-21 15:27:28.692 | REQ Level 2 ct [plain]
2025-12-21 15:27:28.699 | REQ Level 5 ct [plain]
2025-12-21 15:27:28.707 | REQ Level 10 ct [plain]
2025-12-21 15:27:28.715 | REQ Level 20 ct [plain]
2025-12-21 15:27:28.725 | REQ Level 50 ct [plain]
2025-12-21 15:27:28.732 | REQ Level 100 ct [plain]
2025-12-21 15:27:28.740 | REQ Level 200 ct [plain]
2025-12-21 15:27:28.747 | Enable vorgemerkt (wird nach Handshake ausgeführt)
2025-12-21 15:27:28.995 | Open SSPComPort (COM3) failed
2025-12-21 15:27:30.028 | Open SSPComPort (COM3) failed
2025-12-21 15:27:31.061 | Open SSPComPort (COM3) failed
2025-12-21 15:27:32.093 | Open SSPComPort (COM3) failed
2025-12-21 15:27:33.120 | Open SSPComPort (COM3) failed
2025-12-21 15:27:34.144 | Open SSPComPort (COM3) failed
2025-12-21 15:27:35.174 | Open SSPComPort (COM3) failed
2025-12-21 15:27:36.209 | Open SSPComPort (COM3) failed
2025-12-21 15:27:37.233 | Open SSPComPort (COM3) failed
2025-12-21 15:27:38.263 | Open SSPComPort (COM3) failed
2025-12-21 15:27:39.292 | Open SSPComPort (COM3) failed
2025-12-21 15:27:40.321 | Open SSPComPort (COM3) failed
2025-12-21 15:27:41.348 | Open SSPComPort (COM3) failed
2025-12-21 15:27:42.376 | Open SSPComPort (COM3) failed
2025-12-21 15:27:43.397 | Open SSPComPort (COM3) failed
2025-12-21 15:27:44.424 | Open SSPComPort (COM3) failed
2025-12-21 15:27:45.454 | Open SSPComPort (COM3) failed
2025-12-21 15:27:46.485 | Open SSPComPort (COM3) failed
2025-12-21 15:27:47.524 | Open SSPComPort (COM3) failed
2025-12-21 15:27:48.546 | Open SSPComPort (COM3) failed
2025-12-21 15:27:49.574 | Open SSPComPort (COM3) failed
2025-12-21 15:27:50.595 | Open SSPComPort (COM3) failed
2025-12-21 15:27:51.627 | Open SSPComPort (COM3) failed
2025-12-21 15:27:52.655 | Open SSPComPort (COM3) failed
2025-12-21 15:27:53.679 | Open SSPComPort (COM3) failed
2025-12-21 15:27:54.704 | Open SSPComPort (COM3) failed
2025-12-21 15:27:55.732 | Open SSPComPort (COM3) failed
2025-12-21 15:27:56.757 | Open SSPComPort (COM3) failed
2025-12-21 15:27:57.787 | Open SSPComPort (COM3) failed
2025-12-21 15:27:58.814 | Open SSPComPort (COM3) failed
2025-12-21 15:27:59.754 | Disable vorgemerkt (wird nach Handshake ausgeführt)
2025-12-21 15:27:59.770 | Disable vorgemerkt (wird nach Handshake ausgeführt)
2025-12-21 15:27:59.783 | HardDisconnect init
2025-12-21 15:27:59.866 | Status: Getrennt
2025-12-21 15:27:59.884 | HardDisconnect done
2025-12-21 15:28:00.011 | Status: getrennt
2025-12-21 15:30:40.777 | Status: Verbinde...
2025-12-21 15:30:40.793 | Open SSPComPort (COM3) failed
2025-12-21 15:30:40.795 | Thread gestartet
2025-12-21 15:30:40.800 | Status: Port nicht verfügbar
2025-12-21 15:30:41.842 | Open SSPComPort (COM3) failed
2025-12-21 15:30:42.872 | Open SSPComPort (COM3) failed
2025-12-21 15:30:43.900 | Open SSPComPort (COM3) failed
2025-12-21 15:30:44.931 | Open SSPComPort (COM3) failed
2025-12-21 15:30:45.956 | Open SSPComPort (COM3) failed
2025-12-21 15:30:46.987 | Open SSPComPort (COM3) failed
2025-12-21 15:30:48.010 | Open SSPComPort (COM3) failed
2025-12-21 15:30:49.036 | Open SSPComPort (COM3) failed
2025-12-21 15:30:49.371 | Enable vorgemerkt (wird nach Handshake ausgeführt)
2025-12-21 15:30:49.998 | REQ Level 1 ct [plain]
2025-12-21 15:30:50.006 | REQ Level 2 ct [plain]
2025-12-21 15:30:50.014 | REQ Level 5 ct [plain]
2025-12-21 15:30:50.022 | REQ Level 10 ct [plain]
2025-12-21 15:30:50.041 | REQ Level 20 ct [plain]
2025-12-21 15:30:50.049 | REQ Level 50 ct [plain]
2025-12-21 15:30:50.058 | REQ Level 100 ct [plain]
2025-12-21 15:30:50.065 | Open SSPComPort (COM3) failed
2025-12-21 15:30:50.072 | REQ Level 200 ct [plain]
2025-12-21 15:30:50.081 | Enable vorgemerkt (wird nach Handshake ausgeführt)
2025-12-21 15:30:51.095 | Open SSPComPort (COM3) failed
2025-12-21 15:30:52.127 | Open SSPComPort (COM3) failed
2025-12-21 15:30:53.161 | Open SSPComPort (COM3) failed
2025-12-21 15:30:54.186 | Open SSPComPort (COM3) failed
2025-12-21 15:30:55.214 | Open SSPComPort (COM3) failed
2025-12-21 15:30:56.234 | Open SSPComPort (COM3) failed
2025-12-21 15:30:57.258 | Open SSPComPort (COM3) failed
2025-12-21 15:30:58.288 | Open SSPComPort (COM3) failed
2025-12-21 15:30:59.308 | Open SSPComPort (COM3) failed
2025-12-21 15:31:00.329 | Open SSPComPort (COM3) failed
2025-12-21 15:31:01.356 | Open SSPComPort (COM3) failed
2025-12-21 15:31:02.383 | Open SSPComPort (COM3) failed
2025-12-21 15:31:03.402 | Open SSPComPort (COM3) failed
2025-12-21 15:31:04.431 | Open SSPComPort (COM3) failed
2025-12-21 15:31:05.461 | Open SSPComPort (COM3) failed
2025-12-21 15:31:06.479 | Open SSPComPort (COM3) failed
2025-12-21 15:31:07.500 | Open SSPComPort (COM3) failed
2025-12-21 15:31:08.533 | Open SSPComPort (COM3) failed
2025-12-21 15:31:09.568 | Open SSPComPort (COM3) failed
2025-12-21 15:31:10.593 | Open SSPComPort (COM3) failed
2025-12-21 15:31:11.621 | Open SSPComPort (COM3) failed
2025-12-21 15:31:12.645 | Open SSPComPort (COM3) failed
2025-12-21 15:31:13.395 | Disable vorgemerkt (wird nach Handshake ausgeführt)
2025-12-21 15:31:13.409 | Disable vorgemerkt (wird nach Handshake ausgeführt)
2025-12-21 15:31:13.420 | HardDisconnect init
2025-12-21 15:31:13.679 | Status: Getrennt
2025-12-21 15:31:13.692 | HardDisconnect done
2025-12-21 15:31:13.809 | Status: getrennt
2025-12-21 15:31:29.991 | Status: Verbinde...
2025-12-21 15:31:30.009 | Open SSPComPort (COM3) failed
2025-12-21 15:31:30.011 | Thread gestartet
2025-12-21 15:31:30.016 | Status: Port nicht verfügbar
2025-12-21 15:31:31.076 | Open SSPComPort (COM3) failed
2025-12-21 15:31:32.151 | Open SSPComPort (COM3) failed
2025-12-21 15:31:33.051 | Enable vorgemerkt (wird nach Handshake ausgeführt)
2025-12-21 15:31:33.213 | Open SSPComPort (COM3) failed
2025-12-21 15:31:33.768 | REQ Level 1 ct [plain]
2025-12-21 15:31:33.778 | REQ Level 2 ct [plain]
2025-12-21 15:31:33.787 | REQ Level 5 ct [plain]
2025-12-21 15:31:33.799 | REQ Level 10 ct [plain]
2025-12-21 15:31:33.813 | REQ Level 20 ct [plain]
2025-12-21 15:31:33.824 | REQ Level 50 ct [plain]
2025-12-21 15:31:33.835 | REQ Level 100 ct [plain]
2025-12-21 15:31:33.845 | REQ Level 200 ct [plain]
2025-12-21 15:31:33.854 | Enable vorgemerkt (wird nach Handshake ausgeführt)
2025-12-21 15:31:34.314 | Open SSPComPort (COM3) failed
2025-12-21 15:31:35.336 | Open SSPComPort (COM3) failed
2025-12-21 15:31:36.369 | Open SSPComPort (COM3) failed
2025-12-21 15:31:37.401 | Open SSPComPort (COM3) failed
2025-12-21 15:31:38.427 | Open SSPComPort (COM3) failed
2025-12-21 15:31:39.455 | Open SSPComPort (COM3) failed
2025-12-21 15:31:40.484 | Open SSPComPort (COM3) failed
2025-12-21 15:31:41.510 | Open SSPComPort (COM3) failed
2025-12-21 15:31:42.535 | Open SSPComPort (COM3) failed
2025-12-21 15:31:43.567 | Open SSPComPort (COM3) failed
2025-12-21 15:31:44.595 | Open SSPComPort (COM3) failed
2025-12-21 15:31:45.626 | Open SSPComPort (COM3) failed
2025-12-21 15:31:46.659 | Open SSPComPort (COM3) failed
2025-12-21 15:31:47.688 | Open SSPComPort (COM3) failed
2025-12-21 15:31:48.726 | Open SSPComPort (COM3) failed
2025-12-21 15:31:49.745 | Open SSPComPort (COM3) failed
2025-12-21 15:31:50.764 | Open SSPComPort (COM3) failed
2025-12-21 15:31:51.799 | Open SSPComPort (COM3) failed
2025-12-21 15:31:52.832 | Open SSPComPort (COM3) failed
2025-12-21 15:31:53.862 | Open SSPComPort (COM3) failed
2025-12-21 15:31:54.889 | Open SSPComPort (COM3) failed
2025-12-21 15:31:55.918 | Open SSPComPort (COM3) failed
2025-12-21 15:31:56.947 | Open SSPComPort (COM3) failed
2025-12-21 15:31:57.974 | Open SSPComPort (COM3) failed
2025-12-21 15:31:59.002 | Open SSPComPort (COM3) failed
2025-12-21 15:32:00.030 | Open SSPComPort (COM3) failed
2025-12-21 15:32:01.059 | Open SSPComPort (COM3) failed
2025-12-21 15:32:02.084 | Open SSPComPort (COM3) failed
2025-12-21 15:32:03.110 | Open SSPComPort (COM3) failed
2025-12-21 15:32:04.137 | Open SSPComPort (COM3) failed
2025-12-21 15:32:05.174 | Open SSPComPort (COM3) failed
2025-12-21 15:32:06.199 | Open SSPComPort (COM3) failed
2025-12-21 15:32:07.224 | Open SSPComPort (COM3) failed
2025-12-21 15:32:08.253 | Open SSPComPort (COM3) failed
2025-12-21 15:32:09.280 | Open SSPComPort (COM3) failed
2025-12-21 15:32:10.308 | Open SSPComPort (COM3) failed
2025-12-21 15:32:11.326 | Open SSPComPort (COM3) failed
2025-12-21 15:32:12.361 | Open SSPComPort (COM3) failed
2025-12-21 15:32:13.386 | Open SSPComPort (COM3) failed
2025-12-21 15:32:14.405 | Open SSPComPort (COM3) failed
2025-12-21 15:32:15.432 | Open SSPComPort (COM3) failed
2025-12-21 15:32:16.459 | Open SSPComPort (COM3) failed
2025-12-21 15:32:17.477 | Open SSPComPort (COM3) failed
2025-12-21 15:32:18.505 | Open SSPComPort (COM3) failed
2025-12-21 15:32:18.706 | Disable vorgemerkt (wird nach Handshake ausgeführt)
2025-12-21 15:32:18.717 | Disable vorgemerkt (wird nach Handshake ausgeführt)
2025-12-21 15:32:18.727 | HardDisconnect init
2025-12-21 15:32:19.543 | Status: Getrennt
2025-12-21 15:32:19.556 | HardDisconnect done
2025-12-21 15:32:19.675 | Status: getrennt
2025-12-21 15:47:40.406 | Status: Verbinde...
2025-12-21 15:47:40.414 | Thread gestartet
2025-12-21 15:47:40.448 | Open SSPComPort (COM3) failed
2025-12-21 15:47:40.453 | Status: Port nicht verfügbar
2025-12-21 15:47:41.547 | Open SSPComPort (COM3) failed
2025-12-21 15:47:42.571 | Open SSPComPort (COM3) failed
2025-12-21 15:47:43.585 | Open SSPComPort (COM3) failed
2025-12-21 15:47:43.714 | Enable vorgemerkt (wird nach Handshake ausgeführt)
2025-12-21 15:47:44.109 | REQ Level 1 ct [plain]
2025-12-21 15:47:44.113 | REQ Level 2 ct [plain]
2025-12-21 15:47:44.118 | REQ Level 5 ct [plain]
2025-12-21 15:47:44.123 | REQ Level 10 ct [plain]
2025-12-21 15:47:44.128 | REQ Level 20 ct [plain]
2025-12-21 15:47:44.132 | REQ Level 50 ct [plain]
2025-12-21 15:47:44.137 | REQ Level 100 ct [plain]
2025-12-21 15:47:44.141 | REQ Level 200 ct [plain]
2025-12-21 15:47:44.146 | Enable vorgemerkt (wird nach Handshake ausgeführt)
2025-12-21 15:47:44.598 | Open SSPComPort (COM3) failed
2025-12-21 15:47:45.612 | Open SSPComPort (COM3) failed
2025-12-21 15:47:46.624 | Open SSPComPort (COM3) failed
2025-12-21 15:47:47.635 | Open SSPComPort (COM3) failed
2025-12-21 15:47:48.646 | Open SSPComPort (COM3) failed
2025-12-21 15:47:49.669 | Open SSPComPort (COM3) failed
2025-12-21 15:47:50.694 | Open SSPComPort (COM3) failed
2025-12-21 15:47:51.709 | Open SSPComPort (COM3) failed
2025-12-21 15:47:52.721 | Open SSPComPort (COM3) failed
2025-12-21 15:47:53.741 | Open SSPComPort (COM3) failed
2025-12-21 15:47:54.768 | Open SSPComPort (COM3) failed
2025-12-21 15:47:55.793 | Open SSPComPort (COM3) failed
2025-12-21 15:47:56.806 | Open SSPComPort (COM3) failed
2025-12-21 15:47:57.817 | Open SSPComPort (COM3) failed
2025-12-21 15:47:58.834 | Open SSPComPort (COM3) failed
2025-12-21 15:47:59.856 | Open SSPComPort (COM3) failed
2025-12-21 15:48:00.873 | Open SSPComPort (COM3) failed
2025-12-21 15:48:01.884 | Open SSPComPort (COM3) failed
2025-12-21 15:48:02.904 | Open SSPComPort (COM3) failed
2025-12-21 15:48:03.915 | Open SSPComPort (COM3) failed
2025-12-21 15:48:04.936 | Open SSPComPort (COM3) failed
2025-12-21 15:48:05.957 | Open SSPComPort (COM3) failed
2025-12-21 15:48:06.435 | Disable vorgemerkt (wird nach Handshake ausgeführt)
2025-12-21 15:48:06.442 | Disable vorgemerkt (wird nach Handshake ausgeführt)
2025-12-21 15:48:06.448 | HardDisconnect init
2025-12-21 15:48:06.981 | Status: Getrennt
2025-12-21 15:48:06.987 | HardDisconnect done
2025-12-21 15:48:07.102 | Status: getrennt
2025-12-21 15:49:28.950 | Status: Verbinde...
2025-12-21 15:49:28.971 | Open SSPComPort (COM3) failed
2025-12-21 15:49:28.975 | Thread gestartet
2025-12-21 15:49:28.978 | Status: Port nicht verfügbar
2025-12-21 15:49:30.015 | Open SSPComPort (COM3) failed
2025-12-21 15:49:31.133 | Open SSPComPort (COM3) failed
2025-12-21 15:49:32.162 | Open SSPComPort (COM3) failed
2025-12-21 15:49:33.178 | Open SSPComPort (COM3) failed
2025-12-21 15:49:33.684 | Enable vorgemerkt (wird nach Handshake ausgeführt)
2025-12-21 15:49:34.190 | Open SSPComPort (COM3) failed
2025-12-21 15:49:34.203 | REQ Level 1 ct [plain]
2025-12-21 15:49:34.211 | REQ Level 2 ct [plain]
2025-12-21 15:49:34.218 | REQ Level 5 ct [plain]
2025-12-21 15:49:34.227 | REQ Level 10 ct [plain]
2025-12-21 15:49:34.245 | REQ Level 20 ct [plain]
2025-12-21 15:49:34.251 | REQ Level 50 ct [plain]
2025-12-21 15:49:34.257 | REQ Level 100 ct [plain]
2025-12-21 15:49:34.264 | REQ Level 200 ct [plain]
2025-12-21 15:49:34.271 | Enable vorgemerkt (wird nach Handshake ausgeführt)
2025-12-21 15:49:35.205 | Open SSPComPort (COM3) failed
2025-12-21 15:49:36.227 | Open SSPComPort (COM3) failed
2025-12-21 15:49:37.247 | Open SSPComPort (COM3) failed
2025-12-21 15:49:38.266 | Open SSPComPort (COM3) failed
2025-12-21 15:49:39.289 | Open SSPComPort (COM3) failed
2025-12-21 15:49:40.311 | Open SSPComPort (COM3) failed
2025-12-21 15:49:41.328 | Open SSPComPort (COM3) failed
2025-12-21 15:49:42.350 | Open SSPComPort (COM3) failed
2025-12-21 15:49:43.369 | Open SSPComPort (COM3) failed
2025-12-21 15:49:44.390 | Open SSPComPort (COM3) failed
2025-12-21 15:49:45.412 | Open SSPComPort (COM3) failed
2025-12-21 15:49:46.434 | Open SSPComPort (COM3) failed
2025-12-21 15:49:47.459 | Open SSPComPort (COM3) failed
2025-12-21 15:49:48.480 | Open SSPComPort (COM3) failed
2025-12-21 15:49:49.495 | Open SSPComPort (COM3) failed
2025-12-21 15:49:50.517 | Open SSPComPort (COM3) failed
2025-12-21 15:49:51.541 | Open SSPComPort (COM3) failed
2025-12-21 15:49:52.586 | Open SSPComPort (COM3) failed
2025-12-21 15:49:53.787 | Open SSPComPort (COM3) failed
2025-12-21 15:49:54.986 | Open SSPComPort (COM3) failed
2025-12-21 15:49:56.187 | Open SSPComPort (COM3) failed
2025-12-21 15:49:57.391 | Open SSPComPort (COM3) failed
2025-12-21 15:49:58.591 | Open SSPComPort (COM3) failed
2025-12-21 15:49:59.792 | Open SSPComPort (COM3) failed
2025-12-21 15:50:00.992 | Open SSPComPort (COM3) failed
2025-12-21 15:50:02.185 | Open SSPComPort (COM3) failed
2025-12-21 15:50:03.380 | Open SSPComPort (COM3) failed
2025-12-21 15:50:04.579 | Open SSPComPort (COM3) failed
2025-12-21 15:50:05.767 | Open SSPComPort (COM3) failed
2025-12-21 15:50:06.976 | Open SSPComPort (COM3) failed
2025-12-21 15:50:08.176 | Open SSPComPort (COM3) failed
2025-12-21 15:50:09.378 | Open SSPComPort (COM3) failed
2025-12-21 15:50:10.590 | Open SSPComPort (COM3) failed
2025-12-21 15:50:11.780 | Open SSPComPort (COM3) failed
2025-12-21 15:50:12.971 | Open SSPComPort (COM3) failed
2025-12-21 15:50:14.169 | Open SSPComPort (COM3) failed
2025-12-21 15:50:15.374 | Open SSPComPort (COM3) failed
2025-12-21 15:50:16.574 | Open SSPComPort (COM3) failed
2025-12-21 15:50:17.777 | Open SSPComPort (COM3) failed
2025-12-21 15:50:18.968 | Open SSPComPort (COM3) failed
2025-12-21 15:50:20.167 | Open SSPComPort (COM3) failed
2025-12-21 15:50:20.250 | Disable vorgemerkt (wird nach Handshake ausgeführt)
2025-12-21 15:50:20.259 | Disable vorgemerkt (wird nach Handshake ausgeführt)
2025-12-21 15:50:20.264 | HardDisconnect init
2025-12-21 15:50:21.373 | Status: Getrennt
2025-12-21 15:50:21.384 | HardDisconnect done
2025-12-21 15:50:21.518 | Status: getrennt
2025-12-21 16:18:13.181 | Status: Verbinde...
2025-12-21 16:18:13.192 | Thread gestartet
2025-12-21 16:18:13.221 | Open SSPComPort (COM3) failed
2025-12-21 16:18:13.228 | Status: Port nicht verfügbar
2025-12-21 16:18:14.287 | Open SSPComPort (COM3) failed
2025-12-21 16:18:15.350 | Open SSPComPort (COM3) failed
2025-12-21 16:18:16.381 | Open SSPComPort (COM3) failed
2025-12-21 16:18:16.816 | Enable vorgemerkt (wird nach Handshake ausgeführt)
2025-12-21 16:18:17.398 | Open SSPComPort (COM3) failed
2025-12-21 16:18:17.538 | REQ Level 1 ct [plain]
2025-12-21 16:18:17.547 | REQ Level 2 ct [plain]
2025-12-21 16:18:17.555 | REQ Level 5 ct [plain]
2025-12-21 16:18:17.563 | REQ Level 10 ct [plain]
2025-12-21 16:18:17.571 | REQ Level 20 ct [plain]
2025-12-21 16:18:17.578 | REQ Level 50 ct [plain]
2025-12-21 16:18:17.584 | REQ Level 100 ct [plain]
2025-12-21 16:18:17.592 | REQ Level 200 ct [plain]
2025-12-21 16:18:17.599 | Enable vorgemerkt (wird nach Handshake ausgeführt)
2025-12-21 16:18:18.422 | Open SSPComPort (COM3) failed
2025-12-21 16:18:19.448 | Open SSPComPort (COM3) failed
2025-12-21 16:18:20.477 | Open SSPComPort (COM3) failed
2025-12-21 16:18:21.501 | Open SSPComPort (COM3) failed
2025-12-21 16:18:22.528 | Open SSPComPort (COM3) failed
2025-12-21 16:18:23.552 | Open SSPComPort (COM3) failed
2025-12-21 16:18:24.584 | Open SSPComPort (COM3) failed
2025-12-21 16:18:25.614 | Open SSPComPort (COM3) failed
2025-12-21 16:18:26.640 | Open SSPComPort (COM3) failed
2025-12-21 16:18:27.667 | Open SSPComPort (COM3) failed
2025-12-21 16:18:28.691 | Open SSPComPort (COM3) failed
2025-12-21 16:18:29.712 | Open SSPComPort (COM3) failed
2025-12-21 16:18:30.737 | Open SSPComPort (COM3) failed
2025-12-21 16:18:31.770 | Open SSPComPort (COM3) failed
2025-12-21 16:18:32.801 | Open SSPComPort (COM3) failed
2025-12-21 16:18:33.830 | Open SSPComPort (COM3) failed
2025-12-21 16:18:34.858 | Open SSPComPort (COM3) failed
2025-12-21 16:18:35.884 | Open SSPComPort (COM3) failed
2025-12-21 16:18:36.903 | Open SSPComPort (COM3) failed
2025-12-21 16:18:37.935 | Open SSPComPort (COM3) failed
2025-12-21 16:18:38.960 | Open SSPComPort (COM3) failed
2025-12-21 16:18:39.988 | Open SSPComPort (COM3) failed
2025-12-21 16:18:41.019 | Open SSPComPort (COM3) failed
2025-12-21 16:18:42.046 | Open SSPComPort (COM3) failed
2025-12-21 16:18:43.074 | Open SSPComPort (COM3) failed
2025-12-21 16:18:44.103 | Open SSPComPort (COM3) failed
2025-12-21 16:18:45.128 | Open SSPComPort (COM3) failed
2025-12-21 16:18:46.154 | Open SSPComPort (COM3) failed
2025-12-21 16:18:47.182 | Open SSPComPort (COM3) failed
2025-12-21 16:18:48.206 | Open SSPComPort (COM3) failed
2025-12-21 16:18:49.237 | Open SSPComPort (COM3) failed
2025-12-21 16:18:50.266 | Open SSPComPort (COM3) failed
2025-12-21 16:18:51.284 | Open SSPComPort (COM3) failed
2025-12-21 16:18:52.311 | Open SSPComPort (COM3) failed
2025-12-21 16:18:52.730 | Disable vorgemerkt (wird nach Handshake ausgeführt)
2025-12-21 16:18:52.744 | Disable vorgemerkt (wird nach Handshake ausgeführt)
2025-12-21 16:18:52.755 | HardDisconnect init
2025-12-21 16:18:53.340 | Status: Getrennt
2025-12-21 16:18:53.353 | HardDisconnect done
2025-12-21 16:18:53.471 | Status: getrennt
2025-12-21 16:21:50.007 | Status: Verbinde...
2025-12-21 16:21:50.034 | Open SSPComPort (COM3) failed
2025-12-21 16:21:50.034 | Thread gestartet
2025-12-21 16:21:50.046 | Status: Port nicht verfügbar
2025-12-21 16:21:51.108 | Open SSPComPort (COM3) failed
2025-12-21 16:21:52.166 | Open SSPComPort (COM3) failed
2025-12-21 16:21:53.184 | Open SSPComPort (COM3) failed
2025-12-21 16:21:53.292 | Enable vorgemerkt (wird nach Handshake ausgeführt)
2025-12-21 16:21:54.096 | REQ Level 1 ct [plain]
2025-12-21 16:21:54.103 | REQ Level 2 ct [plain]
2025-12-21 16:21:54.109 | REQ Level 5 ct [plain]
2025-12-21 16:21:54.116 | REQ Level 10 ct [plain]
2025-12-21 16:21:54.123 | REQ Level 20 ct [plain]
2025-12-21 16:21:54.132 | REQ Level 50 ct [plain]
2025-12-21 16:21:54.140 | REQ Level 100 ct [plain]
2025-12-21 16:21:54.147 | REQ Level 200 ct [plain]
2025-12-21 16:21:54.154 | Enable vorgemerkt (wird nach Handshake ausgeführt)
2025-12-21 16:21:54.208 | Open SSPComPort (COM3) failed
2025-12-21 16:21:55.223 | Open SSPComPort (COM3) failed
2025-12-21 16:21:56.251 | Open SSPComPort (COM3) failed
2025-12-21 16:21:57.271 | Open SSPComPort (COM3) failed
2025-12-21 16:21:58.300 | Open SSPComPort (COM3) failed
2025-12-21 16:21:59.317 | Open SSPComPort (COM3) failed
2025-12-21 16:22:00.335 | Open SSPComPort (COM3) failed
2025-12-21 16:22:01.348 | Open SSPComPort (COM3) failed
2025-12-21 16:22:02.376 | Open SSPComPort (COM3) failed
2025-12-21 16:22:03.402 | Open SSPComPort (COM3) failed
2025-12-21 16:22:04.427 | Open SSPComPort (COM3) failed
2025-12-21 16:22:05.452 | Open SSPComPort (COM3) failed
2025-12-21 16:22:06.473 | Open SSPComPort (COM3) failed
2025-12-21 16:22:07.500 | Open SSPComPort (COM3) failed
2025-12-21 16:22:08.527 | Open SSPComPort (COM3) failed
2025-12-21 16:22:09.551 | Open SSPComPort (COM3) failed
2025-12-21 16:22:10.577 | Open SSPComPort (COM3) failed
2025-12-21 16:22:11.607 | Open SSPComPort (COM3) failed
2025-12-21 16:22:12.637 | Open SSPComPort (COM3) failed
2025-12-21 16:22:13.670 | Open SSPComPort (COM3) failed
2025-12-21 16:22:14.697 | Open SSPComPort (COM3) failed
2025-12-21 16:22:15.722 | Open SSPComPort (COM3) failed
2025-12-21 16:22:16.746 | Open SSPComPort (COM3) failed
2025-12-21 16:22:17.762 | Open SSPComPort (COM3) failed
2025-12-21 16:22:18.793 | Open SSPComPort (COM3) failed
2025-12-21 16:22:19.823 | Open SSPComPort (COM3) failed
2025-12-21 16:22:20.848 | Open SSPComPort (COM3) failed
2025-12-21 16:22:21.870 | Open SSPComPort (COM3) failed
2025-12-21 16:22:22.898 | Open SSPComPort (COM3) failed
2025-12-21 16:22:23.929 | Open SSPComPort (COM3) failed
2025-12-21 16:22:24.956 | Open SSPComPort (COM3) failed
2025-12-21 16:22:25.984 | Open SSPComPort (COM3) failed
2025-12-21 16:22:27.021 | Open SSPComPort (COM3) failed
2025-12-21 16:22:27.817 | Disable vorgemerkt (wird nach Handshake ausgeführt)
2025-12-21 16:22:27.831 | Disable vorgemerkt (wird nach Handshake ausgeführt)
2025-12-21 16:22:27.842 | HardDisconnect init
2025-12-21 16:22:28.061 | Status: Getrennt
2025-12-21 16:22:28.072 | HardDisconnect done
2025-12-21 16:22:28.188 | Status: getrennt
2025-12-21 16:22:42.963 | Status: Verbinde...
2025-12-21 16:22:43.014 | Open SSPComPort (COM3) failed
2025-12-21 16:22:43.014 | Thread gestartet
2025-12-21 16:22:43.021 | Status: Port nicht verfügbar
2025-12-21 16:22:44.081 | Open SSPComPort (COM3) failed
2025-12-21 16:22:45.140 | Open SSPComPort (COM3) failed
2025-12-21 16:22:46.166 | Open SSPComPort (COM3) failed
2025-12-21 16:22:47.188 | Open SSPComPort (COM3) failed
2025-12-21 16:22:48.215 | Open SSPComPort (COM3) failed
2025-12-21 16:22:49.238 | Open SSPComPort (COM3) failed
2025-12-21 16:22:50.259 | Open SSPComPort (COM3) failed
2025-12-21 16:22:51.289 | Open SSPComPort (COM3) failed
2025-12-21 16:22:52.316 | Open SSPComPort (COM3) failed
2025-12-21 16:22:53.055 | Enable vorgemerkt (wird nach Handshake ausgeführt)
2025-12-21 16:22:53.334 | Open SSPComPort (COM3) failed
2025-12-21 16:22:53.786 | REQ Level 1 ct [plain]
2025-12-21 16:22:53.794 | REQ Level 2 ct [plain]
2025-12-21 16:22:53.801 | REQ Level 5 ct [plain]
2025-12-21 16:22:53.809 | REQ Level 10 ct [plain]
2025-12-21 16:22:53.816 | REQ Level 20 ct [plain]
2025-12-21 16:22:53.822 | REQ Level 50 ct [plain]
2025-12-21 16:22:53.829 | REQ Level 100 ct [plain]
2025-12-21 16:22:53.837 | REQ Level 200 ct [plain]
2025-12-21 16:22:53.843 | Enable vorgemerkt (wird nach Handshake ausgeführt)
2025-12-21 16:22:54.355 | Open SSPComPort (COM3) failed
2025-12-21 16:22:55.385 | Open SSPComPort (COM3) failed
2025-12-21 16:22:56.412 | Open SSPComPort (COM3) failed
2025-12-21 16:22:57.429 | Open SSPComPort (COM3) failed
2025-12-21 16:22:58.462 | Open SSPComPort (COM3) failed
2025-12-21 16:22:59.484 | Open SSPComPort (COM3) failed
2025-12-21 16:23:00.511 | Open SSPComPort (COM3) failed
2025-12-21 16:23:01.541 | Open SSPComPort (COM3) failed
2025-12-21 16:23:02.568 | Open SSPComPort (COM3) failed
2025-12-21 16:23:03.585 | Open SSPComPort (COM3) failed
2025-12-21 16:23:04.614 | Open SSPComPort (COM3) failed
2025-12-21 16:23:05.644 | Open SSPComPort (COM3) failed
2025-12-21 16:23:06.672 | Open SSPComPort (COM3) failed
2025-12-21 16:23:07.712 | Open SSPComPort (COM3) failed
2025-12-21 16:23:08.741 | Open SSPComPort (COM3) failed
2025-12-21 16:23:09.772 | Open SSPComPort (COM3) failed
2025-12-21 16:23:10.801 | Open SSPComPort (COM3) failed
2025-12-21 16:23:11.824 | Open SSPComPort (COM3) failed
2025-12-21 16:23:12.654 | Disable vorgemerkt (wird nach Handshake ausgeführt)
2025-12-21 16:23:12.668 | Disable vorgemerkt (wird nach Handshake ausgeführt)
2025-12-21 16:23:12.679 | HardDisconnect init
2025-12-21 16:23:12.861 | Status: Getrennt
2025-12-21 16:23:12.872 | HardDisconnect done
2025-12-21 16:23:12.990 | Status: getrennt
2025-12-21 16:25:06.856 | Status: Verbinde...
2025-12-21 16:25:06.873 | Open SSPComPort (COM3) failed
2025-12-21 16:25:06.873 | Thread gestartet
2025-12-21 16:25:06.877 | Status: Port nicht verfügbar
2025-12-21 16:25:07.923 | Open SSPComPort (COM3) failed
2025-12-21 16:25:08.952 | Open SSPComPort (COM3) failed
2025-12-21 16:25:09.980 | Open SSPComPort (COM3) failed
2025-12-21 16:25:11.007 | Open SSPComPort (COM3) failed
2025-12-21 16:25:12.040 | Open SSPComPort (COM3) failed
2025-12-21 16:25:13.070 | Open SSPComPort (COM3) failed
2025-12-21 16:25:14.096 | Open SSPComPort (COM3) failed
2025-12-21 16:25:15.118 | Open SSPComPort (COM3) failed
2025-12-21 16:25:16.148 | Open SSPComPort (COM3) failed
2025-12-21 16:25:17.178 | Open SSPComPort (COM3) failed
2025-12-21 16:25:18.209 | Open SSPComPort (COM3) failed
2025-12-21 16:25:19.242 | Open SSPComPort (COM3) failed
2025-12-21 16:25:20.271 | Open SSPComPort (COM3) failed
2025-12-21 16:25:21.286 | Open SSPComPort (COM3) failed
2025-12-21 16:25:22.312 | Open SSPComPort (COM3) failed
2025-12-21 16:25:23.342 | Open SSPComPort (COM3) failed
2025-12-21 16:25:24.368 | Open SSPComPort (COM3) failed
2025-12-21 16:25:25.395 | Open SSPComPort (COM3) failed
2025-12-21 16:25:26.421 | Open SSPComPort (COM3) failed
2025-12-21 16:25:27.443 | Open SSPComPort (COM3) failed
2025-12-21 16:25:28.474 | Open SSPComPort (COM3) failed
2025-12-21 16:25:29.490 | Open SSPComPort (COM3) failed
2025-12-21 16:25:30.522 | Open SSPComPort (COM3) failed
2025-12-21 16:25:31.552 | Open SSPComPort (COM3) failed
2025-12-21 16:25:32.584 | Open SSPComPort (COM3) failed
2025-12-21 16:25:33.614 | Open SSPComPort (COM3) failed
2025-12-21 16:25:34.647 | Open SSPComPort (COM3) failed
2025-12-21 16:25:35.671 | Open SSPComPort (COM3) failed
2025-12-21 16:25:36.698 | Open SSPComPort (COM3) failed
2025-12-21 16:25:37.725 | Open SSPComPort (COM3) failed
2025-12-21 16:25:38.754 | Open SSPComPort (COM3) failed
2025-12-21 16:25:39.777 | Open SSPComPort (COM3) failed
2025-12-21 16:25:40.804 | Open SSPComPort (COM3) failed
2025-12-21 16:25:40.840 | Enable vorgemerkt (wird nach Handshake ausgeführt)
2025-12-21 16:25:41.613 | REQ Level 1 ct [plain]
2025-12-21 16:25:41.623 | REQ Level 2 ct [plain]
2025-12-21 16:25:41.632 | REQ Level 5 ct [plain]
2025-12-21 16:25:41.641 | REQ Level 10 ct [plain]
2025-12-21 16:25:41.652 | REQ Level 20 ct [plain]
2025-12-21 16:25:41.661 | REQ Level 50 ct [plain]
2025-12-21 16:25:41.670 | REQ Level 100 ct [plain]
2025-12-21 16:25:41.677 | REQ Level 200 ct [plain]
2025-12-21 16:25:41.684 | Enable vorgemerkt (wird nach Handshake ausgeführt)
2025-12-21 16:25:41.832 | Open SSPComPort (COM3) failed
2025-12-21 16:25:42.863 | Open SSPComPort (COM3) failed
2025-12-21 16:25:43.891 | Open SSPComPort (COM3) failed
2025-12-21 16:25:44.916 | Open SSPComPort (COM3) failed
2025-12-21 16:25:45.940 | Open SSPComPort (COM3) failed
2025-12-21 16:25:46.970 | Open SSPComPort (COM3) failed
2025-12-21 16:25:47.999 | Open SSPComPort (COM3) failed
2025-12-21 16:25:49.026 | Open SSPComPort (COM3) failed
2025-12-21 16:25:50.049 | Open SSPComPort (COM3) failed
2025-12-21 16:25:51.078 | Open SSPComPort (COM3) failed
2025-12-21 16:25:52.106 | Open SSPComPort (COM3) failed
2025-12-21 16:25:53.132 | Open SSPComPort (COM3) failed
2025-12-21 16:25:54.160 | Open SSPComPort (COM3) failed
2025-12-21 16:25:55.200 | Open SSPComPort (COM3) failed
2025-12-21 16:25:56.268 | Open SSPComPort (COM3) failed
2025-12-21 16:25:56.566 | Disable vorgemerkt (wird nach Handshake ausgeführt)
2025-12-21 16:25:56.578 | Disable vorgemerkt (wird nach Handshake ausgeführt)
2025-12-21 16:25:56.589 | HardDisconnect init
2025-12-21 16:25:57.305 | Status: Getrennt
2025-12-21 16:25:57.318 | HardDisconnect done
2025-12-21 16:25:57.438 | Status: getrennt
2025-12-21 16:26:10.727 | Status: Verbinde...
2025-12-21 16:26:10.741 | Open SSPComPort (COM3) failed
2025-12-21 16:26:10.741 | Thread gestartet
2025-12-21 16:26:10.746 | Status: Port nicht verfügbar
2025-12-21 16:26:11.791 | Open SSPComPort (COM3) failed
2025-12-21 16:26:12.829 | Open SSPComPort (COM3) failed
2025-12-21 16:26:13.859 | Open SSPComPort (COM3) failed
2025-12-21 16:26:14.888 | Open SSPComPort (COM3) failed
2025-12-21 16:26:15.918 | Open SSPComPort (COM3) failed
2025-12-21 16:26:16.939 | Open SSPComPort (COM3) failed
2025-12-21 16:26:17.963 | Open SSPComPort (COM3) failed
2025-12-21 16:26:18.988 | Open SSPComPort (COM3) failed
2025-12-21 16:26:19.649 | Enable vorgemerkt (wird nach Handshake ausgeführt)
2025-12-21 16:26:20.015 | Open SSPComPort (COM3) failed
2025-12-21 16:26:20.456 | REQ Level 1 ct [plain]
2025-12-21 16:26:20.466 | REQ Level 2 ct [plain]
2025-12-21 16:26:20.476 | REQ Level 5 ct [plain]
2025-12-21 16:26:20.484 | REQ Level 10 ct [plain]
2025-12-21 16:26:20.492 | REQ Level 20 ct [plain]
2025-12-21 16:26:20.500 | REQ Level 50 ct [plain]
2025-12-21 16:26:20.507 | REQ Level 100 ct [plain]
2025-12-21 16:26:20.512 | REQ Level 200 ct [plain]
2025-12-21 16:26:20.519 | Enable vorgemerkt (wird nach Handshake ausgeführt)
2025-12-21 16:26:21.046 | Open SSPComPort (COM3) failed
2025-12-21 16:26:22.060 | Open SSPComPort (COM3) failed
2025-12-21 16:26:23.092 | Open SSPComPort (COM3) failed
2025-12-21 16:26:24.124 | Open SSPComPort (COM3) failed
2025-12-21 16:26:25.157 | Open SSPComPort (COM3) failed
2025-12-21 16:26:26.187 | Open SSPComPort (COM3) failed
2025-12-21 16:26:27.216 | Open SSPComPort (COM3) failed
2025-12-21 16:26:28.243 | Open SSPComPort (COM3) failed
2025-12-21 16:26:29.275 | Open SSPComPort (COM3) failed
2025-12-21 16:26:30.299 | Open SSPComPort (COM3) failed
2025-12-21 16:26:31.325 | Open SSPComPort (COM3) failed
2025-12-21 16:26:32.359 | Open SSPComPort (COM3) failed
2025-12-21 16:26:33.384 | Open SSPComPort (COM3) failed
2025-12-21 16:26:34.405 | Open SSPComPort (COM3) failed
2025-12-21 16:26:35.432 | Open SSPComPort (COM3) failed
2025-12-21 16:26:36.457 | Open SSPComPort (COM3) failed
2025-12-21 16:26:37.484 | Open SSPComPort (COM3) failed
2025-12-21 16:26:38.515 | Open SSPComPort (COM3) failed
2025-12-21 16:26:39.545 | Open SSPComPort (COM3) failed
2025-12-21 16:26:40.574 | Open SSPComPort (COM3) failed
2025-12-21 16:26:41.615 | Open SSPComPort (COM3) failed
2025-12-21 16:26:42.249 | Disable vorgemerkt (wird nach Handshake ausgeführt)
2025-12-21 16:26:42.263 | Disable vorgemerkt (wird nach Handshake ausgeführt)
2025-12-21 16:26:42.273 | HardDisconnect init
2025-12-21 16:26:42.694 | Status: Getrennt
2025-12-21 16:26:42.707 | HardDisconnect done
2025-12-21 16:26:42.824 | Status: getrennt
2025-12-21 16:30:39.248 | Status: Verbinde...
2025-12-21 16:30:39.264 | Open SSPComPort (COM3) failed
2025-12-21 16:30:39.266 | Thread gestartet
2025-12-21 16:30:39.270 | Status: Port nicht verfügbar
2025-12-21 16:30:40.314 | Open SSPComPort (COM3) failed
2025-12-21 16:30:41.346 | Open SSPComPort (COM3) failed
2025-12-21 16:30:42.378 | Open SSPComPort (COM3) failed
2025-12-21 16:30:43.402 | Open SSPComPort (COM3) failed
2025-12-21 16:30:44.298 | Enable vorgemerkt (wird nach Handshake ausgeführt)
2025-12-21 16:30:44.420 | Open SSPComPort (COM3) failed
2025-12-21 16:30:44.891 | REQ Level 1 ct [plain]
2025-12-21 16:30:44.898 | REQ Level 2 ct [plain]
2025-12-21 16:30:44.905 | REQ Level 5 ct [plain]
2025-12-21 16:30:44.912 | REQ Level 10 ct [plain]
2025-12-21 16:30:44.919 | REQ Level 20 ct [plain]
2025-12-21 16:30:44.927 | REQ Level 50 ct [plain]
2025-12-21 16:30:44.933 | REQ Level 100 ct [plain]
2025-12-21 16:30:44.941 | REQ Level 200 ct [plain]
2025-12-21 16:30:44.949 | Enable vorgemerkt (wird nach Handshake ausgeführt)
2025-12-21 16:30:45.448 | Open SSPComPort (COM3) failed
2025-12-21 16:30:46.474 | Open SSPComPort (COM3) failed
2025-12-21 16:30:47.502 | Open SSPComPort (COM3) failed
2025-12-21 16:30:48.529 | Open SSPComPort (COM3) failed
2025-12-21 16:30:49.562 | Open SSPComPort (COM3) failed
2025-12-21 16:30:50.590 | Open SSPComPort (COM3) failed
2025-12-21 16:30:51.619 | Open SSPComPort (COM3) failed
2025-12-21 16:30:52.634 | Open SSPComPort (COM3) failed
2025-12-21 16:30:53.659 | Open SSPComPort (COM3) failed
2025-12-21 16:30:54.687 | Open SSPComPort (COM3) failed
2025-12-21 16:30:55.716 | Open SSPComPort (COM3) failed
2025-12-21 16:30:56.747 | Open SSPComPort (COM3) failed
2025-12-21 16:30:57.779 | Open SSPComPort (COM3) failed
2025-12-21 16:30:58.808 | Open SSPComPort (COM3) failed
2025-12-21 16:30:59.839 | Open SSPComPort (COM3) failed
2025-12-21 16:31:00.868 | Open SSPComPort (COM3) failed
2025-12-21 16:31:01.897 | Open SSPComPort (COM3) failed
2025-12-21 16:31:02.929 | Open SSPComPort (COM3) failed
2025-12-21 16:31:03.959 | Open SSPComPort (COM3) failed
2025-12-21 16:31:04.972 | Open SSPComPort (COM3) failed
2025-12-21 16:31:05.486 | Disable vorgemerkt (wird nach Handshake ausgeführt)
2025-12-21 16:31:05.497 | Disable vorgemerkt (wird nach Handshake ausgeführt)
2025-12-21 16:31:05.505 | HardDisconnect init
2025-12-21 16:31:05.991 | Status: Getrennt
2025-12-21 16:31:06.002 | HardDisconnect done
2025-12-21 16:31:06.126 | Status: getrennt
2025-12-21 16:42:26.901 | Status: Verbinde...
2025-12-21 16:42:26.909 | Thread gestartet
2025-12-21 16:42:26.919 | Open SSPComPort (COM3) failed
2025-12-21 16:42:26.925 | Status: Port nicht verfügbar
2025-12-21 16:42:27.968 | Open SSPComPort (COM3) failed
2025-12-21 16:42:28.994 | Open SSPComPort (COM3) failed
2025-12-21 16:42:30.018 | Open SSPComPort (COM3) failed
2025-12-21 16:42:30.493 | Enable vorgemerkt (wird nach Handshake ausgeführt)
2025-12-21 16:42:31.044 | Open SSPComPort (COM3) failed
2025-12-21 16:42:31.247 | REQ Level 1 ct [plain]
2025-12-21 16:42:31.258 | REQ Level 2 ct [plain]
2025-12-21 16:42:31.268 | REQ Level 5 ct [plain]
2025-12-21 16:42:31.277 | REQ Level 10 ct [plain]
2025-12-21 16:42:31.286 | REQ Level 20 ct [plain]
2025-12-21 16:42:31.295 | REQ Level 50 ct [plain]
2025-12-21 16:42:31.304 | REQ Level 100 ct [plain]
2025-12-21 16:42:31.313 | REQ Level 200 ct [plain]
2025-12-21 16:42:31.322 | Enable vorgemerkt (wird nach Handshake ausgeführt)
2025-12-21 16:42:32.062 | Open SSPComPort (COM3) failed
2025-12-21 16:42:33.093 | Open SSPComPort (COM3) failed
2025-12-21 16:42:34.120 | Open SSPComPort (COM3) failed
2025-12-21 16:42:35.145 | Open SSPComPort (COM3) failed
2025-12-21 16:42:36.177 | Open SSPComPort (COM3) failed
2025-12-21 16:42:37.195 | Open SSPComPort (COM3) failed
2025-12-21 16:42:38.213 | Open SSPComPort (COM3) failed
2025-12-21 16:42:39.241 | Open SSPComPort (COM3) failed
2025-12-21 16:42:40.271 | Open SSPComPort (COM3) failed
2025-12-21 16:42:41.295 | Open SSPComPort (COM3) failed
2025-12-21 16:42:42.324 | Open SSPComPort (COM3) failed
2025-12-21 16:42:43.294 | Disable vorgemerkt (wird nach Handshake ausgeführt)
2025-12-21 16:42:43.308 | Disable vorgemerkt (wird nach Handshake ausgeführt)
2025-12-21 16:42:43.319 | HardDisconnect init
2025-12-21 16:42:43.349 | Status: Getrennt
2025-12-21 16:42:43.359 | HardDisconnect done
2025-12-21 16:42:43.478 | Status: getrennt
2025-12-21 16:43:33.970 | Status: Verbinde...
2025-12-21 16:43:34.015 | Open SSPComPort (COM3) failed
2025-12-21 16:43:34.016 | Thread gestartet
2025-12-21 16:43:34.021 | Status: Port nicht verfügbar
2025-12-21 16:43:35.079 | Open SSPComPort (COM3) failed
2025-12-21 16:43:36.108 | Open SSPComPort (COM3) failed
2025-12-21 16:43:37.137 | Open SSPComPort (COM3) failed
2025-12-21 16:43:37.615 | Enable vorgemerkt (wird nach Handshake ausgeführt)
2025-12-21 16:43:38.151 | Open SSPComPort (COM3) failed
2025-12-21 16:43:38.460 | REQ Level 1 ct [plain]
2025-12-21 16:43:38.468 | REQ Level 2 ct [plain]
2025-12-21 16:43:38.478 | REQ Level 5 ct [plain]
2025-12-21 16:43:38.487 | REQ Level 10 ct [plain]
2025-12-21 16:43:38.497 | REQ Level 20 ct [plain]
2025-12-21 16:43:38.507 | REQ Level 50 ct [plain]
2025-12-21 16:43:38.517 | REQ Level 100 ct [plain]
2025-12-21 16:43:38.526 | REQ Level 200 ct [plain]
2025-12-21 16:43:38.534 | Enable vorgemerkt (wird nach Handshake ausgeführt)
2025-12-21 16:43:39.164 | Open SSPComPort (COM3) failed
2025-12-21 16:43:40.194 | Open SSPComPort (COM3) failed
2025-12-21 16:43:41.222 | Open SSPComPort (COM3) failed
2025-12-21 16:43:42.244 | Open SSPComPort (COM3) failed
2025-12-21 16:43:43.273 | Open SSPComPort (COM3) failed
2025-12-21 16:43:44.303 | Open SSPComPort (COM3) failed
2025-12-21 16:43:45.325 | Open SSPComPort (COM3) failed
2025-12-21 16:43:46.358 | Open SSPComPort (COM3) failed
2025-12-21 16:43:47.383 | Open SSPComPort (COM3) failed
2025-12-21 16:43:48.413 | Open SSPComPort (COM3) failed
2025-12-21 16:43:49.445 | Open SSPComPort (COM3) failed
2025-12-21 16:43:50.476 | Open SSPComPort (COM3) failed
2025-12-21 16:43:51.501 | Open SSPComPort (COM3) failed
2025-12-21 16:43:52.537 | Open SSPComPort (COM3) failed
2025-12-21 16:43:53.566 | Open SSPComPort (COM3) failed
2025-12-21 16:43:54.598 | Open SSPComPort (COM3) failed
2025-12-21 16:43:55.624 | Open SSPComPort (COM3) failed
2025-12-21 16:43:56.649 | Open SSPComPort (COM3) failed
2025-12-21 16:43:57.678 | Open SSPComPort (COM3) failed
2025-12-21 16:43:58.710 | Open SSPComPort (COM3) failed
2025-12-21 16:43:59.737 | Open SSPComPort (COM3) failed
2025-12-21 16:44:00.764 | Open SSPComPort (COM3) failed
2025-12-21 16:44:01.484 | Disable vorgemerkt (wird nach Handshake ausgeführt)
2025-12-21 16:44:01.497 | Disable vorgemerkt (wird nach Handshake ausgeführt)
2025-12-21 16:44:01.508 | HardDisconnect init
2025-12-21 16:44:01.817 | Status: Getrennt
2025-12-21 16:44:01.830 | HardDisconnect done
2025-12-21 16:44:01.947 | Status: getrennt
2025-12-21 16:44:15.004 | Status: Verbinde...
2025-12-21 16:44:15.018 | Open SSPComPort (COM3) failed
2025-12-21 16:44:15.018 | Thread gestartet
2025-12-21 16:44:15.024 | Status: Port nicht verfügbar
2025-12-21 16:44:16.060 | Open SSPComPort (COM3) failed
2025-12-21 16:44:17.085 | Open SSPComPort (COM3) failed
2025-12-21 16:44:18.112 | Open SSPComPort (COM3) failed
2025-12-21 16:44:19.138 | Open SSPComPort (COM3) failed
2025-12-21 16:44:20.159 | Open SSPComPort (COM3) failed
2025-12-21 16:44:21.189 | Open SSPComPort (COM3) failed
2025-12-21 16:44:22.220 | Open SSPComPort (COM3) failed
2025-12-21 16:44:23.245 | Open SSPComPort (COM3) failed
2025-12-21 16:44:24.273 | Open SSPComPort (COM3) failed
2025-12-21 16:44:25.298 | Open SSPComPort (COM3) failed
2025-12-21 16:44:25.366 | Enable vorgemerkt (wird nach Handshake ausgeführt)
2025-12-21 16:44:26.153 | REQ Level 1 ct [plain]
2025-12-21 16:44:26.162 | REQ Level 2 ct [plain]
2025-12-21 16:44:26.171 | REQ Level 5 ct [plain]
2025-12-21 16:44:26.179 | REQ Level 10 ct [plain]
2025-12-21 16:44:26.187 | REQ Level 20 ct [plain]
2025-12-21 16:44:26.195 | REQ Level 50 ct [plain]
2025-12-21 16:44:26.204 | REQ Level 100 ct [plain]
2025-12-21 16:44:26.213 | REQ Level 200 ct [plain]
2025-12-21 16:44:26.221 | Enable vorgemerkt (wird nach Handshake ausgeführt)
2025-12-21 16:44:26.325 | Open SSPComPort (COM3) failed
2025-12-21 16:44:27.349 | Open SSPComPort (COM3) failed
2025-12-21 16:44:28.367 | Open SSPComPort (COM3) failed
2025-12-21 16:44:29.393 | Open SSPComPort (COM3) failed
2025-12-21 16:44:30.423 | Open SSPComPort (COM3) failed
2025-12-21 16:44:31.457 | Open SSPComPort (COM3) failed
2025-12-21 16:44:32.486 | Open SSPComPort (COM3) failed
2025-12-21 16:44:33.515 | Open SSPComPort (COM3) failed
2025-12-21 16:44:34.544 | Open SSPComPort (COM3) failed
2025-12-21 16:44:35.571 | Open SSPComPort (COM3) failed
2025-12-21 16:44:36.611 | Open SSPComPort (COM3) failed
2025-12-21 16:44:37.641 | Open SSPComPort (COM3) failed
2025-12-21 16:44:38.667 | Open SSPComPort (COM3) failed
2025-12-21 16:44:39.694 | Open SSPComPort (COM3) failed
2025-12-21 16:44:40.716 | Open SSPComPort (COM3) failed
2025-12-21 16:44:41.743 | Open SSPComPort (COM3) failed
2025-12-21 16:44:42.770 | Open SSPComPort (COM3) failed
2025-12-21 16:44:43.793 | Open SSPComPort (COM3) failed
2025-12-21 16:44:44.824 | Open SSPComPort (COM3) failed
2025-12-21 16:44:45.845 | Open SSPComPort (COM3) failed
2025-12-21 16:44:46.872 | Open SSPComPort (COM3) failed
2025-12-21 16:44:47.898 | Open SSPComPort (COM3) failed
2025-12-21 16:44:48.930 | Open SSPComPort (COM3) failed
2025-12-21 16:44:49.957 | Open SSPComPort (COM3) failed
2025-12-21 16:44:50.985 | Open SSPComPort (COM3) failed
2025-12-21 16:44:52.015 | Open SSPComPort (COM3) failed
2025-12-21 16:44:53.059 | Open SSPComPort (COM3) failed
2025-12-21 16:44:54.090 | Open SSPComPort (COM3) failed
2025-12-21 16:44:55.110 | Open SSPComPort (COM3) failed
2025-12-21 16:44:56.136 | Open SSPComPort (COM3) failed
2025-12-21 16:44:56.589 | Disable vorgemerkt (wird nach Handshake ausgeführt)
2025-12-21 16:44:56.604 | Disable vorgemerkt (wird nach Handshake ausgeführt)
2025-12-21 16:44:56.615 | HardDisconnect init
2025-12-21 16:44:57.175 | Status: Getrennt
2025-12-21 16:44:57.187 | HardDisconnect done
2025-12-21 16:44:57.303 | Status: getrennt
2025-12-21 16:48:46.972 | Status: Verbinde...
2025-12-21 16:48:46.986 | Thread gestartet
2025-12-21 16:48:46.986 | Open SSPComPort (COM3) failed
2025-12-21 16:48:46.995 | Status: Port nicht verfügbar
2025-12-21 16:48:48.030 | Open SSPComPort (COM3) failed
2025-12-21 16:48:49.046 | Open SSPComPort (COM3) failed
2025-12-21 16:48:50.072 | Open SSPComPort (COM3) failed
2025-12-21 16:48:50.089 | Enable vorgemerkt (wird nach Handshake ausgeführt)
2025-12-21 16:48:50.872 | REQ Level 1 ct [plain]
2025-12-21 16:48:50.881 | REQ Level 2 ct [plain]
2025-12-21 16:48:50.890 | REQ Level 5 ct [plain]
2025-12-21 16:48:50.900 | REQ Level 10 ct [plain]
2025-12-21 16:48:50.910 | REQ Level 20 ct [plain]
2025-12-21 16:48:50.919 | REQ Level 50 ct [plain]
2025-12-21 16:48:50.928 | REQ Level 100 ct [plain]
2025-12-21 16:48:50.937 | REQ Level 200 ct [plain]
2025-12-21 16:48:50.947 | Enable vorgemerkt (wird nach Handshake ausgeführt)
2025-12-21 16:48:51.082 | Open SSPComPort (COM3) failed
2025-12-21 16:48:52.096 | Open SSPComPort (COM3) failed
2025-12-21 16:48:53.127 | Open SSPComPort (COM3) failed
2025-12-21 16:48:54.156 | Open SSPComPort (COM3) failed
2025-12-21 16:48:55.189 | Open SSPComPort (COM3) failed
2025-12-21 16:48:56.211 | Open SSPComPort (COM3) failed
2025-12-21 16:48:57.236 | Open SSPComPort (COM3) failed
2025-12-21 16:48:58.267 | Open SSPComPort (COM3) failed
2025-12-21 16:48:59.297 | Open SSPComPort (COM3) failed
2025-12-21 16:49:00.324 | Open SSPComPort (COM3) failed
2025-12-21 16:49:01.346 | Open SSPComPort (COM3) failed
2025-12-21 16:49:02.365 | Open SSPComPort (COM3) failed
2025-12-21 16:49:03.392 | Open SSPComPort (COM3) failed
2025-12-21 16:49:04.418 | Open SSPComPort (COM3) failed
2025-12-21 16:49:05.451 | Open SSPComPort (COM3) failed
2025-12-21 16:49:06.479 | Open SSPComPort (COM3) failed
2025-12-21 16:49:07.505 | Open SSPComPort (COM3) failed
2025-12-21 16:49:08.534 | Open SSPComPort (COM3) failed
2025-12-21 16:49:09.556 | Open SSPComPort (COM3) failed
2025-12-21 16:49:10.579 | Open SSPComPort (COM3) failed
2025-12-21 16:49:11.607 | Open SSPComPort (COM3) failed
2025-12-21 16:49:12.639 | Open SSPComPort (COM3) failed
2025-12-21 16:49:13.670 | Open SSPComPort (COM3) failed
2025-12-21 16:49:14.699 | Open SSPComPort (COM3) failed
2025-12-21 16:49:15.718 | Open SSPComPort (COM3) failed
2025-12-21 16:49:16.748 | Open SSPComPort (COM3) failed
2025-12-21 16:49:17.779 | Open SSPComPort (COM3) failed
2025-12-21 16:49:18.798 | Open SSPComPort (COM3) failed
2025-12-21 16:49:19.824 | Open SSPComPort (COM3) failed
2025-12-21 16:49:20.857 | Open SSPComPort (COM3) failed
2025-12-21 16:49:21.877 | Open SSPComPort (COM3) failed
2025-12-21 16:49:22.908 | Open SSPComPort (COM3) failed
2025-12-21 16:49:23.939 | Open SSPComPort (COM3) failed
2025-12-21 16:49:24.968 | Open SSPComPort (COM3) failed
2025-12-21 16:49:25.995 | Open SSPComPort (COM3) failed
2025-12-21 16:49:27.015 | Open SSPComPort (COM3) failed
2025-12-21 16:49:28.044 | Open SSPComPort (COM3) failed
2025-12-21 16:49:29.060 | Open SSPComPort (COM3) failed
2025-12-21 16:49:30.090 | Open SSPComPort (COM3) failed
2025-12-21 16:49:31.122 | Open SSPComPort (COM3) failed
2025-12-21 16:49:32.152 | Open SSPComPort (COM3) failed
2025-12-21 16:49:33.181 | Open SSPComPort (COM3) failed
2025-12-21 16:49:34.210 | Open SSPComPort (COM3) failed
2025-12-21 16:49:35.233 | Open SSPComPort (COM3) failed
2025-12-21 16:49:35.595 | Disable vorgemerkt (wird nach Handshake ausgeführt)
2025-12-21 16:49:35.609 | Disable vorgemerkt (wird nach Handshake ausgeführt)
2025-12-21 16:49:35.620 | HardDisconnect init
2025-12-21 16:49:36.271 | Status: Getrennt
2025-12-21 16:49:36.283 | HardDisconnect done
2025-12-21 16:49:36.400 | Status: getrennt
2025-12-21 16:52:44.132 | Status: Verbinde...
2025-12-21 16:52:44.172 | Open SSPComPort (COM3) failed
2025-12-21 16:52:44.172 | Thread gestartet
2025-12-21 16:52:44.209 | Status: Port nicht verfügbar
2025-12-21 16:52:45.259 | Open SSPComPort (COM3) failed
2025-12-21 16:52:46.317 | Open SSPComPort (COM3) failed
2025-12-21 16:52:47.346 | Open SSPComPort (COM3) failed
2025-12-21 16:52:48.359 | Open SSPComPort (COM3) failed
2025-12-21 16:52:48.545 | Enable vorgemerkt (wird nach Handshake ausgeführt)
2025-12-21 16:52:49.242 | REQ Level 1 ct [plain]
2025-12-21 16:52:49.252 | REQ Level 2 ct [plain]
2025-12-21 16:52:49.263 | REQ Level 5 ct [plain]
2025-12-21 16:52:49.273 | REQ Level 10 ct [plain]
2025-12-21 16:52:49.283 | REQ Level 20 ct [plain]
2025-12-21 16:52:49.292 | REQ Level 50 ct [plain]
2025-12-21 16:52:49.300 | REQ Level 100 ct [plain]
2025-12-21 16:52:49.309 | REQ Level 200 ct [plain]
2025-12-21 16:52:49.316 | Enable vorgemerkt (wird nach Handshake ausgeführt)
2025-12-21 16:52:49.393 | Open SSPComPort (COM3) failed
2025-12-21 16:52:50.410 | Open SSPComPort (COM3) failed
2025-12-21 16:52:51.435 | Open SSPComPort (COM3) failed
2025-12-21 16:52:52.471 | Open SSPComPort (COM3) failed
2025-12-21 16:52:53.505 | Open SSPComPort (COM3) failed
2025-12-21 16:52:54.536 | Open SSPComPort (COM3) failed
2025-12-21 16:52:55.565 | Open SSPComPort (COM3) failed
2025-12-21 16:52:56.588 | Open SSPComPort (COM3) failed
2025-12-21 16:52:57.612 | Open SSPComPort (COM3) failed
2025-12-21 16:52:58.634 | Open SSPComPort (COM3) failed
2025-12-21 16:52:59.658 | Open SSPComPort (COM3) failed
2025-12-21 16:53:00.686 | Open SSPComPort (COM3) failed
2025-12-21 16:53:01.718 | Open SSPComPort (COM3) failed
2025-12-21 16:53:02.750 | Open SSPComPort (COM3) failed
2025-12-21 16:53:03.775 | Open SSPComPort (COM3) failed
2025-12-21 16:53:04.799 | Open SSPComPort (COM3) failed
2025-12-21 16:53:05.827 | Open SSPComPort (COM3) failed
2025-12-21 16:53:06.849 | Open SSPComPort (COM3) failed
2025-12-21 16:53:07.877 | Open SSPComPort (COM3) failed
2025-12-21 16:53:08.907 | Open SSPComPort (COM3) failed
2025-12-21 16:53:09.929 | Open SSPComPort (COM3) failed
2025-12-21 16:53:10.954 | Open SSPComPort (COM3) failed
2025-12-21 16:53:11.981 | Open SSPComPort (COM3) failed
2025-12-21 16:53:13.008 | Open SSPComPort (COM3) failed
2025-12-21 16:53:14.035 | Open SSPComPort (COM3) failed
2025-12-21 16:53:15.056 | Open SSPComPort (COM3) failed
2025-12-21 16:53:16.081 | Open SSPComPort (COM3) failed
2025-12-21 16:53:17.112 | Open SSPComPort (COM3) failed
2025-12-21 16:53:18.141 | Open SSPComPort (COM3) failed
2025-12-21 16:53:18.627 | Disable vorgemerkt (wird nach Handshake ausgeführt)
2025-12-21 16:53:18.640 | Disable vorgemerkt (wird nach Handshake ausgeführt)
2025-12-21 16:53:18.651 | HardDisconnect init
2025-12-21 16:53:19.179 | Status: Getrennt
2025-12-21 16:53:19.191 | HardDisconnect done
2025-12-21 16:53:19.307 | Status: getrennt
2025-12-21 16:53:30.214 | Status: Verbinde...
2025-12-21 16:53:30.231 | Open SSPComPort (COM3) failed
2025-12-21 16:53:30.234 | Thread gestartet
2025-12-21 16:53:30.237 | Status: Port nicht verfügbar
2025-12-21 16:53:31.286 | Open SSPComPort (COM3) failed
2025-12-21 16:53:32.303 | Open SSPComPort (COM3) failed
2025-12-21 16:53:33.321 | Open SSPComPort (COM3) failed
2025-12-21 16:53:33.673 | Enable vorgemerkt (wird nach Handshake ausgeführt)
2025-12-21 16:53:34.341 | Open SSPComPort (COM3) failed
2025-12-21 16:53:34.450 | REQ Level 1 ct [plain]
2025-12-21 16:53:34.459 | REQ Level 2 ct [plain]
2025-12-21 16:53:34.467 | REQ Level 5 ct [plain]
2025-12-21 16:53:34.477 | REQ Level 10 ct [plain]
2025-12-21 16:53:34.485 | REQ Level 20 ct [plain]
2025-12-21 16:53:34.495 | REQ Level 50 ct [plain]
2025-12-21 16:53:34.504 | REQ Level 100 ct [plain]
2025-12-21 16:53:34.514 | REQ Level 200 ct [plain]
2025-12-21 16:53:34.522 | Enable vorgemerkt (wird nach Handshake ausgeführt)
2025-12-21 16:53:35.369 | Open SSPComPort (COM3) failed
2025-12-21 16:53:36.399 | Open SSPComPort (COM3) failed
2025-12-21 16:53:37.428 | Open SSPComPort (COM3) failed
2025-12-21 16:53:38.453 | Open SSPComPort (COM3) failed
2025-12-21 16:53:39.484 | Open SSPComPort (COM3) failed
2025-12-21 16:53:40.510 | Open SSPComPort (COM3) failed
2025-12-21 16:53:41.525 | Open SSPComPort (COM3) failed
2025-12-21 16:53:42.545 | Open SSPComPort (COM3) failed
2025-12-21 16:53:43.573 | Open SSPComPort (COM3) failed
2025-12-21 16:53:44.600 | Open SSPComPort (COM3) failed
2025-12-21 16:53:45.641 | Open SSPComPort (COM3) failed
2025-12-21 16:53:46.559 | Disable vorgemerkt (wird nach Handshake ausgeführt)
2025-12-21 16:53:46.572 | Disable vorgemerkt (wird nach Handshake ausgeführt)
2025-12-21 16:53:46.582 | HardDisconnect init
2025-12-21 16:53:46.737 | Status: Getrennt
2025-12-21 16:53:46.747 | HardDisconnect done
2025-12-21 16:53:46.868 | Status: getrennt
2025-12-21 16:57:08.306 | Status: Verbinde...
2025-12-21 16:57:08.323 | Open SSPComPort (COM3) failed
2025-12-21 16:57:08.325 | Thread gestartet
2025-12-21 16:57:08.329 | Status: Port nicht verfügbar
2025-12-21 16:57:09.382 | Open SSPComPort (COM3) failed
2025-12-21 16:57:10.409 | Open SSPComPort (COM3) failed
2025-12-21 16:57:11.444 | Open SSPComPort (COM3) failed
2025-12-21 16:57:11.552 | Enable vorgemerkt (wird nach Handshake ausgeführt)
2025-12-21 16:57:12.319 | REQ Level 1 ct [plain]
2025-12-21 16:57:12.330 | REQ Level 2 ct [plain]
2025-12-21 16:57:12.340 | REQ Level 5 ct [plain]
2025-12-21 16:57:12.350 | REQ Level 10 ct [plain]
2025-12-21 16:57:12.360 | REQ Level 20 ct [plain]
2025-12-21 16:57:12.370 | REQ Level 50 ct [plain]
2025-12-21 16:57:12.380 | REQ Level 100 ct [plain]
2025-12-21 16:57:12.390 | REQ Level 200 ct [plain]
2025-12-21 16:57:12.400 | Enable vorgemerkt (wird nach Handshake ausgeführt)
2025-12-21 16:57:12.467 | Open SSPComPort (COM3) failed
2025-12-21 16:57:13.485 | Open SSPComPort (COM3) failed
2025-12-21 16:57:14.519 | Open SSPComPort (COM3) failed
2025-12-21 16:57:15.551 | Open SSPComPort (COM3) failed
2025-12-21 16:57:16.578 | Open SSPComPort (COM3) failed
2025-12-21 16:57:17.605 | Open SSPComPort (COM3) failed
2025-12-21 16:57:18.635 | Open SSPComPort (COM3) failed
2025-12-21 16:57:19.664 | Open SSPComPort (COM3) failed
2025-12-21 16:57:20.690 | Open SSPComPort (COM3) failed
2025-12-21 16:57:21.705 | Open SSPComPort (COM3) failed
2025-12-21 16:57:22.729 | Open SSPComPort (COM3) failed
2025-12-21 16:57:23.754 | Open SSPComPort (COM3) failed
2025-12-21 16:57:24.783 | Open SSPComPort (COM3) failed
2025-12-21 16:57:25.811 | Open SSPComPort (COM3) failed
2025-12-21 16:57:26.850 | Open SSPComPort (COM3) failed
2025-12-21 16:57:27.880 | Open SSPComPort (COM3) failed
2025-12-21 16:57:28.904 | Open SSPComPort (COM3) failed
2025-12-21 16:57:29.934 | Open SSPComPort (COM3) failed
2025-12-21 16:57:30.958 | Open SSPComPort (COM3) failed
2025-12-21 16:57:31.984 | Open SSPComPort (COM3) failed
2025-12-21 16:57:33.009 | Open SSPComPort (COM3) failed
2025-12-21 16:57:34.037 | Open SSPComPort (COM3) failed
2025-12-21 16:57:35.062 | Open SSPComPort (COM3) failed
2025-12-21 16:57:36.085 | Open SSPComPort (COM3) failed
2025-12-21 16:57:37.117 | Open SSPComPort (COM3) failed
2025-12-21 16:57:38.147 | Open SSPComPort (COM3) failed
2025-12-21 16:57:39.178 | Open SSPComPort (COM3) failed
2025-12-21 16:57:40.205 | Open SSPComPort (COM3) failed
2025-12-21 16:57:41.233 | Open SSPComPort (COM3) failed
2025-12-21 16:57:42.262 | Open SSPComPort (COM3) failed
2025-12-21 16:57:43.288 | Open SSPComPort (COM3) failed
2025-12-21 16:57:44.315 | Open SSPComPort (COM3) failed
2025-12-21 16:57:45.337 | Open SSPComPort (COM3) failed
2025-12-21 16:57:46.103 | Disable vorgemerkt (wird nach Handshake ausgeführt)
2025-12-21 16:57:46.116 | Disable vorgemerkt (wird nach Handshake ausgeführt)
2025-12-21 16:57:46.127 | HardDisconnect init
2025-12-21 16:57:46.375 | Status: Getrennt
2025-12-21 16:57:46.386 | HardDisconnect done
2025-12-21 16:57:46.506 | Status: getrennt
2025-12-21 16:57:57.681 | Status: Verbinde...
2025-12-21 16:57:57.692 | Thread gestartet
2025-12-21 16:57:57.707 | Open SSPComPort (COM3) failed
2025-12-21 16:57:57.715 | Status: Port nicht verfügbar
2025-12-21 16:57:58.755 | Open SSPComPort (COM3) failed
2025-12-21 16:57:59.773 | Open SSPComPort (COM3) failed
2025-12-21 16:58:00.794 | Open SSPComPort (COM3) failed
2025-12-21 16:58:01.822 | Open SSPComPort (COM3) failed
2025-12-21 16:58:02.853 | Open SSPComPort (COM3) failed
2025-12-21 16:58:03.880 | Open SSPComPort (COM3) failed
2025-12-21 16:58:04.899 | Open SSPComPort (COM3) failed
2025-12-21 16:58:05.917 | Open SSPComPort (COM3) failed
2025-12-21 16:58:06.947 | Open SSPComPort (COM3) failed
2025-12-21 16:58:07.967 | Open SSPComPort (COM3) failed
2025-12-21 16:58:08.964 | Enable vorgemerkt (wird nach Handshake ausgeführt)
2025-12-21 16:58:08.993 | Open SSPComPort (COM3) failed
2025-12-21 16:58:09.768 | REQ Level 1 ct [plain]
2025-12-21 16:58:09.778 | REQ Level 2 ct [plain]
2025-12-21 16:58:09.787 | REQ Level 5 ct [plain]
2025-12-21 16:58:09.796 | REQ Level 10 ct [plain]
2025-12-21 16:58:09.807 | REQ Level 20 ct [plain]
2025-12-21 16:58:09.815 | REQ Level 50 ct [plain]
2025-12-21 16:58:09.824 | REQ Level 100 ct [plain]
2025-12-21 16:58:09.832 | REQ Level 200 ct [plain]
2025-12-21 16:58:09.841 | Enable vorgemerkt (wird nach Handshake ausgeführt)
2025-12-21 16:58:10.014 | Open SSPComPort (COM3) failed
2025-12-21 16:58:11.049 | Open SSPComPort (COM3) failed
2025-12-21 16:58:12.068 | Open SSPComPort (COM3) failed
2025-12-21 16:58:13.087 | Open SSPComPort (COM3) failed
2025-12-21 16:58:14.115 | Open SSPComPort (COM3) failed
2025-12-21 16:58:15.133 | Open SSPComPort (COM3) failed
2025-12-21 16:58:16.158 | Open SSPComPort (COM3) failed
2025-12-21 16:58:17.183 | Open SSPComPort (COM3) failed
2025-12-21 16:58:18.216 | Open SSPComPort (COM3) failed
2025-12-21 16:58:19.245 | Open SSPComPort (COM3) failed
2025-12-21 16:58:20.262 | Open SSPComPort (COM3) failed
2025-12-21 16:58:21.294 | Open SSPComPort (COM3) failed
2025-12-21 16:58:22.323 | Open SSPComPort (COM3) failed
2025-12-21 16:58:23.349 | Open SSPComPort (COM3) failed
2025-12-21 16:58:24.372 | Open SSPComPort (COM3) failed
2025-12-21 16:58:25.404 | Open SSPComPort (COM3) failed
2025-12-21 16:58:26.431 | Open SSPComPort (COM3) failed
2025-12-21 16:58:27.460 | Open SSPComPort (COM3) failed
2025-12-21 16:58:28.486 | Open SSPComPort (COM3) failed
2025-12-21 16:58:29.518 | Open SSPComPort (COM3) failed
2025-12-21 16:58:30.542 | Open SSPComPort (COM3) failed
2025-12-21 16:58:31.566 | Open SSPComPort (COM3) failed
2025-12-21 16:58:32.595 | Open SSPComPort (COM3) failed
2025-12-21 16:58:33.625 | Open SSPComPort (COM3) failed
2025-12-21 16:58:34.655 | Open SSPComPort (COM3) failed
2025-12-21 16:58:35.685 | Open SSPComPort (COM3) failed
2025-12-21 16:58:36.712 | Open SSPComPort (COM3) failed
2025-12-21 16:58:37.733 | Open SSPComPort (COM3) failed
2025-12-21 16:58:38.268 | Disable vorgemerkt (wird nach Handshake ausgeführt)
2025-12-21 16:58:38.280 | Disable vorgemerkt (wird nach Handshake ausgeführt)
2025-12-21 16:58:38.290 | HardDisconnect init
2025-12-21 16:58:38.772 | Status: Getrennt
2025-12-21 16:58:38.783 | HardDisconnect done
2025-12-21 16:58:38.903 | Status: getrennt
2025-12-21 17:00:06.497 | Status: Verbinde...
2025-12-21 17:00:06.511 | Open SSPComPort (COM3) failed
2025-12-21 17:00:06.513 | Thread gestartet
2025-12-21 17:00:06.516 | Status: Port nicht verfügbar
2025-12-21 17:00:07.565 | Open SSPComPort (COM3) failed
2025-12-21 17:00:08.590 | Open SSPComPort (COM3) failed
2025-12-21 17:00:09.619 | Open SSPComPort (COM3) failed
2025-12-21 17:00:10.640 | Open SSPComPort (COM3) failed
2025-12-21 17:00:11.667 | Open SSPComPort (COM3) failed
2025-12-21 17:00:12.683 | Open SSPComPort (COM3) failed
2025-12-21 17:00:13.711 | Open SSPComPort (COM3) failed
2025-12-21 17:00:14.725 | Open SSPComPort (COM3) failed
2025-12-21 17:00:15.757 | Open SSPComPort (COM3) failed
2025-12-21 17:00:16.788 | Open SSPComPort (COM3) failed
2025-12-21 17:00:17.813 | Open SSPComPort (COM3) failed
2025-12-21 17:00:18.840 | Open SSPComPort (COM3) failed
2025-12-21 17:00:19.857 | Open SSPComPort (COM3) failed
2025-12-21 17:00:20.882 | Open SSPComPort (COM3) failed
2025-12-21 17:00:21.909 | Open SSPComPort (COM3) failed
2025-12-21 17:00:22.934 | Open SSPComPort (COM3) failed
2025-12-21 17:00:23.161 | Enable vorgemerkt (wird nach Handshake ausgeführt)
2025-12-21 17:00:23.936 | REQ Level 1 ct [plain]
2025-12-21 17:00:23.947 | REQ Level 2 ct [plain]
2025-12-21 17:00:23.956 | REQ Level 5 ct [plain]
2025-12-21 17:00:23.963 | Open SSPComPort (COM3) failed
2025-12-21 17:00:23.966 | REQ Level 10 ct [plain]
2025-12-21 17:00:23.981 | REQ Level 20 ct [plain]
2025-12-21 17:00:23.988 | REQ Level 50 ct [plain]
2025-12-21 17:00:23.996 | REQ Level 100 ct [plain]
2025-12-21 17:00:24.003 | REQ Level 200 ct [plain]
2025-12-21 17:00:24.010 | Enable vorgemerkt (wird nach Handshake ausgeführt)
2025-12-21 17:00:24.984 | Open SSPComPort (COM3) failed
2025-12-21 17:00:26.008 | Open SSPComPort (COM3) failed
2025-12-21 17:00:27.033 | Open SSPComPort (COM3) failed
2025-12-21 17:00:28.060 | Open SSPComPort (COM3) failed
2025-12-21 17:00:29.081 | Open SSPComPort (COM3) failed
2025-12-21 17:00:30.109 | Open SSPComPort (COM3) failed
2025-12-21 17:00:31.134 | Open SSPComPort (COM3) failed
2025-12-21 17:00:32.159 | Open SSPComPort (COM3) failed
2025-12-21 17:00:33.186 | Open SSPComPort (COM3) failed
2025-12-21 17:00:34.213 | Open SSPComPort (COM3) failed
2025-12-21 17:00:34.964 | Disable vorgemerkt (wird nach Handshake ausgeführt)
2025-12-21 17:00:34.979 | Disable vorgemerkt (wird nach Handshake ausgeführt)
2025-12-21 17:00:34.990 | HardDisconnect init
2025-12-21 17:00:35.252 | Status: Getrennt
2025-12-21 17:00:35.265 | HardDisconnect done
2025-12-21 17:00:35.384 | Status: getrennt
2025-12-21 17:05:49.468 | Status: Verbinde...
2025-12-21 17:05:49.484 | Open SSPComPort (COM3) failed
2025-12-21 17:05:49.486 | Thread gestartet
2025-12-21 17:05:49.490 | Status: Port nicht verfügbar
2025-12-21 17:05:50.543 | Open SSPComPort (COM3) failed
2025-12-21 17:05:51.560 | Open SSPComPort (COM3) failed
2025-12-21 17:05:52.589 | Open SSPComPort (COM3) failed
2025-12-21 17:05:53.620 | Open SSPComPort (COM3) failed
2025-12-21 17:05:54.648 | Open SSPComPort (COM3) failed
2025-12-21 17:05:54.788 | Enable vorgemerkt (wird nach Handshake ausgeführt)
2025-12-21 17:05:55.484 | REQ Level 1 ct [plain]
2025-12-21 17:05:55.492 | REQ Level 2 ct [plain]
2025-12-21 17:05:55.501 | REQ Level 5 ct [plain]
2025-12-21 17:05:55.510 | REQ Level 10 ct [plain]
2025-12-21 17:05:55.517 | REQ Level 20 ct [plain]
2025-12-21 17:05:55.525 | REQ Level 50 ct [plain]
2025-12-21 17:05:55.533 | REQ Level 100 ct [plain]
2025-12-21 17:05:55.540 | REQ Level 200 ct [plain]
2025-12-21 17:05:55.547 | Enable vorgemerkt (wird nach Handshake ausgeführt)
2025-12-21 17:05:55.679 | Open SSPComPort (COM3) failed
2025-12-21 17:05:56.707 | Open SSPComPort (COM3) failed
2025-12-21 17:05:57.736 | Open SSPComPort (COM3) failed
2025-12-21 17:05:58.762 | Open SSPComPort (COM3) failed
2025-12-21 17:05:59.792 | Open SSPComPort (COM3) failed
2025-12-21 17:06:00.822 | Open SSPComPort (COM3) failed
2025-12-21 17:06:01.860 | Open SSPComPort (COM3) failed
2025-12-21 17:06:02.883 | Open SSPComPort (COM3) failed
2025-12-21 17:06:03.902 | Open SSPComPort (COM3) failed
2025-12-21 17:06:04.935 | Open SSPComPort (COM3) failed
2025-12-21 17:06:05.960 | Open SSPComPort (COM3) failed
2025-12-21 17:06:06.987 | Open SSPComPort (COM3) failed
2025-12-21 17:06:08.027 | Open SSPComPort (COM3) failed
2025-12-21 17:06:09.057 | Open SSPComPort (COM3) failed
2025-12-21 17:06:10.088 | Open SSPComPort (COM3) failed
2025-12-21 17:06:11.119 | Open SSPComPort (COM3) failed
2025-12-21 17:06:12.143 | Open SSPComPort (COM3) failed
2025-12-21 17:06:13.169 | Open SSPComPort (COM3) failed
2025-12-21 17:06:14.201 | Open SSPComPort (COM3) failed
2025-12-21 17:06:15.224 | Open SSPComPort (COM3) failed
2025-12-21 17:06:16.242 | Open SSPComPort (COM3) failed
2025-12-21 17:06:17.265 | Open SSPComPort (COM3) failed
2025-12-21 17:06:18.293 | Open SSPComPort (COM3) failed
2025-12-21 17:06:19.323 | Open SSPComPort (COM3) failed
2025-12-21 17:06:20.349 | Open SSPComPort (COM3) failed
2025-12-21 17:06:21.316 | Disable vorgemerkt (wird nach Handshake ausgeführt)
2025-12-21 17:06:21.329 | Disable vorgemerkt (wird nach Handshake ausgeführt)
2025-12-21 17:06:21.340 | HardDisconnect init
2025-12-21 17:06:21.382 | Status: Getrennt
2025-12-21 17:06:21.392 | HardDisconnect done
2025-12-21 17:06:21.514 | Status: getrennt
2025-12-21 17:08:48.081 | Status: Verbinde...
2025-12-21 17:08:48.081 | Open SSPComPort (COM3) failed
2025-12-21 17:08:48.096 | Thread gestartet
2025-12-21 17:08:48.099 | Status: Port nicht verfügbar
2025-12-21 17:08:49.147 | Open SSPComPort (COM3) failed
2025-12-21 17:08:50.162 | Open SSPComPort (COM3) failed
2025-12-21 17:08:51.193 | Open SSPComPort (COM3) failed
2025-12-21 17:08:52.220 | Open SSPComPort (COM3) failed
2025-12-21 17:08:53.235 | Open SSPComPort (COM3) failed
2025-12-21 17:08:54.268 | Open SSPComPort (COM3) failed
2025-12-21 17:08:54.731 | Enable vorgemerkt (wird nach Handshake ausgeführt)
2025-12-21 17:08:55.295 | Open SSPComPort (COM3) failed
2025-12-21 17:08:55.426 | REQ Level 1 ct [plain]
2025-12-21 17:08:55.434 | REQ Level 2 ct [plain]
2025-12-21 17:08:55.442 | REQ Level 5 ct [plain]
2025-12-21 17:08:55.451 | REQ Level 10 ct [plain]
2025-12-21 17:08:55.459 | REQ Level 20 ct [plain]
2025-12-21 17:08:55.467 | REQ Level 50 ct [plain]
2025-12-21 17:08:55.473 | REQ Level 100 ct [plain]
2025-12-21 17:08:55.479 | REQ Level 200 ct [plain]
2025-12-21 17:08:55.486 | Enable vorgemerkt (wird nach Handshake ausgeführt)
2025-12-21 17:08:56.320 | Open SSPComPort (COM3) failed
2025-12-21 17:08:57.352 | Open SSPComPort (COM3) failed
2025-12-21 17:08:58.380 | Open SSPComPort (COM3) failed
2025-12-21 17:08:59.397 | Open SSPComPort (COM3) failed
2025-12-21 17:09:00.421 | Open SSPComPort (COM3) failed
2025-12-21 17:09:01.451 | Open SSPComPort (COM3) failed
2025-12-21 17:09:02.479 | Open SSPComPort (COM3) failed
2025-12-21 17:09:03.508 | Open SSPComPort (COM3) failed
2025-12-21 17:09:04.544 | Open SSPComPort (COM3) failed
2025-12-21 17:09:05.574 | Open SSPComPort (COM3) failed
2025-12-21 17:09:06.598 | Open SSPComPort (COM3) failed
2025-12-21 17:09:07.628 | Open SSPComPort (COM3) failed
2025-12-21 17:09:08.651 | Open SSPComPort (COM3) failed
2025-12-21 17:09:09.676 | Open SSPComPort (COM3) failed
2025-12-21 17:09:10.702 | Open SSPComPort (COM3) failed
2025-12-21 17:09:11.729 | Open SSPComPort (COM3) failed
2025-12-21 17:09:12.760 | Open SSPComPort (COM3) failed
2025-12-21 17:09:13.802 | Open SSPComPort (COM3) failed
2025-12-21 17:09:14.829 | Open SSPComPort (COM3) failed
2025-12-21 17:09:15.858 | Open SSPComPort (COM3) failed
2025-12-21 17:09:16.886 | Open SSPComPort (COM3) failed
2025-12-21 17:09:17.915 | Open SSPComPort (COM3) failed
2025-12-21 17:09:18.945 | Open SSPComPort (COM3) failed
2025-12-21 17:09:19.972 | Open SSPComPort (COM3) failed
2025-12-21 17:09:21.002 | Open SSPComPort (COM3) failed
2025-12-21 17:09:22.028 | Open SSPComPort (COM3) failed
2025-12-21 17:09:22.871 | Disable vorgemerkt (wird nach Handshake ausgeführt)
2025-12-21 17:09:22.884 | Disable vorgemerkt (wird nach Handshake ausgeführt)
2025-12-21 17:09:22.894 | HardDisconnect init
2025-12-21 17:09:23.064 | Status: Getrennt
2025-12-21 17:09:23.075 | HardDisconnect done
2025-12-21 17:09:23.197 | Status: getrennt
2025-12-21 17:24:09.260 | Status: Verbinde...
2025-12-21 17:24:09.304 | Open SSPComPort (COM3) failed
2025-12-21 17:24:09.304 | Thread gestartet
2025-12-21 17:24:09.309 | Status: Port nicht verfügbar
2025-12-21 17:24:10.363 | Open SSPComPort (COM3) failed
2025-12-21 17:24:11.420 | Open SSPComPort (COM3) failed
2025-12-21 17:24:12.459 | Open SSPComPort (COM3) failed
2025-12-21 17:24:12.645 | Enable vorgemerkt (wird nach Handshake ausgeführt)
2025-12-21 17:24:13.455 | REQ Level 1 ct [plain]
2025-12-21 17:24:13.465 | REQ Level 2 ct [plain]
2025-12-21 17:24:13.475 | REQ Level 5 ct [plain]
2025-12-21 17:24:13.484 | Open SSPComPort (COM3) failed
2025-12-21 17:24:13.485 | REQ Level 10 ct [plain]
2025-12-21 17:24:13.505 | REQ Level 20 ct [plain]
2025-12-21 17:24:13.514 | REQ Level 50 ct [plain]
2025-12-21 17:24:13.523 | REQ Level 100 ct [plain]
2025-12-21 17:24:13.531 | REQ Level 200 ct [plain]
2025-12-21 17:24:13.540 | Enable vorgemerkt (wird nach Handshake ausgeführt)
2025-12-21 17:24:14.513 | Open SSPComPort (COM3) failed
2025-12-21 17:24:15.544 | Open SSPComPort (COM3) failed
2025-12-21 17:24:16.559 | Open SSPComPort (COM3) failed
2025-12-21 17:24:17.584 | Open SSPComPort (COM3) failed
2025-12-21 17:24:18.607 | Open SSPComPort (COM3) failed
2025-12-21 17:24:19.639 | Open SSPComPort (COM3) failed
2025-12-21 17:24:20.668 | Open SSPComPort (COM3) failed
2025-12-21 17:24:21.696 | Open SSPComPort (COM3) failed
2025-12-21 17:24:22.719 | Open SSPComPort (COM3) failed
2025-12-21 17:24:23.746 | Open SSPComPort (COM3) failed
2025-12-21 17:24:24.774 | Open SSPComPort (COM3) failed
2025-12-21 17:24:25.800 | Open SSPComPort (COM3) failed
2025-12-21 17:24:26.825 | Open SSPComPort (COM3) failed
2025-12-21 17:24:27.854 | Open SSPComPort (COM3) failed
2025-12-21 17:24:28.874 | Open SSPComPort (COM3) failed
2025-12-21 17:24:29.908 | Open SSPComPort (COM3) failed
2025-12-21 17:24:30.936 | Open SSPComPort (COM3) failed
2025-12-21 17:24:31.975 | Open SSPComPort (COM3) failed
2025-12-21 17:24:33.000 | Open SSPComPort (COM3) failed
2025-12-21 17:24:34.030 | Open SSPComPort (COM3) failed
2025-12-21 17:24:35.061 | Open SSPComPort (COM3) failed
2025-12-21 17:24:36.087 | Open SSPComPort (COM3) failed
2025-12-21 17:24:37.114 | Open SSPComPort (COM3) failed
2025-12-21 17:24:38.137 | Open SSPComPort (COM3) failed
2025-12-21 17:24:39.161 | Open SSPComPort (COM3) failed
2025-12-21 17:24:40.186 | Open SSPComPort (COM3) failed
2025-12-21 17:24:41.212 | Open SSPComPort (COM3) failed
2025-12-21 17:24:42.211 | REQ Level 1 ct [plain]
2025-12-21 17:24:42.223 | REQ Level 2 ct [plain]
2025-12-21 17:24:42.234 | REQ Level 5 ct [plain]
2025-12-21 17:24:42.244 | Open SSPComPort (COM3) failed
2025-12-21 17:24:42.246 | REQ Level 10 ct [plain]
2025-12-21 17:24:42.266 | REQ Level 20 ct [plain]
2025-12-21 17:24:42.275 | REQ Level 50 ct [plain]
2025-12-21 17:24:42.284 | REQ Level 100 ct [plain]
2025-12-21 17:24:42.292 | REQ Level 200 ct [plain]
2025-12-21 17:24:43.273 | Open SSPComPort (COM3) failed
2025-12-21 17:24:43.709 | Disable vorgemerkt (wird nach Handshake ausgeführt)
2025-12-21 17:24:43.738 | Disable vorgemerkt (wird nach Handshake ausgeführt)
2025-12-21 17:24:44.309 | Open SSPComPort (COM3) failed
2025-12-21 17:24:45.332 | Open SSPComPort (COM3) failed
2025-12-21 17:24:45.731 | Enable vorgemerkt (wird nach Handshake ausgeführt)
2025-12-21 17:24:46.240 | REQ Level 1 ct [plain]
2025-12-21 17:24:46.251 | REQ Level 2 ct [plain]
2025-12-21 17:24:46.261 | REQ Level 5 ct [plain]
2025-12-21 17:24:46.271 | REQ Level 10 ct [plain]
2025-12-21 17:24:46.280 | REQ Level 20 ct [plain]
2025-12-21 17:24:46.288 | REQ Level 50 ct [plain]
2025-12-21 17:24:46.297 | REQ Level 100 ct [plain]
2025-12-21 17:24:46.306 | REQ Level 200 ct [plain]
2025-12-21 17:24:46.314 | Enable vorgemerkt (wird nach Handshake ausgeführt)
2025-12-21 17:24:46.368 | Open SSPComPort (COM3) failed
2025-12-21 17:24:47.399 | Open SSPComPort (COM3) failed
2025-12-21 17:24:48.425 | Open SSPComPort (COM3) failed
2025-12-21 17:24:49.455 | Open SSPComPort (COM3) failed
2025-12-21 17:24:50.483 | Open SSPComPort (COM3) failed
2025-12-21 17:24:51.510 | Open SSPComPort (COM3) failed
2025-12-21 17:24:52.545 | Open SSPComPort (COM3) failed
2025-12-21 17:24:53.573 | Open SSPComPort (COM3) failed
2025-12-21 17:24:54.602 | Open SSPComPort (COM3) failed
2025-12-21 17:24:55.635 | Open SSPComPort (COM3) failed
2025-12-21 17:24:56.670 | Open SSPComPort (COM3) failed
2025-12-21 17:24:57.710 | Open SSPComPort (COM3) failed
2025-12-21 17:24:58.745 | Open SSPComPort (COM3) failed
2025-12-21 17:24:59.773 | Open SSPComPort (COM3) failed
2025-12-21 17:25:00.800 | Open SSPComPort (COM3) failed
2025-12-21 17:25:01.821 | Open SSPComPort (COM3) failed
2025-12-21 17:25:02.851 | Open SSPComPort (COM3) failed
2025-12-21 17:25:03.883 | Open SSPComPort (COM3) failed
2025-12-21 17:25:04.900 | Open SSPComPort (COM3) failed
2025-12-21 17:25:05.945 | Open SSPComPort (COM3) failed
2025-12-21 17:25:06.282 | REQ Level 1 ct [plain]
2025-12-21 17:25:06.295 | REQ Level 2 ct [plain]
2025-12-21 17:25:06.306 | REQ Level 5 ct [plain]
2025-12-21 17:25:06.317 | REQ Level 10 ct [plain]
2025-12-21 17:25:06.327 | REQ Level 20 ct [plain]
2025-12-21 17:25:06.337 | REQ Level 50 ct [plain]
2025-12-21 17:25:06.347 | REQ Level 100 ct [plain]
2025-12-21 17:25:06.357 | REQ Level 200 ct [plain]
2025-12-21 17:25:06.973 | Open SSPComPort (COM3) failed
2025-12-21 17:25:07.775 | Disable vorgemerkt (wird nach Handshake ausgeführt)
2025-12-21 17:25:07.798 | Disable vorgemerkt (wird nach Handshake ausgeführt)
2025-12-21 17:25:08.003 | Open SSPComPort (COM3) failed
2025-12-21 17:25:09.029 | Open SSPComPort (COM3) failed
2025-12-21 17:25:10.036 | Enable vorgemerkt (wird nach Handshake ausgeführt)
2025-12-21 17:25:10.070 | Open SSPComPort (COM3) failed
2025-12-21 17:25:10.525 | REQ Level 1 ct [plain]
2025-12-21 17:25:10.533 | REQ Level 2 ct [plain]
2025-12-21 17:25:10.543 | REQ Level 5 ct [plain]
2025-12-21 17:25:10.551 | REQ Level 10 ct [plain]
2025-12-21 17:25:10.558 | REQ Level 20 ct [plain]
2025-12-21 17:25:10.565 | REQ Level 50 ct [plain]
2025-12-21 17:25:10.573 | REQ Level 100 ct [plain]
2025-12-21 17:25:10.580 | REQ Level 200 ct [plain]
2025-12-21 17:25:10.588 | Enable vorgemerkt (wird nach Handshake ausgeführt)
2025-12-21 17:25:11.092 | Open SSPComPort (COM3) failed
2025-12-21 17:25:12.122 | Open SSPComPort (COM3) failed
2025-12-21 17:25:13.151 | Open SSPComPort (COM3) failed
2025-12-21 17:25:14.182 | Open SSPComPort (COM3) failed
2025-12-21 17:25:15.207 | Open SSPComPort (COM3) failed
2025-12-21 17:25:16.237 | Open SSPComPort (COM3) failed
2025-12-21 17:25:17.264 | Open SSPComPort (COM3) failed
2025-12-21 17:25:18.286 | Open SSPComPort (COM3) failed
2025-12-21 17:25:19.306 | Open SSPComPort (COM3) failed
2025-12-21 17:25:20.332 | Open SSPComPort (COM3) failed
2025-12-21 17:25:20.411 | Disable vorgemerkt (wird nach Handshake ausgeführt)
2025-12-21 17:25:20.423 | Disable vorgemerkt (wird nach Handshake ausgeführt)
2025-12-21 17:25:20.434 | HardDisconnect init
2025-12-21 17:25:21.374 | Status: Getrennt
2025-12-21 17:25:21.385 | HardDisconnect done
2025-12-21 17:25:21.501 | Status: getrennt
2025-12-21 17:40:41.284 | Status: Verbinde...
2025-12-21 17:40:41.330 | Open SSPComPort (COM3) failed
2025-12-21 17:40:41.330 | Thread gestartet
2025-12-21 17:40:41.335 | Status: Port nicht verfügbar
2025-12-21 17:40:42.385 | Open SSPComPort (COM3) failed
2025-12-21 17:40:43.414 | Open SSPComPort (COM3) failed
2025-12-21 17:40:44.426 | Open SSPComPort (COM3) failed
2025-12-21 17:40:45.454 | Open SSPComPort (COM3) failed
2025-12-21 17:40:46.468 | Open SSPComPort (COM3) failed
2025-12-21 17:40:47.255 | Enable vorgemerkt (wird nach Handshake ausgeführt)
2025-12-21 17:40:47.491 | Open SSPComPort (COM3) failed
2025-12-21 17:40:48.064 | REQ Level 1 ct [plain]
2025-12-21 17:40:48.074 | REQ Level 2 ct [plain]
2025-12-21 17:40:48.083 | REQ Level 5 ct [plain]
2025-12-21 17:40:48.093 | REQ Level 10 ct [plain]
2025-12-21 17:40:48.101 | REQ Level 20 ct [plain]
2025-12-21 17:40:48.110 | REQ Level 50 ct [plain]
2025-12-21 17:40:48.118 | REQ Level 100 ct [plain]
2025-12-21 17:40:48.127 | REQ Level 200 ct [plain]
2025-12-21 17:40:48.135 | Enable vorgemerkt (wird nach Handshake ausgeführt)
2025-12-21 17:40:48.522 | Open SSPComPort (COM3) failed
2025-12-21 17:40:49.551 | Open SSPComPort (COM3) failed
2025-12-21 17:40:50.575 | Open SSPComPort (COM3) failed
2025-12-21 17:40:51.607 | Open SSPComPort (COM3) failed
2025-12-21 17:40:52.621 | Open SSPComPort (COM3) failed
2025-12-21 17:40:53.648 | Open SSPComPort (COM3) failed
2025-12-21 17:40:54.663 | Open SSPComPort (COM3) failed
2025-12-21 17:40:55.684 | Open SSPComPort (COM3) failed
2025-12-21 17:40:56.710 | Open SSPComPort (COM3) failed
2025-12-21 17:40:57.741 | Open SSPComPort (COM3) failed
2025-12-21 17:40:58.768 | Open SSPComPort (COM3) failed
2025-12-21 17:40:59.804 | Open SSPComPort (COM3) failed
2025-12-21 17:41:00.821 | Open SSPComPort (COM3) failed
2025-12-21 17:41:01.844 | Open SSPComPort (COM3) failed
2025-12-21 17:41:02.873 | Open SSPComPort (COM3) failed
2025-12-21 17:41:03.900 | Open SSPComPort (COM3) failed
2025-12-21 17:41:04.926 | Open SSPComPort (COM3) failed
2025-12-21 17:41:05.946 | Open SSPComPort (COM3) failed
2025-12-21 17:41:06.972 | Open SSPComPort (COM3) failed
2025-12-21 17:41:08.004 | Open SSPComPort (COM3) failed
2025-12-21 17:41:09.031 | Open SSPComPort (COM3) failed
2025-12-21 17:41:10.056 | Open SSPComPort (COM3) failed
2025-12-21 17:41:11.084 | Open SSPComPort (COM3) failed
2025-12-21 17:41:12.112 | Open SSPComPort (COM3) failed
2025-12-21 17:41:13.140 | Open SSPComPort (COM3) failed
2025-12-21 17:41:14.171 | Open SSPComPort (COM3) failed
2025-12-21 17:41:15.197 | Open SSPComPort (COM3) failed
2025-12-21 17:41:16.227 | Open SSPComPort (COM3) failed
2025-12-21 17:41:17.254 | Open SSPComPort (COM3) failed
2025-12-21 17:41:18.282 | Open SSPComPort (COM3) failed
2025-12-21 17:41:19.312 | Open SSPComPort (COM3) failed
2025-12-21 17:41:20.341 | Open SSPComPort (COM3) failed
2025-12-21 17:41:21.362 | Open SSPComPort (COM3) failed
2025-12-21 17:41:22.386 | Open SSPComPort (COM3) failed
2025-12-21 17:41:23.419 | Open SSPComPort (COM3) failed
2025-12-21 17:41:24.451 | Open SSPComPort (COM3) failed
2025-12-21 17:41:25.479 | Open SSPComPort (COM3) failed
2025-12-21 17:41:26.498 | Open SSPComPort (COM3) failed
2025-12-21 17:41:27.521 | Open SSPComPort (COM3) failed
2025-12-21 17:41:28.556 | Open SSPComPort (COM3) failed
2025-12-21 17:41:29.582 | Open SSPComPort (COM3) failed
2025-12-21 17:41:30.612 | Open SSPComPort (COM3) failed
2025-12-21 17:41:31.641 | Open SSPComPort (COM3) failed
2025-12-21 17:41:32.666 | Open SSPComPort (COM3) failed
2025-12-21 17:41:33.693 | Open SSPComPort (COM3) failed
2025-12-21 17:41:34.721 | Open SSPComPort (COM3) failed
2025-12-21 17:41:35.746 | Open SSPComPort (COM3) failed
2025-12-21 17:41:36.776 | Open SSPComPort (COM3) failed
2025-12-21 17:41:37.801 | Open SSPComPort (COM3) failed
2025-12-21 17:41:38.832 | Open SSPComPort (COM3) failed
2025-12-21 17:41:39.861 | Open SSPComPort (COM3) failed
2025-12-21 17:41:40.887 | Open SSPComPort (COM3) failed
2025-12-21 17:41:41.915 | Open SSPComPort (COM3) failed
2025-12-21 17:41:42.938 | Open SSPComPort (COM3) failed
2025-12-21 17:41:43.967 | Open SSPComPort (COM3) failed
2025-12-21 17:41:44.994 | Open SSPComPort (COM3) failed
2025-12-21 17:41:46.023 | Open SSPComPort (COM3) failed
2025-12-21 17:41:47.051 | Open SSPComPort (COM3) failed
2025-12-21 17:41:48.077 | Open SSPComPort (COM3) failed
2025-12-21 17:41:49.108 | Open SSPComPort (COM3) failed
2025-12-21 17:41:50.131 | Open SSPComPort (COM3) failed
2025-12-21 17:41:51.158 | Open SSPComPort (COM3) failed
2025-12-21 17:41:52.189 | Open SSPComPort (COM3) failed
2025-12-21 17:41:53.216 | Open SSPComPort (COM3) failed
2025-12-21 17:41:54.243 | Open SSPComPort (COM3) failed
2025-12-21 17:41:55.269 | Open SSPComPort (COM3) failed
2025-12-21 17:41:56.297 | Open SSPComPort (COM3) failed
2025-12-21 17:41:57.329 | Open SSPComPort (COM3) failed
2025-12-21 17:41:58.359 | Open SSPComPort (COM3) failed
2025-12-21 17:41:59.389 | Open SSPComPort (COM3) failed
2025-12-21 17:42:00.415 | Open SSPComPort (COM3) failed
2025-12-21 17:42:01.445 | Open SSPComPort (COM3) failed
2025-12-21 17:42:02.472 | Open SSPComPort (COM3) failed
2025-12-21 17:42:03.501 | Open SSPComPort (COM3) failed
2025-12-21 17:42:04.531 | Open SSPComPort (COM3) failed
2025-12-21 17:42:05.557 | Open SSPComPort (COM3) failed
2025-12-21 17:42:06.580 | Open SSPComPort (COM3) failed
2025-12-21 17:42:07.596 | Open SSPComPort (COM3) failed
2025-12-21 17:42:08.626 | Open SSPComPort (COM3) failed
2025-12-21 17:42:09.652 | Open SSPComPort (COM3) failed
2025-12-21 17:42:10.678 | Open SSPComPort (COM3) failed
2025-12-21 17:42:11.701 | Open SSPComPort (COM3) failed
2025-12-21 17:42:12.731 | Open SSPComPort (COM3) failed
2025-12-21 17:42:13.760 | Open SSPComPort (COM3) failed
2025-12-21 17:42:14.784 | Open SSPComPort (COM3) failed
2025-12-21 17:42:15.809 | Open SSPComPort (COM3) failed
2025-12-21 17:42:16.836 | Open SSPComPort (COM3) failed
2025-12-21 17:42:17.862 | Open SSPComPort (COM3) failed
2025-12-21 17:42:18.892 | Open SSPComPort (COM3) failed
2025-12-21 17:42:19.923 | Open SSPComPort (COM3) failed
2025-12-21 17:42:20.955 | Open SSPComPort (COM3) failed
2025-12-21 17:42:21.985 | Open SSPComPort (COM3) failed
2025-12-21 17:42:23.007 | Open SSPComPort (COM3) failed
2025-12-21 17:42:24.030 | Open SSPComPort (COM3) failed
2025-12-21 17:42:25.055 | Open SSPComPort (COM3) failed
2025-12-21 17:42:26.088 | Open SSPComPort (COM3) failed
2025-12-21 17:42:27.113 | Open SSPComPort (COM3) failed
2025-12-21 17:42:28.140 | Open SSPComPort (COM3) failed
2025-12-21 17:42:29.175 | Open SSPComPort (COM3) failed
2025-12-21 17:42:30.203 | Open SSPComPort (COM3) failed
2025-12-21 17:42:31.235 | Open SSPComPort (COM3) failed
2025-12-21 17:42:32.268 | Open SSPComPort (COM3) failed
2025-12-21 17:42:33.296 | Open SSPComPort (COM3) failed
2025-12-21 17:42:34.325 | Open SSPComPort (COM3) failed
2025-12-21 17:42:35.356 | Open SSPComPort (COM3) failed
2025-12-21 17:42:36.386 | Open SSPComPort (COM3) failed
2025-12-21 17:42:37.412 | Open SSPComPort (COM3) failed
2025-12-21 17:42:38.438 | Open SSPComPort (COM3) failed
2025-12-21 17:42:39.469 | Open SSPComPort (COM3) failed
2025-12-21 17:42:40.496 | Open SSPComPort (COM3) failed
2025-12-21 17:42:41.516 | Open SSPComPort (COM3) failed
2025-12-21 17:42:42.532 | Open SSPComPort (COM3) failed
2025-12-21 17:42:43.555 | Open SSPComPort (COM3) failed
2025-12-21 17:42:44.584 | Open SSPComPort (COM3) failed
2025-12-21 17:42:45.612 | Open SSPComPort (COM3) failed
2025-12-21 17:42:46.641 | Open SSPComPort (COM3) failed
2025-12-21 17:42:47.672 | Open SSPComPort (COM3) failed
2025-12-21 17:42:48.703 | Open SSPComPort (COM3) failed
2025-12-21 17:42:49.736 | Open SSPComPort (COM3) failed
2025-12-21 17:42:50.762 | Open SSPComPort (COM3) failed
2025-12-21 17:42:51.787 | Open SSPComPort (COM3) failed
2025-12-21 17:42:52.816 | Open SSPComPort (COM3) failed
2025-12-21 17:42:53.844 | Open SSPComPort (COM3) failed
2025-12-21 17:42:54.878 | Open SSPComPort (COM3) failed
2025-12-21 17:42:55.903 | Open SSPComPort (COM3) failed
2025-12-21 17:42:56.922 | Open SSPComPort (COM3) failed
2025-12-21 17:42:57.950 | Open SSPComPort (COM3) failed
2025-12-21 17:42:58.979 | Open SSPComPort (COM3) failed
2025-12-21 17:43:00.009 | Open SSPComPort (COM3) failed
2025-12-21 17:43:01.038 | Open SSPComPort (COM3) failed
2025-12-21 17:43:02.064 | Open SSPComPort (COM3) failed
2025-12-21 17:43:03.094 | Open SSPComPort (COM3) failed
2025-12-21 17:43:04.123 | Open SSPComPort (COM3) failed
2025-12-21 17:43:05.144 | Open SSPComPort (COM3) failed
2025-12-21 17:43:06.168 | Open SSPComPort (COM3) failed
2025-12-21 17:43:07.196 | Open SSPComPort (COM3) failed
2025-12-21 17:43:08.221 | Open SSPComPort (COM3) failed
2025-12-21 17:43:09.246 | Open SSPComPort (COM3) failed
2025-12-21 17:43:10.278 | Open SSPComPort (COM3) failed
2025-12-21 17:43:11.306 | Open SSPComPort (COM3) failed
2025-12-21 17:43:12.300 | Disable vorgemerkt (wird nach Handshake ausgeführt)
2025-12-21 17:43:12.312 | Disable vorgemerkt (wird nach Handshake ausgeführt)
2025-12-21 17:43:12.323 | HardDisconnect init
2025-12-21 17:43:12.329 | Open SSPComPort (COM3) failed
2025-12-21 17:43:12.357 | Status: Getrennt
2025-12-21 17:43:12.368 | HardDisconnect done
2025-12-21 17:43:12.482 | Status: getrennt
2025-12-21 17:51:13.274 | Status: Verbinde...
2025-12-21 17:51:13.288 | Open SSPComPort (COM3) failed
2025-12-21 17:51:13.291 | Thread gestartet
2025-12-21 17:51:13.293 | Status: Port nicht verfügbar
2025-12-21 17:51:14.344 | Open SSPComPort (COM3) failed
2025-12-21 17:51:15.364 | Open SSPComPort (COM3) failed
2025-12-21 17:51:16.392 | Open SSPComPort (COM3) failed
2025-12-21 17:51:17.043 | Enable vorgemerkt (wird nach Handshake ausgeführt)
2025-12-21 17:51:17.413 | Open SSPComPort (COM3) failed
2025-12-21 17:51:17.827 | REQ Level 1 ct [plain]
2025-12-21 17:51:17.837 | REQ Level 2 ct [plain]
2025-12-21 17:51:17.846 | REQ Level 5 ct [plain]
2025-12-21 17:51:17.856 | REQ Level 10 ct [plain]
2025-12-21 17:51:17.864 | REQ Level 20 ct [plain]
2025-12-21 17:51:17.872 | REQ Level 50 ct [plain]
2025-12-21 17:51:17.880 | REQ Level 100 ct [plain]
2025-12-21 17:51:17.889 | REQ Level 200 ct [plain]
2025-12-21 17:51:17.898 | Enable vorgemerkt (wird nach Handshake ausgeführt)
2025-12-21 17:51:18.428 | Open SSPComPort (COM3) failed
2025-12-21 17:51:19.453 | Open SSPComPort (COM3) failed
2025-12-21 17:51:20.489 | Open SSPComPort (COM3) failed
2025-12-21 17:51:21.504 | Open SSPComPort (COM3) failed
2025-12-21 17:51:22.530 | Open SSPComPort (COM3) failed
2025-12-21 17:51:23.557 | Open SSPComPort (COM3) failed
2025-12-21 17:51:24.585 | Open SSPComPort (COM3) failed
2025-12-21 17:51:25.609 | Open SSPComPort (COM3) failed
2025-12-21 17:51:26.630 | Open SSPComPort (COM3) failed
2025-12-21 17:51:27.654 | Open SSPComPort (COM3) failed
2025-12-21 17:51:28.684 | Open SSPComPort (COM3) failed
2025-12-21 17:51:29.710 | Open SSPComPort (COM3) failed
2025-12-21 17:51:30.737 | Open SSPComPort (COM3) failed
2025-12-21 17:51:31.770 | Open SSPComPort (COM3) failed
2025-12-21 17:51:32.799 | Open SSPComPort (COM3) failed
2025-12-21 17:51:33.828 | Open SSPComPort (COM3) failed
2025-12-21 17:51:34.853 | Open SSPComPort (COM3) failed
2025-12-21 17:51:35.879 | Open SSPComPort (COM3) failed
2025-12-21 17:51:36.908 | Open SSPComPort (COM3) failed
2025-12-21 17:51:37.941 | Open SSPComPort (COM3) failed
2025-12-21 17:51:38.957 | Open SSPComPort (COM3) failed
2025-12-21 17:51:39.988 | Open SSPComPort (COM3) failed
2025-12-21 17:51:41.013 | Open SSPComPort (COM3) failed
2025-12-21 17:51:42.037 | Open SSPComPort (COM3) failed
2025-12-21 17:51:43.061 | Open SSPComPort (COM3) failed
2025-12-21 17:51:44.092 | Open SSPComPort (COM3) failed
2025-12-21 17:51:45.124 | Open SSPComPort (COM3) failed
2025-12-21 17:51:46.148 | Open SSPComPort (COM3) failed
2025-12-21 17:51:47.172 | Open SSPComPort (COM3) failed
2025-12-21 17:51:48.207 | Open SSPComPort (COM3) failed
2025-12-21 17:51:49.233 | Open SSPComPort (COM3) failed
2025-12-21 17:51:50.264 | Open SSPComPort (COM3) failed
2025-12-21 17:51:51.299 | Open SSPComPort (COM3) failed
2025-12-21 17:51:52.332 | Open SSPComPort (COM3) failed
2025-12-21 17:51:53.359 | Open SSPComPort (COM3) failed
2025-12-21 17:51:54.390 | Open SSPComPort (COM3) failed
2025-12-21 17:51:55.414 | Open SSPComPort (COM3) failed
2025-12-21 17:51:56.442 | Open SSPComPort (COM3) failed
2025-12-21 17:51:57.470 | Open SSPComPort (COM3) failed
2025-12-21 17:51:58.502 | Open SSPComPort (COM3) failed
2025-12-21 17:51:59.534 | Open SSPComPort (COM3) failed
2025-12-21 17:52:00.563 | Open SSPComPort (COM3) failed
2025-12-21 17:52:01.591 | Open SSPComPort (COM3) failed
2025-12-21 17:52:02.610 | Open SSPComPort (COM3) failed
2025-12-21 17:52:03.637 | Open SSPComPort (COM3) failed
2025-12-21 17:52:04.663 | Open SSPComPort (COM3) failed
2025-12-21 17:52:05.690 | Open SSPComPort (COM3) failed
2025-12-21 17:52:06.721 | Open SSPComPort (COM3) failed
2025-12-21 17:52:07.752 | Open SSPComPort (COM3) failed
2025-12-21 17:52:08.774 | Open SSPComPort (COM3) failed
2025-12-21 17:52:09.801 | Open SSPComPort (COM3) failed
2025-12-21 17:52:10.829 | Open SSPComPort (COM3) failed
2025-12-21 17:52:11.855 | Open SSPComPort (COM3) failed
2025-12-21 17:52:12.881 | Open SSPComPort (COM3) failed
2025-12-21 17:52:13.907 | Open SSPComPort (COM3) failed
2025-12-21 17:52:14.940 | Open SSPComPort (COM3) failed
2025-12-21 17:52:15.969 | Open SSPComPort (COM3) failed
2025-12-21 17:52:17.001 | Open SSPComPort (COM3) failed
2025-12-21 17:52:18.027 | Open SSPComPort (COM3) failed
2025-12-21 17:52:19.053 | Open SSPComPort (COM3) failed
2025-12-21 17:52:20.079 | Open SSPComPort (COM3) failed
2025-12-21 17:52:21.112 | Open SSPComPort (COM3) failed
2025-12-21 17:52:22.143 | Open SSPComPort (COM3) failed
2025-12-21 17:52:23.164 | Open SSPComPort (COM3) failed
2025-12-21 17:52:24.189 | Open SSPComPort (COM3) failed
2025-12-21 17:52:25.216 | Open SSPComPort (COM3) failed
2025-12-21 17:52:26.236 | Open SSPComPort (COM3) failed
2025-12-21 17:52:27.263 | Open SSPComPort (COM3) failed
2025-12-21 17:52:28.290 | Open SSPComPort (COM3) failed
2025-12-21 17:52:29.318 | Open SSPComPort (COM3) failed
2025-12-21 17:52:30.342 | Open SSPComPort (COM3) failed
2025-12-21 17:52:31.367 | Open SSPComPort (COM3) failed
2025-12-21 17:52:32.393 | Open SSPComPort (COM3) failed
2025-12-21 17:52:33.418 | Open SSPComPort (COM3) failed
2025-12-21 17:52:34.441 | Open SSPComPort (COM3) failed
2025-12-21 17:52:35.472 | Open SSPComPort (COM3) failed
2025-12-21 17:52:36.501 | Open SSPComPort (COM3) failed
2025-12-21 17:52:37.521 | Open SSPComPort (COM3) failed
2025-12-21 17:52:38.543 | Open SSPComPort (COM3) failed
2025-12-21 17:52:39.559 | Open SSPComPort (COM3) failed
2025-12-21 17:52:40.584 | Open SSPComPort (COM3) failed
2025-12-21 17:52:41.615 | Open SSPComPort (COM3) failed
2025-12-21 17:52:42.643 | Open SSPComPort (COM3) failed
2025-12-21 17:52:43.667 | Open SSPComPort (COM3) failed
2025-12-21 17:52:44.699 | Open SSPComPort (COM3) failed
2025-12-21 17:52:45.723 | Open SSPComPort (COM3) failed
2025-12-21 17:52:46.753 | Open SSPComPort (COM3) failed
2025-12-21 17:52:47.781 | Open SSPComPort (COM3) failed
2025-12-21 17:52:48.810 | Open SSPComPort (COM3) failed
2025-12-21 17:52:49.837 | Open SSPComPort (COM3) failed
2025-12-21 17:52:50.867 | Open SSPComPort (COM3) failed
2025-12-21 17:52:51.899 | Open SSPComPort (COM3) failed
2025-12-21 17:52:52.923 | Open SSPComPort (COM3) failed
2025-12-21 17:52:53.950 | Open SSPComPort (COM3) failed
2025-12-21 17:52:54.980 | Open SSPComPort (COM3) failed
2025-12-21 17:52:56.000 | Open SSPComPort (COM3) failed
2025-12-21 17:52:57.029 | Open SSPComPort (COM3) failed
2025-12-21 17:52:58.053 | Open SSPComPort (COM3) failed
2025-12-21 17:52:59.070 | Open SSPComPort (COM3) failed
2025-12-21 17:53:00.091 | Open SSPComPort (COM3) failed
2025-12-21 17:53:01.124 | Open SSPComPort (COM3) failed
2025-12-21 17:53:02.152 | Open SSPComPort (COM3) failed
2025-12-21 17:53:03.176 | Open SSPComPort (COM3) failed
2025-12-21 17:53:04.199 | Open SSPComPort (COM3) failed
2025-12-21 17:53:04.322 | Disable vorgemerkt (wird nach Handshake ausgeführt)
2025-12-21 17:53:04.332 | Disable vorgemerkt (wird nach Handshake ausgeführt)
2025-12-21 17:53:04.344 | HardDisconnect init
2025-12-21 17:53:05.219 | Status: Getrennt
2025-12-21 17:53:05.229 | HardDisconnect done
2025-12-21 17:53:05.353 | Status: getrennt
2025-12-21 17:55:59.811 | Status: Verbinde...
2025-12-21 17:55:59.826 | Thread gestartet
2025-12-21 17:55:59.829 | Open SSPComPort (COM3) failed
2025-12-21 17:55:59.838 | Status: Port nicht verfügbar
2025-12-21 17:56:00.878 | Open SSPComPort (COM3) failed
2025-12-21 17:56:01.940 | Open SSPComPort (COM3) failed
2025-12-21 17:56:02.967 | Open SSPComPort (COM3) failed
2025-12-21 17:56:03.995 | Open SSPComPort (COM3) failed
2025-12-21 17:56:05.024 | Open SSPComPort (COM3) failed
2025-12-21 17:56:06.045 | Open SSPComPort (COM3) failed
2025-12-21 17:56:07.072 | Open SSPComPort (COM3) failed
2025-12-21 17:56:08.099 | Open SSPComPort (COM3) failed
2025-12-21 17:56:08.577 | Enable vorgemerkt (wird nach Handshake ausgeführt)
2025-12-21 17:56:09.128 | Open SSPComPort (COM3) failed
2025-12-21 17:56:09.350 | REQ Level 1 ct [plain]
2025-12-21 17:56:09.358 | REQ Level 2 ct [plain]
2025-12-21 17:56:09.365 | REQ Level 5 ct [plain]
2025-12-21 17:56:09.373 | REQ Level 10 ct [plain]
2025-12-21 17:56:09.380 | REQ Level 20 ct [plain]
2025-12-21 17:56:09.388 | REQ Level 50 ct [plain]
2025-12-21 17:56:09.393 | REQ Level 100 ct [plain]
2025-12-21 17:56:09.399 | REQ Level 200 ct [plain]
2025-12-21 17:56:09.405 | Enable vorgemerkt (wird nach Handshake ausgeführt)
2025-12-21 17:56:10.150 | Open SSPComPort (COM3) failed
2025-12-21 17:56:11.181 | Open SSPComPort (COM3) failed
2025-12-21 17:56:12.213 | Open SSPComPort (COM3) failed
2025-12-21 17:56:13.242 | Open SSPComPort (COM3) failed
2025-12-21 17:56:14.263 | Open SSPComPort (COM3) failed
2025-12-21 17:56:15.278 | Open SSPComPort (COM3) failed
2025-12-21 17:56:16.303 | Open SSPComPort (COM3) failed
2025-12-21 17:56:17.328 | Open SSPComPort (COM3) failed
2025-12-21 17:56:18.355 | Open SSPComPort (COM3) failed
2025-12-21 17:56:19.385 | Open SSPComPort (COM3) failed
2025-12-21 17:56:20.416 | Open SSPComPort (COM3) failed
2025-12-21 17:56:21.446 | Open SSPComPort (COM3) failed
2025-12-21 17:56:22.470 | Open SSPComPort (COM3) failed
2025-12-21 17:56:23.497 | Open SSPComPort (COM3) failed
2025-12-21 17:56:24.522 | Open SSPComPort (COM3) failed
2025-12-21 17:56:25.541 | Open SSPComPort (COM3) failed
2025-12-21 17:56:26.570 | Open SSPComPort (COM3) failed
2025-12-21 17:56:27.595 | Open SSPComPort (COM3) failed
2025-12-21 17:56:28.619 | Open SSPComPort (COM3) failed
2025-12-21 17:56:29.642 | Open SSPComPort (COM3) failed
2025-12-21 17:56:30.671 | Open SSPComPort (COM3) failed
2025-12-21 17:56:31.698 | Open SSPComPort (COM3) failed
2025-12-21 17:56:32.731 | Open SSPComPort (COM3) failed
2025-12-21 17:56:33.760 | Open SSPComPort (COM3) failed
2025-12-21 17:56:34.789 | Open SSPComPort (COM3) failed
2025-12-21 17:56:35.820 | Open SSPComPort (COM3) failed
2025-12-21 17:56:36.851 | Open SSPComPort (COM3) failed
2025-12-21 17:56:37.884 | Open SSPComPort (COM3) failed
2025-12-21 17:56:38.915 | Open SSPComPort (COM3) failed
2025-12-21 17:56:39.940 | Open SSPComPort (COM3) failed
2025-12-21 17:56:40.972 | Open SSPComPort (COM3) failed
2025-12-21 17:56:42.000 | Open SSPComPort (COM3) failed
2025-12-21 17:56:43.025 | Open SSPComPort (COM3) failed
2025-12-21 17:56:44.053 | Open SSPComPort (COM3) failed
2025-12-21 17:56:45.083 | Open SSPComPort (COM3) failed
2025-12-21 17:56:46.111 | Open SSPComPort (COM3) failed
2025-12-21 17:56:47.140 | Open SSPComPort (COM3) failed
2025-12-21 17:56:48.163 | Open SSPComPort (COM3) failed
2025-12-21 17:56:49.192 | Open SSPComPort (COM3) failed
2025-12-21 17:56:50.220 | Open SSPComPort (COM3) failed
2025-12-21 17:56:51.248 | Open SSPComPort (COM3) failed
2025-12-21 17:56:52.267 | Open SSPComPort (COM3) failed
2025-12-21 17:56:53.288 | Open SSPComPort (COM3) failed
2025-12-21 17:56:54.320 | Open SSPComPort (COM3) failed
2025-12-21 17:56:55.351 | Open SSPComPort (COM3) failed
2025-12-21 17:56:56.382 | Open SSPComPort (COM3) failed
2025-12-21 17:56:57.413 | Open SSPComPort (COM3) failed
2025-12-21 17:56:58.444 | Open SSPComPort (COM3) failed
2025-12-21 17:56:59.468 | Open SSPComPort (COM3) failed
2025-12-21 17:57:00.501 | Open SSPComPort (COM3) failed
2025-12-21 17:57:01.523 | Open SSPComPort (COM3) failed
2025-12-21 17:57:02.549 | Open SSPComPort (COM3) failed
2025-12-21 17:57:03.576 | Open SSPComPort (COM3) failed
2025-12-21 17:57:04.604 | Open SSPComPort (COM3) failed
2025-12-21 17:57:05.633 | Open SSPComPort (COM3) failed
2025-12-21 17:57:06.662 | Open SSPComPort (COM3) failed
2025-12-21 17:57:07.687 | Open SSPComPort (COM3) failed
2025-12-21 17:57:08.713 | Open SSPComPort (COM3) failed
2025-12-21 17:57:09.741 | Open SSPComPort (COM3) failed
2025-12-21 17:57:10.772 | Open SSPComPort (COM3) failed
2025-12-21 17:57:11.803 | Open SSPComPort (COM3) failed
2025-12-21 17:57:12.829 | Open SSPComPort (COM3) failed
2025-12-21 17:57:13.855 | Open SSPComPort (COM3) failed
2025-12-21 17:57:14.881 | Open SSPComPort (COM3) failed
2025-12-21 17:57:15.909 | Open SSPComPort (COM3) failed
2025-12-21 17:57:16.926 | Open SSPComPort (COM3) failed
2025-12-21 17:57:17.942 | Open SSPComPort (COM3) failed
2025-12-21 17:57:18.974 | Open SSPComPort (COM3) failed
2025-12-21 17:57:20.000 | Open SSPComPort (COM3) failed
2025-12-21 17:57:21.025 | Open SSPComPort (COM3) failed
2025-12-21 17:57:22.054 | Open SSPComPort (COM3) failed
2025-12-21 17:57:23.082 | Open SSPComPort (COM3) failed
2025-12-21 17:57:24.110 | Open SSPComPort (COM3) failed
2025-12-21 17:57:25.143 | Open SSPComPort (COM3) failed
2025-12-21 17:57:26.172 | Open SSPComPort (COM3) failed
2025-12-21 17:57:27.190 | Open SSPComPort (COM3) failed
2025-12-21 17:57:28.215 | Open SSPComPort (COM3) failed
2025-12-21 17:57:29.242 | Open SSPComPort (COM3) failed
2025-12-21 17:57:30.274 | Open SSPComPort (COM3) failed
2025-12-21 17:57:31.302 | Open SSPComPort (COM3) failed
2025-12-21 17:57:32.331 | Open SSPComPort (COM3) failed
2025-12-21 17:57:33.356 | Open SSPComPort (COM3) failed
2025-12-21 17:57:34.379 | Open SSPComPort (COM3) failed
2025-12-21 17:57:35.411 | Open SSPComPort (COM3) failed
2025-12-21 17:57:36.439 | Open SSPComPort (COM3) failed
2025-12-21 17:57:37.467 | Open SSPComPort (COM3) failed
2025-12-21 17:57:38.492 | Open SSPComPort (COM3) failed
2025-12-21 17:57:39.519 | Open SSPComPort (COM3) failed
2025-12-21 17:57:40.546 | Open SSPComPort (COM3) failed
2025-12-21 17:57:41.570 | Open SSPComPort (COM3) failed
2025-12-21 17:57:42.605 | Open SSPComPort (COM3) failed
2025-12-21 17:57:43.468 | Disable vorgemerkt (wird nach Handshake ausgeführt)
2025-12-21 17:57:43.481 | Disable vorgemerkt (wird nach Handshake ausgeführt)
2025-12-21 17:57:43.492 | HardDisconnect init
2025-12-21 17:57:43.692 | Status: Getrennt
2025-12-21 17:57:43.704 | HardDisconnect done
2025-12-21 17:57:43.825 | Status: getrennt
2025-12-21 18:02:04.358 | Status: Verbinde...
2025-12-21 18:02:04.375 | Open SSPComPort (COM3) failed
2025-12-21 18:02:04.375 | Thread gestartet
2025-12-21 18:02:04.379 | Status: Port nicht verfügbar
2025-12-21 18:02:05.429 | Open SSPComPort (COM3) failed
2025-12-21 18:02:06.453 | Open SSPComPort (COM3) failed
2025-12-21 18:02:07.476 | Open SSPComPort (COM3) failed
2025-12-21 18:02:08.493 | Open SSPComPort (COM3) failed
2025-12-21 18:02:09.510 | Open SSPComPort (COM3) failed
2025-12-21 18:02:10.540 | Open SSPComPort (COM3) failed
2025-12-21 18:02:11.559 | Open SSPComPort (COM3) failed
2025-12-21 18:02:12.592 | Open SSPComPort (COM3) failed
2025-12-21 18:02:13.622 | Open SSPComPort (COM3) failed
2025-12-21 18:02:14.639 | Open SSPComPort (COM3) failed
2025-12-21 18:02:15.670 | Open SSPComPort (COM3) failed
2025-12-21 18:02:16.695 | Open SSPComPort (COM3) failed
2025-12-21 18:02:17.722 | Open SSPComPort (COM3) failed
2025-12-21 18:02:18.750 | Open SSPComPort (COM3) failed
2025-12-21 18:02:19.779 | Open SSPComPort (COM3) failed
2025-12-21 18:02:20.804 | Open SSPComPort (COM3) failed
2025-12-21 18:02:21.828 | Open SSPComPort (COM3) failed
2025-12-21 18:02:22.853 | Open SSPComPort (COM3) failed
2025-12-21 18:02:23.877 | Open SSPComPort (COM3) failed
2025-12-21 18:02:24.904 | Open SSPComPort (COM3) failed
2025-12-21 18:02:25.929 | Open SSPComPort (COM3) failed
2025-12-21 18:02:26.954 | Open SSPComPort (COM3) failed
2025-12-21 18:02:27.980 | Open SSPComPort (COM3) failed
2025-12-21 18:02:28.258 | Enable vorgemerkt (wird nach Handshake ausgeführt)
2025-12-21 18:02:29.000 | REQ Level 1 ct [plain]
2025-12-21 18:02:29.007 | Open SSPComPort (COM3) failed
2025-12-21 18:02:29.011 | REQ Level 2 ct [plain]
2025-12-21 18:02:29.031 | REQ Level 5 ct [plain]
2025-12-21 18:02:29.041 | REQ Level 10 ct [plain]
2025-12-21 18:02:29.051 | REQ Level 20 ct [plain]
2025-12-21 18:02:29.061 | REQ Level 50 ct [plain]
2025-12-21 18:02:29.071 | REQ Level 100 ct [plain]
2025-12-21 18:02:29.082 | REQ Level 200 ct [plain]
2025-12-21 18:02:29.092 | Enable vorgemerkt (wird nach Handshake ausgeführt)
2025-12-21 18:02:30.036 | Open SSPComPort (COM3) failed
2025-12-21 18:02:31.061 | Open SSPComPort (COM3) failed
2025-12-21 18:02:32.088 | Open SSPComPort (COM3) failed
2025-12-21 18:02:33.116 | Open SSPComPort (COM3) failed
2025-12-21 18:02:34.143 | Open SSPComPort (COM3) failed
2025-12-21 18:02:35.173 | Open SSPComPort (COM3) failed
2025-12-21 18:02:36.204 | Open SSPComPort (COM3) failed
2025-12-21 18:02:37.234 | Open SSPComPort (COM3) failed
2025-12-21 18:02:38.255 | Open SSPComPort (COM3) failed
2025-12-21 18:02:39.282 | Open SSPComPort (COM3) failed
2025-12-21 18:02:40.311 | Open SSPComPort (COM3) failed
2025-12-21 18:02:41.343 | Open SSPComPort (COM3) failed
2025-12-21 18:02:42.371 | Open SSPComPort (COM3) failed
2025-12-21 18:02:43.399 | Open SSPComPort (COM3) failed
2025-12-21 18:02:44.426 | Open SSPComPort (COM3) failed
2025-12-21 18:02:45.453 | Open SSPComPort (COM3) failed
2025-12-21 18:02:46.479 | Open SSPComPort (COM3) failed
2025-12-21 18:02:47.502 | Open SSPComPort (COM3) failed
2025-12-21 18:02:48.532 | Open SSPComPort (COM3) failed
2025-12-21 18:02:49.565 | Open SSPComPort (COM3) failed
2025-12-21 18:02:50.593 | Open SSPComPort (COM3) failed
2025-12-21 18:02:51.626 | Open SSPComPort (COM3) failed
2025-12-21 18:02:52.655 | Open SSPComPort (COM3) failed
2025-12-21 18:02:53.681 | Open SSPComPort (COM3) failed
2025-12-21 18:02:54.707 | Open SSPComPort (COM3) failed
2025-12-21 18:02:55.735 | Open SSPComPort (COM3) failed
2025-12-21 18:02:56.763 | Open SSPComPort (COM3) failed
2025-12-21 18:02:57.793 | Open SSPComPort (COM3) failed
2025-12-21 18:02:58.818 | Open SSPComPort (COM3) failed
2025-12-21 18:02:59.842 | Open SSPComPort (COM3) failed
2025-12-21 18:03:00.870 | Open SSPComPort (COM3) failed
2025-12-21 18:03:01.893 | Open SSPComPort (COM3) failed
2025-12-21 18:03:02.916 | Open SSPComPort (COM3) failed
2025-12-21 18:03:02.920 | Disable vorgemerkt (wird nach Handshake ausgeführt)
2025-12-21 18:03:02.941 | Disable vorgemerkt (wird nach Handshake ausgeführt)
2025-12-21 18:03:02.952 | HardDisconnect init
2025-12-21 18:03:03.946 | Status: Getrennt
2025-12-21 18:03:03.958 | HardDisconnect done
2025-12-21 18:03:04.081 | Status: getrennt
2025-12-21 18:05:37.790 | Status: Verbinde...
2025-12-21 18:05:37.790 | Open SSPComPort (COM3) failed
2025-12-21 18:05:37.809 | Status: Port nicht verfügbar
2025-12-21 18:05:37.806 | Thread gestartet
2025-12-21 18:05:38.838 | Open SSPComPort (COM3) failed
2025-12-21 18:05:39.867 | Open SSPComPort (COM3) failed
2025-12-21 18:05:40.897 | Open SSPComPort (COM3) failed
2025-12-21 18:05:41.914 | Open SSPComPort (COM3) failed
2025-12-21 18:05:42.946 | Open SSPComPort (COM3) failed
2025-12-21 18:05:43.819 | Enable vorgemerkt (wird nach Handshake ausgeführt)
2025-12-21 18:05:44.012 | Open SSPComPort (COM3) failed
2025-12-21 18:05:44.662 | REQ Level 1 ct [plain]
2025-12-21 18:05:44.671 | REQ Level 2 ct [plain]
2025-12-21 18:05:44.679 | REQ Level 5 ct [plain]
2025-12-21 18:05:44.687 | REQ Level 10 ct [plain]
2025-12-21 18:05:44.696 | REQ Level 20 ct [plain]
2025-12-21 18:05:44.714 | REQ Level 50 ct [plain]
2025-12-21 18:05:44.721 | REQ Level 100 ct [plain]
2025-12-21 18:05:44.730 | REQ Level 200 ct [plain]
2025-12-21 18:05:44.738 | Enable vorgemerkt (wird nach Handshake ausgeführt)
2025-12-21 18:05:45.100 | Open SSPComPort (COM3) failed
2025-12-21 18:05:46.116 | Open SSPComPort (COM3) failed
2025-12-21 18:05:47.137 | Open SSPComPort (COM3) failed
2025-12-21 18:05:48.152 | Open SSPComPort (COM3) failed
2025-12-21 18:05:49.181 | Open SSPComPort (COM3) failed
2025-12-21 18:05:50.211 | Open SSPComPort (COM3) failed
2025-12-21 18:05:51.226 | Open SSPComPort (COM3) failed
2025-12-21 18:05:52.258 | Open SSPComPort (COM3) failed
2025-12-21 18:05:53.288 | Open SSPComPort (COM3) failed
2025-12-21 18:05:54.321 | Open SSPComPort (COM3) failed
2025-12-21 18:05:55.349 | Open SSPComPort (COM3) failed
2025-12-21 18:05:56.371 | Open SSPComPort (COM3) failed
2025-12-21 18:05:57.401 | Open SSPComPort (COM3) failed
2025-12-21 18:05:58.428 | Open SSPComPort (COM3) failed
2025-12-21 18:05:59.461 | Open SSPComPort (COM3) failed
2025-12-21 18:06:00.483 | Open SSPComPort (COM3) failed
2025-12-21 18:06:01.510 | Open SSPComPort (COM3) failed
2025-12-21 18:06:02.534 | Open SSPComPort (COM3) failed
2025-12-21 18:06:03.563 | Open SSPComPort (COM3) failed
2025-12-21 18:06:04.586 | Open SSPComPort (COM3) failed
2025-12-21 18:06:05.608 | Open SSPComPort (COM3) failed
2025-12-21 18:06:06.631 | Open SSPComPort (COM3) failed
2025-12-21 18:06:07.655 | Open SSPComPort (COM3) failed
2025-12-21 18:06:08.682 | Open SSPComPort (COM3) failed
2025-12-21 18:06:09.705 | Open SSPComPort (COM3) failed
2025-12-21 18:06:10.730 | Open SSPComPort (COM3) failed
2025-12-21 18:06:11.751 | Open SSPComPort (COM3) failed
2025-12-21 18:06:12.783 | Open SSPComPort (COM3) failed
2025-12-21 18:06:13.809 | Open SSPComPort (COM3) failed
2025-12-21 18:06:14.838 | Open SSPComPort (COM3) failed
2025-12-21 18:06:15.869 | Open SSPComPort (COM3) failed
2025-12-21 18:06:16.896 | Open SSPComPort (COM3) failed
2025-12-21 18:06:17.927 | Open SSPComPort (COM3) failed
2025-12-21 18:06:18.955 | Open SSPComPort (COM3) failed
2025-12-21 18:06:19.984 | Open SSPComPort (COM3) failed
2025-12-21 18:06:21.010 | Open SSPComPort (COM3) failed
2025-12-21 18:06:22.040 | Open SSPComPort (COM3) failed
2025-12-21 18:06:23.074 | Open SSPComPort (COM3) failed
2025-12-21 18:06:24.105 | Open SSPComPort (COM3) failed
2025-12-21 18:06:25.137 | Open SSPComPort (COM3) failed
2025-12-21 18:06:26.169 | Open SSPComPort (COM3) failed
2025-12-21 18:06:27.201 | Open SSPComPort (COM3) failed
2025-12-21 18:06:28.221 | Open SSPComPort (COM3) failed
2025-12-21 18:06:29.247 | Open SSPComPort (COM3) failed
2025-12-21 18:06:30.267 | Open SSPComPort (COM3) failed
2025-12-21 18:06:31.293 | Open SSPComPort (COM3) failed
2025-12-21 18:06:32.323 | Open SSPComPort (COM3) failed
2025-12-21 18:06:33.346 | Open SSPComPort (COM3) failed
2025-12-21 18:06:34.393 | Open SSPComPort (COM3) failed
2025-12-21 18:06:35.419 | Open SSPComPort (COM3) failed
2025-12-21 18:06:36.446 | Open SSPComPort (COM3) failed
2025-12-21 18:06:37.471 | Open SSPComPort (COM3) failed
2025-12-21 18:06:38.498 | Open SSPComPort (COM3) failed
2025-12-21 18:06:39.523 | Open SSPComPort (COM3) failed
2025-12-21 18:06:40.537 | Open SSPComPort (COM3) failed
2025-12-21 18:06:41.557 | Open SSPComPort (COM3) failed
2025-12-21 18:06:42.583 | Open SSPComPort (COM3) failed
2025-12-21 18:06:43.606 | Open SSPComPort (COM3) failed
2025-12-21 18:06:44.638 | Open SSPComPort (COM3) failed
2025-12-21 18:06:45.658 | Open SSPComPort (COM3) failed
2025-12-21 18:06:46.686 | Open SSPComPort (COM3) failed
2025-12-21 18:06:47.717 | Open SSPComPort (COM3) failed
2025-12-21 18:06:48.746 | Open SSPComPort (COM3) failed
2025-12-21 18:06:49.771 | Open SSPComPort (COM3) failed
2025-12-21 18:06:50.797 | Open SSPComPort (COM3) failed
2025-12-21 18:06:51.829 | Open SSPComPort (COM3) failed
2025-12-21 18:06:52.860 | Open SSPComPort (COM3) failed
2025-12-21 18:06:53.882 | Open SSPComPort (COM3) failed
2025-12-21 18:06:54.909 | Open SSPComPort (COM3) failed
2025-12-21 18:06:55.939 | Open SSPComPort (COM3) failed
2025-12-21 18:06:56.951 | Open SSPComPort (COM3) failed
2025-12-21 18:06:57.980 | Open SSPComPort (COM3) failed
2025-12-21 18:06:57.999 | Disable vorgemerkt (wird nach Handshake ausgeführt)
2025-12-21 18:06:58.014 | Disable vorgemerkt (wird nach Handshake ausgeführt)
2025-12-21 18:06:58.026 | HardDisconnect init
2025-12-21 18:06:59.029 | Status: Getrennt
2025-12-21 18:06:59.042 | HardDisconnect done
2025-12-21 18:06:59.160 | Status: getrennt
2025-12-21 18:11:51.190 | Status: Verbinde...
2025-12-21 18:11:51.202 | Open SSPComPort (COM3) failed
2025-12-21 18:11:51.206 | Status: Port nicht verfügbar
2025-12-21 18:11:51.204 | Thread gestartet
2025-12-21 18:11:52.240 | Open SSPComPort (COM3) failed
2025-12-21 18:11:53.271 | Open SSPComPort (COM3) failed
2025-12-21 18:11:54.298 | Open SSPComPort (COM3) failed
2025-12-21 18:11:55.318 | Open SSPComPort (COM3) failed
2025-12-21 18:11:56.349 | Open SSPComPort (COM3) failed
2025-12-21 18:11:57.380 | Open SSPComPort (COM3) failed
2025-12-21 18:11:58.409 | Open SSPComPort (COM3) failed
2025-12-21 18:11:59.436 | Open SSPComPort (COM3) failed
2025-12-21 18:12:00.458 | Open SSPComPort (COM3) failed
2025-12-21 18:12:01.476 | Open SSPComPort (COM3) failed
2025-12-21 18:12:02.502 | Open SSPComPort (COM3) failed
2025-12-21 18:12:03.527 | Open SSPComPort (COM3) failed
2025-12-21 18:12:03.696 | Enable vorgemerkt (wird nach Handshake ausgeführt)
2025-12-21 18:12:04.485 | REQ Level 1 ct [plain]
2025-12-21 18:12:04.494 | REQ Level 2 ct [plain]
2025-12-21 18:12:04.502 | REQ Level 5 ct [plain]
2025-12-21 18:12:04.511 | REQ Level 10 ct [plain]
2025-12-21 18:12:04.521 | REQ Level 20 ct [plain]
2025-12-21 18:12:04.531 | REQ Level 50 ct [plain]
2025-12-21 18:12:04.542 | REQ Level 100 ct [plain]
2025-12-21 18:12:04.552 | REQ Level 200 ct [plain]
2025-12-21 18:12:04.561 | Enable vorgemerkt (wird nach Handshake ausgeführt)
2025-12-21 18:12:04.555 | Open SSPComPort (COM3) failed
2025-12-21 18:12:05.621 | Open SSPComPort (COM3) failed
2025-12-21 18:12:06.646 | Open SSPComPort (COM3) failed
2025-12-21 18:12:07.668 | Open SSPComPort (COM3) failed
2025-12-21 18:12:08.695 | Open SSPComPort (COM3) failed
2025-12-21 18:12:09.724 | Open SSPComPort (COM3) failed
2025-12-21 18:12:10.752 | Open SSPComPort (COM3) failed
2025-12-21 18:12:11.776 | Open SSPComPort (COM3) failed
2025-12-21 18:12:12.806 | Open SSPComPort (COM3) failed
2025-12-21 18:12:13.835 | Open SSPComPort (COM3) failed
2025-12-21 18:12:14.861 | Open SSPComPort (COM3) failed
2025-12-21 18:12:15.891 | Open SSPComPort (COM3) failed
2025-12-21 18:12:16.917 | Open SSPComPort (COM3) failed
2025-12-21 18:12:17.948 | Open SSPComPort (COM3) failed
2025-12-21 18:12:18.970 | Open SSPComPort (COM3) failed
2025-12-21 18:12:19.996 | Open SSPComPort (COM3) failed
2025-12-21 18:12:21.025 | Open SSPComPort (COM3) failed
2025-12-21 18:12:22.052 | Open SSPComPort (COM3) failed
2025-12-21 18:12:23.080 | Open SSPComPort (COM3) failed
2025-12-21 18:12:23.795 | Disable vorgemerkt (wird nach Handshake ausgeführt)
2025-12-21 18:12:23.805 | Disable vorgemerkt (wird nach Handshake ausgeführt)
2025-12-21 18:12:23.813 | HardDisconnect init
2025-12-21 18:12:24.116 | Status: Getrennt
2025-12-21 18:12:24.127 | HardDisconnect done
2025-12-21 18:12:24.245 | Status: getrennt
2025-12-21 18:13:08.283 | Status: Verbinde...
2025-12-21 18:13:08.333 | Open SSPComPort (COM3) failed
2025-12-21 18:13:08.333 | Thread gestartet
2025-12-21 18:13:08.338 | Status: Port nicht verfügbar
2025-12-21 18:13:09.386 | Open SSPComPort (COM3) failed
2025-12-21 18:13:10.450 | Open SSPComPort (COM3) failed
2025-12-21 18:13:11.475 | Open SSPComPort (COM3) failed
2025-12-21 18:13:12.505 | Open SSPComPort (COM3) failed
2025-12-21 18:13:13.535 | Open SSPComPort (COM3) failed
2025-12-21 18:13:14.568 | Open SSPComPort (COM3) failed
2025-12-21 18:13:15.595 | Open SSPComPort (COM3) failed
2025-12-21 18:13:16.613 | Open SSPComPort (COM3) failed
2025-12-21 18:13:17.642 | Open SSPComPort (COM3) failed
2025-12-21 18:13:18.675 | Open SSPComPort (COM3) failed
2025-12-21 18:13:19.705 | Open SSPComPort (COM3) failed
2025-12-21 18:13:20.731 | Open SSPComPort (COM3) failed
2025-12-21 18:13:21.749 | Open SSPComPort (COM3) failed
2025-12-21 18:13:22.771 | Open SSPComPort (COM3) failed
2025-12-21 18:13:23.798 | Open SSPComPort (COM3) failed
2025-12-21 18:13:24.817 | Open SSPComPort (COM3) failed
2025-12-21 18:13:25.846 | Open SSPComPort (COM3) failed
2025-12-21 18:13:26.869 | Open SSPComPort (COM3) failed
2025-12-21 18:13:27.897 | Open SSPComPort (COM3) failed
2025-12-21 18:13:28.929 | Open SSPComPort (COM3) failed
2025-12-21 18:13:29.957 | Open SSPComPort (COM3) failed
2025-12-21 18:13:30.981 | Open SSPComPort (COM3) failed
2025-12-21 18:13:32.006 | Open SSPComPort (COM3) failed
2025-12-21 18:13:33.034 | Open SSPComPort (COM3) failed
2025-12-21 18:13:34.065 | Open SSPComPort (COM3) failed
2025-12-21 18:13:35.096 | Open SSPComPort (COM3) failed
2025-12-21 18:13:36.134 | Open SSPComPort (COM3) failed
2025-12-21 18:13:37.161 | Open SSPComPort (COM3) failed
2025-12-21 18:13:38.189 | Open SSPComPort (COM3) failed
2025-12-21 18:13:39.218 | Open SSPComPort (COM3) failed
2025-12-21 18:13:40.243 | Open SSPComPort (COM3) failed
2025-12-21 18:13:41.273 | Open SSPComPort (COM3) failed
2025-12-21 18:13:42.298 | Open SSPComPort (COM3) failed
2025-12-21 18:13:43.322 | Open SSPComPort (COM3) failed
2025-12-21 18:13:44.348 | Open SSPComPort (COM3) failed
2025-12-21 18:13:45.380 | Open SSPComPort (COM3) failed
2025-12-21 18:13:46.409 | Open SSPComPort (COM3) failed
2025-12-21 18:13:47.431 | Open SSPComPort (COM3) failed
2025-12-21 18:13:47.549 | Enable vorgemerkt (wird nach Handshake ausgeführt)
2025-12-21 18:13:48.461 | Open SSPComPort (COM3) failed
2025-12-21 18:13:48.462 | REQ Level 1 ct [plain]
2025-12-21 18:13:48.482 | REQ Level 2 ct [plain]
2025-12-21 18:13:48.491 | REQ Level 5 ct [plain]
2025-12-21 18:13:48.501 | REQ Level 10 ct [plain]
2025-12-21 18:13:48.512 | REQ Level 20 ct [plain]
2025-12-21 18:13:48.522 | REQ Level 50 ct [plain]
2025-12-21 18:13:48.532 | REQ Level 100 ct [plain]
2025-12-21 18:13:48.540 | REQ Level 200 ct [plain]
2025-12-21 18:13:48.548 | Enable vorgemerkt (wird nach Handshake ausgeführt)
2025-12-21 18:13:49.486 | Open SSPComPort (COM3) failed
2025-12-21 18:13:50.516 | Open SSPComPort (COM3) failed
2025-12-21 18:13:51.540 | Open SSPComPort (COM3) failed
2025-12-21 18:13:52.563 | Open SSPComPort (COM3) failed
2025-12-21 18:13:53.594 | Open SSPComPort (COM3) failed
2025-12-21 18:13:54.624 | Open SSPComPort (COM3) failed
2025-12-21 18:13:55.656 | Open SSPComPort (COM3) failed
2025-12-21 18:13:56.681 | Open SSPComPort (COM3) failed
2025-12-21 18:13:57.704 | Open SSPComPort (COM3) failed
2025-12-21 18:13:58.737 | Open SSPComPort (COM3) failed
2025-12-21 18:13:59.769 | Open SSPComPort (COM3) failed
2025-12-21 18:14:00.799 | Open SSPComPort (COM3) failed
2025-12-21 18:14:01.821 | Open SSPComPort (COM3) failed
2025-12-21 18:14:02.847 | Open SSPComPort (COM3) failed
2025-12-21 18:14:03.877 | Open SSPComPort (COM3) failed
2025-12-21 18:14:04.908 | Open SSPComPort (COM3) failed
2025-12-21 18:14:05.933 | Open SSPComPort (COM3) failed
2025-12-21 18:14:06.958 | Open SSPComPort (COM3) failed
2025-12-21 18:14:07.986 | Open SSPComPort (COM3) failed
2025-12-21 18:14:09.011 | Open SSPComPort (COM3) failed
2025-12-21 18:14:10.035 | Open SSPComPort (COM3) failed
2025-12-21 18:14:11.061 | Open SSPComPort (COM3) failed
2025-12-21 18:14:12.083 | Open SSPComPort (COM3) failed
2025-12-21 18:14:13.110 | Open SSPComPort (COM3) failed
2025-12-21 18:14:14.139 | Open SSPComPort (COM3) failed
2025-12-21 18:14:15.167 | Open SSPComPort (COM3) failed
2025-12-21 18:14:16.197 | Open SSPComPort (COM3) failed
2025-12-21 18:14:17.225 | Open SSPComPort (COM3) failed
2025-12-21 18:14:18.250 | Open SSPComPort (COM3) failed
2025-12-21 18:14:19.280 | Open SSPComPort (COM3) failed
2025-12-21 18:14:20.307 | Open SSPComPort (COM3) failed
2025-12-21 18:14:21.331 | Open SSPComPort (COM3) failed
2025-12-21 18:14:22.076 | Disable vorgemerkt (wird nach Handshake ausgeführt)
2025-12-21 18:14:22.089 | Disable vorgemerkt (wird nach Handshake ausgeführt)
2025-12-21 18:14:22.099 | HardDisconnect init
2025-12-21 18:14:22.365 | Status: Getrennt
2025-12-21 18:14:22.378 | HardDisconnect done
2025-12-21 18:14:22.498 | Status: getrennt
2025-12-21 18:19:48.871 | Status: Verbinde...
2025-12-21 18:19:48.885 | Open SSPComPort (COM3) failed
2025-12-21 18:19:48.887 | Thread gestartet
2025-12-21 18:19:48.890 | Status: Port nicht verfügbar
2025-12-21 18:19:49.954 | Open SSPComPort (COM3) failed
2025-12-21 18:19:50.973 | Open SSPComPort (COM3) failed
2025-12-21 18:19:51.997 | Open SSPComPort (COM3) failed
2025-12-21 18:19:53.016 | Open SSPComPort (COM3) failed
2025-12-21 18:19:54.034 | Open SSPComPort (COM3) failed
2025-12-21 18:19:54.455 | Enable vorgemerkt (wird nach Handshake ausgeführt)
2025-12-21 18:19:55.061 | Open SSPComPort (COM3) failed
2025-12-21 18:19:55.086 | REQ Level 1 ct [plain]
2025-12-21 18:19:55.094 | REQ Level 2 ct [plain]
2025-12-21 18:19:55.102 | REQ Level 5 ct [plain]
2025-12-21 18:19:55.109 | REQ Level 10 ct [plain]
2025-12-21 18:19:55.119 | REQ Level 20 ct [plain]
2025-12-21 18:19:55.125 | REQ Level 50 ct [plain]
2025-12-21 18:19:55.133 | REQ Level 100 ct [plain]
2025-12-21 18:19:55.140 | REQ Level 200 ct [plain]
2025-12-21 18:19:55.147 | Enable vorgemerkt (wird nach Handshake ausgeführt)
2025-12-21 18:19:56.078 | Open SSPComPort (COM3) failed
2025-12-21 18:19:57.104 | Open SSPComPort (COM3) failed
2025-12-21 18:19:58.132 | Open SSPComPort (COM3) failed
2025-12-21 18:19:59.159 | Open SSPComPort (COM3) failed
2025-12-21 18:20:00.190 | Open SSPComPort (COM3) failed
2025-12-21 18:20:01.223 | Open SSPComPort (COM3) failed
2025-12-21 18:20:02.254 | Open SSPComPort (COM3) failed
2025-12-21 18:20:03.282 | Open SSPComPort (COM3) failed
2025-12-21 18:20:04.307 | Open SSPComPort (COM3) failed
2025-12-21 18:20:05.323 | Open SSPComPort (COM3) failed
2025-12-21 18:20:06.227 | Disable vorgemerkt (wird nach Handshake ausgeführt)
2025-12-21 18:20:06.240 | Disable vorgemerkt (wird nach Handshake ausgeführt)
2025-12-21 18:20:06.252 | HardDisconnect init
2025-12-21 18:20:06.355 | Status: Getrennt
2025-12-21 18:20:06.365 | HardDisconnect done
2025-12-21 18:20:06.489 | Status: getrennt
2025-12-21 18:23:09.015 | Status: Verbinde...
2025-12-21 18:23:09.031 | Open SSPComPort (COM3) failed
2025-12-21 18:23:09.032 | Thread gestartet
2025-12-21 18:23:09.038 | Status: Port nicht verfügbar
2025-12-21 18:23:10.083 | Open SSPComPort (COM3) failed
2025-12-21 18:23:11.107 | Open SSPComPort (COM3) failed
2025-12-21 18:23:12.137 | Open SSPComPort (COM3) failed
2025-12-21 18:23:13.161 | Open SSPComPort (COM3) failed
2025-12-21 18:23:13.616 | Enable vorgemerkt (wird nach Handshake ausgeführt)
2025-12-21 18:23:14.189 | Open SSPComPort (COM3) failed
2025-12-21 18:23:14.438 | REQ Level 1 ct [plain]
2025-12-21 18:23:14.447 | REQ Level 2 ct [plain]
2025-12-21 18:23:14.454 | REQ Level 5 ct [plain]
2025-12-21 18:23:14.461 | REQ Level 10 ct [plain]
2025-12-21 18:23:14.469 | REQ Level 20 ct [plain]
2025-12-21 18:23:14.475 | REQ Level 50 ct [plain]
2025-12-21 18:23:14.482 | REQ Level 100 ct [plain]
2025-12-21 18:23:14.489 | REQ Level 200 ct [plain]
2025-12-21 18:23:14.497 | Enable vorgemerkt (wird nach Handshake ausgeführt)
2025-12-21 18:23:15.218 | Open SSPComPort (COM3) failed
2025-12-21 18:23:16.250 | Open SSPComPort (COM3) failed
2025-12-21 18:23:17.281 | Open SSPComPort (COM3) failed
2025-12-21 18:23:18.314 | Open SSPComPort (COM3) failed
2025-12-21 18:23:19.346 | Open SSPComPort (COM3) failed
2025-12-21 18:23:20.372 | Open SSPComPort (COM3) failed
2025-12-21 18:23:21.388 | Open SSPComPort (COM3) failed
2025-12-21 18:23:22.405 | Open SSPComPort (COM3) failed
2025-12-21 18:23:23.436 | Open SSPComPort (COM3) failed
2025-12-21 18:23:24.456 | Open SSPComPort (COM3) failed
2025-12-21 18:23:25.490 | Open SSPComPort (COM3) failed
2025-12-21 18:23:26.519 | Open SSPComPort (COM3) failed
2025-12-21 18:23:27.552 | Open SSPComPort (COM3) failed
2025-12-21 18:23:28.580 | Open SSPComPort (COM3) failed
2025-12-21 18:23:29.612 | Open SSPComPort (COM3) failed
2025-12-21 18:23:30.645 | Open SSPComPort (COM3) failed
2025-12-21 18:23:31.671 | Open SSPComPort (COM3) failed
2025-12-21 18:23:32.700 | Open SSPComPort (COM3) failed
2025-12-21 18:23:33.728 | Open SSPComPort (COM3) failed
2025-12-21 18:23:34.756 | Open SSPComPort (COM3) failed
2025-12-21 18:23:35.791 | Open SSPComPort (COM3) failed
2025-12-21 18:23:36.816 | Open SSPComPort (COM3) failed
2025-12-21 18:23:37.847 | Open SSPComPort (COM3) failed
2025-12-21 18:23:38.880 | Open SSPComPort (COM3) failed
2025-12-21 18:23:39.912 | Open SSPComPort (COM3) failed
2025-12-21 18:23:40.941 | Open SSPComPort (COM3) failed
2025-12-21 18:23:41.968 | Open SSPComPort (COM3) failed
2025-12-21 18:23:42.992 | Open SSPComPort (COM3) failed
2025-12-21 18:23:44.020 | Open SSPComPort (COM3) failed
2025-12-21 18:23:45.052 | Open SSPComPort (COM3) failed
2025-12-21 18:23:46.072 | Open SSPComPort (COM3) failed
2025-12-21 18:23:47.101 | Open SSPComPort (COM3) failed
2025-12-21 18:23:48.129 | Open SSPComPort (COM3) failed
2025-12-21 18:23:49.157 | Open SSPComPort (COM3) failed
2025-12-21 18:23:50.184 | Open SSPComPort (COM3) failed
2025-12-21 18:23:51.208 | Open SSPComPort (COM3) failed
2025-12-21 18:23:52.239 | Open SSPComPort (COM3) failed
2025-12-21 18:23:53.267 | Open SSPComPort (COM3) failed
2025-12-21 18:23:54.292 | Open SSPComPort (COM3) failed
2025-12-21 18:23:55.335 | Open SSPComPort (COM3) failed
2025-12-21 18:23:56.362 | Open SSPComPort (COM3) failed
2025-12-21 18:23:57.389 | Open SSPComPort (COM3) failed
2025-12-21 18:23:58.420 | Open SSPComPort (COM3) failed
2025-12-21 18:23:59.445 | Open SSPComPort (COM3) failed
2025-12-21 18:24:00.475 | Open SSPComPort (COM3) failed
2025-12-21 18:24:01.504 | Open SSPComPort (COM3) failed
2025-12-21 18:24:02.531 | Open SSPComPort (COM3) failed
2025-12-21 18:24:03.560 | Open SSPComPort (COM3) failed
2025-12-21 18:24:04.585 | Open SSPComPort (COM3) failed
2025-12-21 18:24:05.612 | Open SSPComPort (COM3) failed
2025-12-21 18:24:06.644 | Open SSPComPort (COM3) failed
2025-12-21 18:24:07.666 | Open SSPComPort (COM3) failed
2025-12-21 18:24:08.693 | Open SSPComPort (COM3) failed
2025-12-21 18:24:09.726 | Open SSPComPort (COM3) failed
2025-12-21 18:24:10.757 | Open SSPComPort (COM3) failed
2025-12-21 18:24:11.788 | Open SSPComPort (COM3) failed
2025-12-21 18:24:12.814 | Open SSPComPort (COM3) failed
2025-12-21 18:24:13.835 | Open SSPComPort (COM3) failed
2025-12-21 18:24:14.869 | Open SSPComPort (COM3) failed
2025-12-21 18:24:15.896 | Open SSPComPort (COM3) failed
2025-12-21 18:24:16.925 | Open SSPComPort (COM3) failed
2025-12-21 18:24:17.947 | Open SSPComPort (COM3) failed
2025-12-21 18:24:18.975 | Open SSPComPort (COM3) failed
2025-12-21 18:24:20.004 | Open SSPComPort (COM3) failed
2025-12-21 18:24:21.034 | Open SSPComPort (COM3) failed
2025-12-21 18:24:22.061 | Open SSPComPort (COM3) failed
2025-12-21 18:24:23.088 | Open SSPComPort (COM3) failed
2025-12-21 18:24:24.117 | Open SSPComPort (COM3) failed
2025-12-21 18:24:25.142 | Open SSPComPort (COM3) failed
2025-12-21 18:24:26.164 | Open SSPComPort (COM3) failed
2025-12-21 18:24:27.192 | Open SSPComPort (COM3) failed
2025-12-21 18:24:28.220 | Open SSPComPort (COM3) failed
2025-12-21 18:24:29.248 | Open SSPComPort (COM3) failed
2025-12-21 18:24:30.275 | Open SSPComPort (COM3) failed
2025-12-21 18:24:31.305 | Open SSPComPort (COM3) failed
2025-12-21 18:24:32.336 | Open SSPComPort (COM3) failed
2025-12-21 18:24:33.368 | Open SSPComPort (COM3) failed
2025-12-21 18:24:34.396 | Open SSPComPort (COM3) failed
2025-12-21 18:24:35.424 | Open SSPComPort (COM3) failed
2025-12-21 18:24:36.444 | Open SSPComPort (COM3) failed
2025-12-21 18:24:37.471 | Open SSPComPort (COM3) failed
2025-12-21 18:24:38.499 | Open SSPComPort (COM3) failed
2025-12-21 18:24:39.525 | Open SSPComPort (COM3) failed
2025-12-21 18:24:40.554 | Open SSPComPort (COM3) failed
2025-12-21 18:24:41.587 | Open SSPComPort (COM3) failed
2025-12-21 18:24:42.619 | Open SSPComPort (COM3) failed
2025-12-21 18:24:43.646 | Open SSPComPort (COM3) failed
2025-12-21 18:24:44.680 | Open SSPComPort (COM3) failed
2025-12-21 18:24:45.710 | Open SSPComPort (COM3) failed
2025-12-21 18:24:46.745 | Open SSPComPort (COM3) failed
2025-12-21 18:24:47.773 | Open SSPComPort (COM3) failed
2025-12-21 18:24:48.806 | Open SSPComPort (COM3) failed
2025-12-21 18:24:49.839 | Open SSPComPort (COM3) failed
2025-12-21 18:24:50.869 | Open SSPComPort (COM3) failed
2025-12-21 18:24:51.898 | Open SSPComPort (COM3) failed
2025-12-21 18:24:52.916 | Open SSPComPort (COM3) failed
2025-12-21 18:24:53.947 | Open SSPComPort (COM3) failed
2025-12-21 18:24:54.978 | Open SSPComPort (COM3) failed
2025-12-21 18:24:56.000 | Open SSPComPort (COM3) failed
2025-12-21 18:24:57.020 | Open SSPComPort (COM3) failed
2025-12-21 18:24:58.049 | Open SSPComPort (COM3) failed
2025-12-21 18:24:59.071 | Open SSPComPort (COM3) failed
2025-12-21 18:25:00.101 | Open SSPComPort (COM3) failed
2025-12-21 18:25:01.133 | Open SSPComPort (COM3) failed
2025-12-21 18:25:02.156 | Open SSPComPort (COM3) failed
2025-12-21 18:25:03.188 | Open SSPComPort (COM3) failed
2025-12-21 18:25:04.218 | Open SSPComPort (COM3) failed
2025-12-21 18:25:05.245 | Open SSPComPort (COM3) failed
2025-12-21 18:25:06.273 | Open SSPComPort (COM3) failed
2025-12-21 18:25:07.303 | Open SSPComPort (COM3) failed
2025-12-21 18:25:08.332 | Open SSPComPort (COM3) failed
2025-12-21 18:25:09.352 | Open SSPComPort (COM3) failed
2025-12-21 18:25:10.381 | Open SSPComPort (COM3) failed
2025-12-21 18:25:11.410 | Open SSPComPort (COM3) failed
2025-12-21 18:25:12.440 | Open SSPComPort (COM3) failed
2025-12-21 18:25:13.467 | Open SSPComPort (COM3) failed
2025-12-21 18:25:14.492 | Open SSPComPort (COM3) failed
2025-12-21 18:25:15.520 | Open SSPComPort (COM3) failed
2025-12-21 18:25:16.554 | Open SSPComPort (COM3) failed
2025-12-21 18:25:17.589 | Open SSPComPort (COM3) failed
2025-12-21 18:25:18.617 | Open SSPComPort (COM3) failed
2025-12-21 18:25:19.650 | Open SSPComPort (COM3) failed
2025-12-21 18:25:20.675 | Open SSPComPort (COM3) failed
2025-12-21 18:25:21.700 | Open SSPComPort (COM3) failed
2025-12-21 18:25:22.727 | Open SSPComPort (COM3) failed
2025-12-21 18:25:23.759 | Open SSPComPort (COM3) failed
2025-12-21 18:25:24.791 | Open SSPComPort (COM3) failed
2025-12-21 18:25:25.823 | Open SSPComPort (COM3) failed
2025-12-21 18:25:26.855 | Open SSPComPort (COM3) failed
2025-12-21 18:25:27.884 | Open SSPComPort (COM3) failed
2025-12-21 18:25:28.910 | Open SSPComPort (COM3) failed
2025-12-21 18:25:29.939 | Open SSPComPort (COM3) failed
2025-12-21 18:25:30.958 | Open SSPComPort (COM3) failed
2025-12-21 18:25:31.991 | Open SSPComPort (COM3) failed
2025-12-21 18:25:33.017 | Open SSPComPort (COM3) failed
2025-12-21 18:25:34.044 | Open SSPComPort (COM3) failed
2025-12-21 18:25:35.072 | Open SSPComPort (COM3) failed
2025-12-21 18:25:36.103 | Open SSPComPort (COM3) failed
2025-12-21 18:25:37.133 | Open SSPComPort (COM3) failed
2025-12-21 18:25:38.166 | Open SSPComPort (COM3) failed
2025-12-21 18:25:39.196 | Open SSPComPort (COM3) failed
2025-12-21 18:25:40.228 | Open SSPComPort (COM3) failed
2025-12-21 18:25:41.255 | Open SSPComPort (COM3) failed
2025-12-21 18:25:42.279 | Open SSPComPort (COM3) failed
2025-12-21 18:25:43.308 | Open SSPComPort (COM3) failed
2025-12-21 18:25:44.336 | Open SSPComPort (COM3) failed
2025-12-21 18:25:45.367 | Open SSPComPort (COM3) failed
2025-12-21 18:25:46.401 | Open SSPComPort (COM3) failed
2025-12-21 18:25:47.432 | Open SSPComPort (COM3) failed
2025-12-21 18:25:48.459 | Open SSPComPort (COM3) failed
2025-12-21 18:25:49.487 | Open SSPComPort (COM3) failed
2025-12-21 18:25:50.510 | Open SSPComPort (COM3) failed
2025-12-21 18:25:51.536 | Open SSPComPort (COM3) failed
2025-12-21 18:25:52.559 | Open SSPComPort (COM3) failed
2025-12-21 18:25:53.586 | Open SSPComPort (COM3) failed
2025-12-21 18:25:54.617 | Open SSPComPort (COM3) failed
2025-12-21 18:25:55.650 | Open SSPComPort (COM3) failed
2025-12-21 18:25:56.681 | Open SSPComPort (COM3) failed
2025-12-21 18:25:57.711 | Open SSPComPort (COM3) failed
2025-12-21 18:25:58.740 | Open SSPComPort (COM3) failed
2025-12-21 18:25:59.770 | Open SSPComPort (COM3) failed
2025-12-21 18:26:00.797 | Open SSPComPort (COM3) failed
2025-12-21 18:26:01.823 | Open SSPComPort (COM3) failed
2025-12-21 18:26:02.853 | Open SSPComPort (COM3) failed
2025-12-21 18:26:03.885 | Open SSPComPort (COM3) failed
2025-12-21 18:26:04.915 | Open SSPComPort (COM3) failed
2025-12-21 18:26:05.945 | Open SSPComPort (COM3) failed
2025-12-21 18:26:06.975 | Open SSPComPort (COM3) failed
2025-12-21 18:26:08.004 | Open SSPComPort (COM3) failed
2025-12-21 18:26:09.038 | Open SSPComPort (COM3) failed
2025-12-21 18:26:10.069 | Open SSPComPort (COM3) failed
2025-12-21 18:26:11.101 | Open SSPComPort (COM3) failed
2025-12-21 18:26:12.133 | Open SSPComPort (COM3) failed
2025-12-21 18:26:13.158 | Open SSPComPort (COM3) failed
2025-12-21 18:26:14.189 | Open SSPComPort (COM3) failed
2025-12-21 18:26:15.216 | Open SSPComPort (COM3) failed
2025-12-21 18:26:16.249 | Open SSPComPort (COM3) failed
2025-12-21 18:26:17.277 | Open SSPComPort (COM3) failed
2025-12-21 18:26:18.306 | Open SSPComPort (COM3) failed
2025-12-21 18:26:19.334 | Open SSPComPort (COM3) failed
2025-12-21 18:26:20.367 | Open SSPComPort (COM3) failed
2025-12-21 18:26:21.394 | Open SSPComPort (COM3) failed
2025-12-21 18:26:22.426 | Open SSPComPort (COM3) failed
2025-12-21 18:26:23.459 | Open SSPComPort (COM3) failed
2025-12-21 18:26:24.486 | Open SSPComPort (COM3) failed
2025-12-21 18:26:25.513 | Open SSPComPort (COM3) failed
2025-12-21 18:26:26.530 | Open SSPComPort (COM3) failed
2025-12-21 18:26:27.559 | Open SSPComPort (COM3) failed
2025-12-21 18:26:28.583 | Open SSPComPort (COM3) failed
2025-12-21 18:26:29.607 | Open SSPComPort (COM3) failed
2025-12-21 18:26:30.635 | Open SSPComPort (COM3) failed
2025-12-21 18:26:31.661 | Open SSPComPort (COM3) failed
2025-12-21 18:26:32.686 | Open SSPComPort (COM3) failed
2025-12-21 18:26:33.715 | Open SSPComPort (COM3) failed
2025-12-21 18:26:34.739 | Open SSPComPort (COM3) failed
2025-12-21 18:26:35.756 | Open SSPComPort (COM3) failed
2025-12-21 18:26:36.788 | Open SSPComPort (COM3) failed
2025-12-21 18:26:37.816 | Open SSPComPort (COM3) failed
2025-12-21 18:26:38.839 | Open SSPComPort (COM3) failed
2025-12-21 18:26:39.867 | Open SSPComPort (COM3) failed
2025-12-21 18:26:40.894 | Open SSPComPort (COM3) failed
2025-12-21 18:26:41.929 | Open SSPComPort (COM3) failed
2025-12-21 18:26:42.958 | Open SSPComPort (COM3) failed
2025-12-21 18:26:43.991 | Open SSPComPort (COM3) failed
2025-12-21 18:26:45.023 | Open SSPComPort (COM3) failed
2025-12-21 18:26:46.048 | Open SSPComPort (COM3) failed
2025-12-21 18:26:47.085 | Open SSPComPort (COM3) failed
2025-12-21 18:26:48.109 | Open SSPComPort (COM3) failed
2025-12-21 18:26:49.131 | Open SSPComPort (COM3) failed
2025-12-21 18:26:50.159 | Open SSPComPort (COM3) failed
2025-12-21 18:26:51.187 | Open SSPComPort (COM3) failed
2025-12-21 18:26:52.212 | Open SSPComPort (COM3) failed
2025-12-21 18:26:53.235 | Open SSPComPort (COM3) failed
2025-12-21 18:26:54.263 | Open SSPComPort (COM3) failed
2025-12-21 18:26:55.285 | Open SSPComPort (COM3) failed
2025-12-21 18:26:56.317 | Open SSPComPort (COM3) failed
2025-12-21 18:26:57.347 | Open SSPComPort (COM3) failed
2025-12-21 18:26:58.382 | Open SSPComPort (COM3) failed
2025-12-21 18:26:59.409 | Open SSPComPort (COM3) failed
2025-12-21 18:27:00.443 | Open SSPComPort (COM3) failed
2025-12-21 18:27:01.471 | Open SSPComPort (COM3) failed
2025-12-21 18:27:02.502 | Open SSPComPort (COM3) failed
2025-12-21 18:27:03.528 | Open SSPComPort (COM3) failed
2025-12-21 18:27:04.558 | Open SSPComPort (COM3) failed
2025-12-21 18:27:05.584 | Open SSPComPort (COM3) failed
2025-12-21 18:27:06.614 | Open SSPComPort (COM3) failed
2025-12-21 18:27:07.645 | Open SSPComPort (COM3) failed
2025-12-21 18:27:08.674 | Open SSPComPort (COM3) failed
2025-12-21 18:27:09.701 | Open SSPComPort (COM3) failed
2025-12-21 18:27:10.722 | Open SSPComPort (COM3) failed
2025-12-21 18:27:11.755 | Open SSPComPort (COM3) failed
2025-12-21 18:27:12.783 | Open SSPComPort (COM3) failed
2025-12-21 18:27:13.813 | Open SSPComPort (COM3) failed
2025-12-21 18:27:14.841 | Open SSPComPort (COM3) failed
2025-12-21 18:27:15.868 | Open SSPComPort (COM3) failed
2025-12-21 18:27:16.897 | Open SSPComPort (COM3) failed
2025-12-21 18:27:17.929 | Open SSPComPort (COM3) failed
2025-12-21 18:27:18.952 | Open SSPComPort (COM3) failed
2025-12-21 18:27:19.984 | Open SSPComPort (COM3) failed
2025-12-21 18:27:21.012 | Open SSPComPort (COM3) failed
2025-12-21 18:27:22.039 | Open SSPComPort (COM3) failed
2025-12-21 18:27:23.069 | Open SSPComPort (COM3) failed
2025-12-21 18:27:24.099 | Open SSPComPort (COM3) failed
2025-12-21 18:27:25.131 | Open SSPComPort (COM3) failed
2025-12-21 18:27:26.155 | Open SSPComPort (COM3) failed
2025-12-21 18:27:27.181 | Open SSPComPort (COM3) failed
2025-12-21 18:27:28.212 | Open SSPComPort (COM3) failed
2025-12-21 18:27:29.247 | Open SSPComPort (COM3) failed
2025-12-21 18:27:30.275 | Open SSPComPort (COM3) failed
2025-12-21 18:27:31.304 | Open SSPComPort (COM3) failed
2025-12-21 18:27:32.334 | Open SSPComPort (COM3) failed
2025-12-21 18:27:33.365 | Open SSPComPort (COM3) failed
2025-12-21 18:27:34.391 | Open SSPComPort (COM3) failed
2025-12-21 18:27:35.411 | Open SSPComPort (COM3) failed
2025-12-21 18:27:36.438 | Open SSPComPort (COM3) failed
2025-12-21 18:27:37.465 | Open SSPComPort (COM3) failed
2025-12-21 18:27:38.489 | Open SSPComPort (COM3) failed
2025-12-21 18:27:39.519 | Open SSPComPort (COM3) failed
2025-12-21 18:27:40.550 | Open SSPComPort (COM3) failed
2025-12-21 18:27:41.567 | Open SSPComPort (COM3) failed
2025-12-21 18:27:42.587 | Open SSPComPort (COM3) failed
2025-12-21 18:27:43.606 | Open SSPComPort (COM3) failed
2025-12-21 18:27:44.634 | Open SSPComPort (COM3) failed
2025-12-21 18:27:45.664 | Open SSPComPort (COM3) failed
2025-12-21 18:27:46.693 | Open SSPComPort (COM3) failed
2025-12-21 18:27:47.723 | Open SSPComPort (COM3) failed
2025-12-21 18:27:48.755 | Open SSPComPort (COM3) failed
2025-12-21 18:27:49.779 | Open SSPComPort (COM3) failed
2025-12-21 18:27:50.812 | Open SSPComPort (COM3) failed
2025-12-21 18:27:51.832 | Open SSPComPort (COM3) failed
2025-12-21 18:27:52.864 | Open SSPComPort (COM3) failed
2025-12-21 18:27:53.891 | Open SSPComPort (COM3) failed
2025-12-21 18:27:54.920 | Open SSPComPort (COM3) failed
2025-12-21 18:27:55.946 | Open SSPComPort (COM3) failed
2025-12-21 18:27:56.976 | Open SSPComPort (COM3) failed
2025-12-21 18:27:58.005 | Open SSPComPort (COM3) failed
2025-12-21 18:27:59.035 | Open SSPComPort (COM3) failed
2025-12-21 18:28:00.068 | Open SSPComPort (COM3) failed
2025-12-21 18:28:01.097 | Open SSPComPort (COM3) failed
2025-12-21 18:28:02.129 | Open SSPComPort (COM3) failed
2025-12-21 18:28:03.156 | Open SSPComPort (COM3) failed
2025-12-21 18:28:04.192 | Open SSPComPort (COM3) failed
2025-12-21 18:28:05.221 | Open SSPComPort (COM3) failed
2025-12-21 18:28:06.236 | Open SSPComPort (COM3) failed
2025-12-21 18:28:07.256 | Open SSPComPort (COM3) failed
2025-12-21 18:28:08.285 | Open SSPComPort (COM3) failed
2025-12-21 18:28:09.317 | Open SSPComPort (COM3) failed
2025-12-21 18:28:10.349 | Open SSPComPort (COM3) failed
2025-12-21 18:28:11.379 | Open SSPComPort (COM3) failed
2025-12-21 18:28:12.407 | Open SSPComPort (COM3) failed
2025-12-21 18:28:13.439 | Open SSPComPort (COM3) failed
2025-12-21 18:28:14.472 | Open SSPComPort (COM3) failed
2025-12-21 18:28:15.502 | Open SSPComPort (COM3) failed
2025-12-21 18:28:16.534 | Open SSPComPort (COM3) failed
2025-12-21 18:28:17.555 | Open SSPComPort (COM3) failed
2025-12-21 18:28:18.589 | Open SSPComPort (COM3) failed
2025-12-21 18:28:19.614 | Open SSPComPort (COM3) failed
2025-12-21 18:28:20.643 | Open SSPComPort (COM3) failed
2025-12-21 18:28:21.677 | Open SSPComPort (COM3) failed
2025-12-21 18:28:22.704 | Open SSPComPort (COM3) failed
2025-12-21 18:28:23.738 | Open SSPComPort (COM3) failed
2025-12-21 18:28:24.766 | Open SSPComPort (COM3) failed
2025-12-21 18:28:25.792 | Open SSPComPort (COM3) failed
2025-12-21 18:28:26.816 | Open SSPComPort (COM3) failed
2025-12-21 18:28:27.845 | Open SSPComPort (COM3) failed
2025-12-21 18:28:28.873 | Open SSPComPort (COM3) failed
2025-12-21 18:28:29.900 | Open SSPComPort (COM3) failed
2025-12-21 18:28:30.925 | Open SSPComPort (COM3) failed
2025-12-21 18:28:31.952 | Open SSPComPort (COM3) failed
2025-12-21 18:28:32.977 | Open SSPComPort (COM3) failed
2025-12-21 18:28:34.009 | Open SSPComPort (COM3) failed
2025-12-21 18:28:35.034 | Open SSPComPort (COM3) failed
2025-12-21 18:28:36.067 | Open SSPComPort (COM3) failed
2025-12-21 18:28:37.094 | Open SSPComPort (COM3) failed
2025-12-21 18:28:38.120 | Open SSPComPort (COM3) failed
2025-12-21 18:28:39.147 | Open SSPComPort (COM3) failed
2025-12-21 18:28:40.174 | Open SSPComPort (COM3) failed
2025-12-21 18:28:41.204 | Open SSPComPort (COM3) failed
2025-12-21 18:28:42.235 | Open SSPComPort (COM3) failed
2025-12-21 18:28:43.258 | Open SSPComPort (COM3) failed
2025-12-21 18:28:44.287 | Open SSPComPort (COM3) failed
2025-12-21 18:28:45.316 | Open SSPComPort (COM3) failed
2025-12-21 18:28:46.347 | Open SSPComPort (COM3) failed
2025-12-21 18:28:47.377 | Open SSPComPort (COM3) failed
2025-12-21 18:28:48.398 | Open SSPComPort (COM3) failed
2025-12-21 18:28:49.424 | Open SSPComPort (COM3) failed
2025-12-21 18:28:50.448 | Open SSPComPort (COM3) failed
2025-12-21 18:28:51.470 | Open SSPComPort (COM3) failed
2025-12-21 18:28:52.502 | Open SSPComPort (COM3) failed
2025-12-21 18:28:53.532 | Open SSPComPort (COM3) failed
2025-12-21 18:28:54.561 | Open SSPComPort (COM3) failed
2025-12-21 18:28:55.585 | Open SSPComPort (COM3) failed
2025-12-21 18:28:56.614 | Open SSPComPort (COM3) failed
2025-12-21 18:28:57.645 | Open SSPComPort (COM3) failed
2025-12-21 18:28:58.677 | Open SSPComPort (COM3) failed
2025-12-21 18:28:59.704 | Open SSPComPort (COM3) failed
2025-12-21 18:29:00.733 | Open SSPComPort (COM3) failed
2025-12-21 18:29:01.759 | Open SSPComPort (COM3) failed
2025-12-21 18:29:02.785 | Open SSPComPort (COM3) failed
2025-12-21 18:29:03.815 | Open SSPComPort (COM3) failed
2025-12-21 18:29:04.845 | Open SSPComPort (COM3) failed
2025-12-21 18:29:05.869 | Open SSPComPort (COM3) failed
2025-12-21 18:29:06.894 | Open SSPComPort (COM3) failed
2025-12-21 18:29:07.923 | Open SSPComPort (COM3) failed
2025-12-21 18:29:08.955 | Open SSPComPort (COM3) failed
2025-12-21 18:29:09.984 | Open SSPComPort (COM3) failed
2025-12-21 18:29:11.011 | Open SSPComPort (COM3) failed
2025-12-21 18:29:12.038 | Open SSPComPort (COM3) failed
2025-12-21 18:29:13.066 | Open SSPComPort (COM3) failed
2025-12-21 18:29:14.096 | Open SSPComPort (COM3) failed
2025-12-21 18:29:15.123 | Open SSPComPort (COM3) failed
2025-12-21 18:29:16.156 | Open SSPComPort (COM3) failed
2025-12-21 18:29:17.190 | Open SSPComPort (COM3) failed
2025-12-21 18:29:18.217 | Open SSPComPort (COM3) failed
2025-12-21 18:29:19.242 | Open SSPComPort (COM3) failed
2025-12-21 18:29:20.271 | Open SSPComPort (COM3) failed
2025-12-21 18:29:21.300 | Open SSPComPort (COM3) failed
2025-12-21 18:29:22.329 | Open SSPComPort (COM3) failed
2025-12-21 18:29:23.353 | Open SSPComPort (COM3) failed
2025-12-21 18:29:24.385 | Open SSPComPort (COM3) failed
2025-12-21 18:29:25.411 | Open SSPComPort (COM3) failed
2025-12-21 18:29:26.433 | Open SSPComPort (COM3) failed
2025-12-21 18:29:27.451 | Open SSPComPort (COM3) failed
2025-12-21 18:29:28.477 | Open SSPComPort (COM3) failed
2025-12-21 18:29:29.504 | Open SSPComPort (COM3) failed
2025-12-21 18:29:30.531 | Open SSPComPort (COM3) failed
2025-12-21 18:29:31.561 | Open SSPComPort (COM3) failed
2025-12-21 18:29:32.588 | Open SSPComPort (COM3) failed
2025-12-21 18:29:33.615 | Open SSPComPort (COM3) failed
2025-12-21 18:29:34.643 | Open SSPComPort (COM3) failed
2025-12-21 18:29:35.675 | Open SSPComPort (COM3) failed
2025-12-21 18:29:36.701 | Open SSPComPort (COM3) failed
2025-12-21 18:29:37.721 | Open SSPComPort (COM3) failed
2025-12-21 18:29:38.750 | Open SSPComPort (COM3) failed
2025-12-21 18:29:39.783 | Open SSPComPort (COM3) failed
2025-12-21 18:29:40.816 | Open SSPComPort (COM3) failed
2025-12-21 18:29:41.842 | Open SSPComPort (COM3) failed
2025-12-21 18:29:42.874 | Open SSPComPort (COM3) failed
2025-12-21 18:29:43.901 | Open SSPComPort (COM3) failed
2025-12-21 18:29:44.922 | Open SSPComPort (COM3) failed
2025-12-21 18:29:45.950 | Open SSPComPort (COM3) failed
2025-12-21 18:29:46.975 | Open SSPComPort (COM3) failed
2025-12-21 18:29:48.001 | Open SSPComPort (COM3) failed
2025-12-21 18:29:49.025 | Open SSPComPort (COM3) failed
2025-12-21 18:29:50.048 | Open SSPComPort (COM3) failed
2025-12-21 18:29:51.072 | Open SSPComPort (COM3) failed
2025-12-21 18:29:52.093 | Open SSPComPort (COM3) failed
2025-12-21 18:29:53.121 | Open SSPComPort (COM3) failed
2025-12-21 18:29:54.150 | Open SSPComPort (COM3) failed
2025-12-21 18:29:55.174 | Open SSPComPort (COM3) failed
2025-12-21 18:29:56.202 | Open SSPComPort (COM3) failed
2025-12-21 18:29:57.233 | Open SSPComPort (COM3) failed
2025-12-21 18:29:58.261 | Open SSPComPort (COM3) failed
2025-12-21 18:29:59.287 | Open SSPComPort (COM3) failed
2025-12-21 18:30:00.312 | Open SSPComPort (COM3) failed
2025-12-21 18:30:01.337 | Open SSPComPort (COM3) failed
2025-12-21 18:30:02.359 | Open SSPComPort (COM3) failed
2025-12-21 18:30:03.389 | Open SSPComPort (COM3) failed
2025-12-21 18:30:04.415 | Open SSPComPort (COM3) failed
2025-12-21 18:30:05.444 | Open SSPComPort (COM3) failed
2025-12-21 18:30:06.471 | Open SSPComPort (COM3) failed
2025-12-21 18:30:07.501 | Open SSPComPort (COM3) failed
2025-12-21 18:30:08.529 | Open SSPComPort (COM3) failed
2025-12-21 18:30:09.558 | Open SSPComPort (COM3) failed
2025-12-21 18:30:10.586 | Open SSPComPort (COM3) failed
2025-12-21 18:30:11.609 | Open SSPComPort (COM3) failed
2025-12-21 18:30:12.635 | Open SSPComPort (COM3) failed
2025-12-21 18:30:13.659 | Open SSPComPort (COM3) failed
2025-12-21 18:30:14.683 | Open SSPComPort (COM3) failed
2025-12-21 18:30:15.711 | Open SSPComPort (COM3) failed
2025-12-21 18:30:16.734 | Open SSPComPort (COM3) failed
2025-12-21 18:30:17.762 | Open SSPComPort (COM3) failed
2025-12-21 18:30:18.789 | Open SSPComPort (COM3) failed
2025-12-21 18:30:19.813 | Open SSPComPort (COM3) failed
2025-12-21 18:30:20.841 | Open SSPComPort (COM3) failed
2025-12-21 18:30:21.866 | Open SSPComPort (COM3) failed
2025-12-21 18:30:22.889 | Open SSPComPort (COM3) failed
2025-12-21 18:30:23.918 | Open SSPComPort (COM3) failed
2025-12-21 18:30:24.940 | Open SSPComPort (COM3) failed
2025-12-21 18:30:25.963 | Open SSPComPort (COM3) failed
2025-12-21 18:30:26.989 | Open SSPComPort (COM3) failed
2025-12-21 18:30:28.014 | Open SSPComPort (COM3) failed
2025-12-21 18:30:29.046 | Open SSPComPort (COM3) failed
2025-12-21 18:30:30.075 | Open SSPComPort (COM3) failed
2025-12-21 18:30:31.105 | Open SSPComPort (COM3) failed
2025-12-21 18:30:32.127 | Open SSPComPort (COM3) failed
2025-12-21 18:30:33.154 | Open SSPComPort (COM3) failed
2025-12-21 18:30:34.186 | Open SSPComPort (COM3) failed
2025-12-21 18:30:35.214 | Open SSPComPort (COM3) failed
2025-12-21 18:30:36.244 | Open SSPComPort (COM3) failed
2025-12-21 18:30:37.270 | Open SSPComPort (COM3) failed
2025-12-21 18:30:38.294 | Open SSPComPort (COM3) failed
2025-12-21 18:30:39.322 | Open SSPComPort (COM3) failed
2025-12-21 18:30:40.354 | Open SSPComPort (COM3) failed
2025-12-21 18:30:41.377 | Open SSPComPort (COM3) failed
2025-12-21 18:30:42.403 | Open SSPComPort (COM3) failed
2025-12-21 18:30:43.432 | Open SSPComPort (COM3) failed
2025-12-21 18:30:44.467 | Open SSPComPort (COM3) failed
2025-12-21 18:30:45.485 | Open SSPComPort (COM3) failed
2025-12-21 18:30:46.516 | Open SSPComPort (COM3) failed
2025-12-21 18:30:47.546 | Open SSPComPort (COM3) failed
2025-12-21 18:30:48.562 | Open SSPComPort (COM3) failed
2025-12-21 18:30:49.586 | Open SSPComPort (COM3) failed
2025-12-21 18:30:50.609 | Open SSPComPort (COM3) failed
2025-12-21 18:30:51.627 | Open SSPComPort (COM3) failed
2025-12-21 18:30:52.651 | Open SSPComPort (COM3) failed
2025-12-21 18:30:53.669 | Open SSPComPort (COM3) failed
2025-12-21 18:30:54.686 | Open SSPComPort (COM3) failed
2025-12-21 18:30:55.705 | Open SSPComPort (COM3) failed
2025-12-21 18:30:56.733 | Open SSPComPort (COM3) failed
2025-12-21 18:30:57.751 | Open SSPComPort (COM3) failed
2025-12-21 18:30:58.781 | Open SSPComPort (COM3) failed
2025-12-21 18:30:59.802 | Open SSPComPort (COM3) failed
2025-12-21 18:31:00.824 | Open SSPComPort (COM3) failed
2025-12-21 18:31:01.853 | Open SSPComPort (COM3) failed
2025-12-21 18:31:02.872 | Open SSPComPort (COM3) failed
2025-12-21 18:31:03.889 | Open SSPComPort (COM3) failed
2025-12-21 18:31:04.909 | Open SSPComPort (COM3) failed
2025-12-21 18:31:05.928 | Open SSPComPort (COM3) failed
2025-12-21 18:31:06.948 | Open SSPComPort (COM3) failed
2025-12-21 18:31:07.968 | Open SSPComPort (COM3) failed
2025-12-21 18:31:08.986 | Open SSPComPort (COM3) failed
2025-12-21 18:31:10.004 | Open SSPComPort (COM3) failed
2025-12-21 18:31:11.025 | Open SSPComPort (COM3) failed
2025-12-21 18:31:12.040 | Open SSPComPort (COM3) failed
2025-12-21 18:31:13.055 | Open SSPComPort (COM3) failed
2025-12-21 18:31:14.075 | Open SSPComPort (COM3) failed
2025-12-21 18:31:15.093 | Open SSPComPort (COM3) failed
2025-12-21 18:31:16.116 | Open SSPComPort (COM3) failed
2025-12-21 18:31:17.141 | Open SSPComPort (COM3) failed
2025-12-21 18:31:18.162 | Open SSPComPort (COM3) failed
2025-12-21 18:31:19.179 | Open SSPComPort (COM3) failed
2025-12-21 18:31:20.207 | Open SSPComPort (COM3) failed
2025-12-21 18:31:21.224 | Open SSPComPort (COM3) failed
2025-12-21 18:31:22.240 | Open SSPComPort (COM3) failed
2025-12-21 18:31:23.256 | Open SSPComPort (COM3) failed
2025-12-21 18:31:24.275 | Open SSPComPort (COM3) failed
2025-12-21 18:31:25.292 | Open SSPComPort (COM3) failed
2025-12-21 18:31:26.320 | Open SSPComPort (COM3) failed
2025-12-21 18:31:27.340 | Open SSPComPort (COM3) failed
2025-12-21 18:31:28.358 | Open SSPComPort (COM3) failed
2025-12-21 18:31:29.374 | Open SSPComPort (COM3) failed
2025-12-21 18:31:30.398 | Open SSPComPort (COM3) failed
2025-12-21 18:31:31.420 | Open SSPComPort (COM3) failed
2025-12-21 18:31:32.443 | Open SSPComPort (COM3) failed
2025-12-21 18:31:33.461 | Open SSPComPort (COM3) failed
2025-12-21 18:31:34.477 | Open SSPComPort (COM3) failed
2025-12-21 18:31:35.501 | Open SSPComPort (COM3) failed
2025-12-21 18:31:36.526 | Open SSPComPort (COM3) failed
2025-12-21 18:31:37.544 | Open SSPComPort (COM3) failed
2025-12-21 18:31:38.570 | Open SSPComPort (COM3) failed
2025-12-21 18:31:39.585 | Open SSPComPort (COM3) failed
2025-12-21 18:31:40.605 | Open SSPComPort (COM3) failed
2025-12-21 18:31:41.622 | Open SSPComPort (COM3) failed
2025-12-21 18:31:42.642 | Open SSPComPort (COM3) failed
2025-12-21 18:31:43.663 | Open SSPComPort (COM3) failed
2025-12-21 18:31:44.680 | Open SSPComPort (COM3) failed
2025-12-21 18:31:45.696 | Open SSPComPort (COM3) failed
2025-12-21 18:31:46.716 | Open SSPComPort (COM3) failed
2025-12-21 18:31:47.734 | Open SSPComPort (COM3) failed
2025-12-21 18:31:48.751 | Open SSPComPort (COM3) failed
2025-12-21 18:31:49.773 | Open SSPComPort (COM3) failed
2025-12-21 18:31:50.793 | Open SSPComPort (COM3) failed
2025-12-21 18:31:51.811 | Open SSPComPort (COM3) failed
2025-12-21 18:31:52.830 | Open SSPComPort (COM3) failed
2025-12-21 18:31:53.849 | Open SSPComPort (COM3) failed
2025-12-21 18:31:54.867 | Open SSPComPort (COM3) failed
2025-12-21 18:31:55.884 | Open SSPComPort (COM3) failed
2025-12-21 18:31:56.897 | Open SSPComPort (COM3) failed
2025-12-21 18:31:57.914 | Open SSPComPort (COM3) failed
2025-12-21 18:31:58.934 | Open SSPComPort (COM3) failed
2025-12-21 18:31:59.956 | Open SSPComPort (COM3) failed
2025-12-21 18:32:00.973 | Open SSPComPort (COM3) failed
2025-12-21 18:32:01.986 | Open SSPComPort (COM3) failed
2025-12-21 18:32:03.006 | Open SSPComPort (COM3) failed
2025-12-21 18:32:04.020 | Open SSPComPort (COM3) failed
2025-12-21 18:32:05.036 | Open SSPComPort (COM3) failed
2025-12-21 18:32:06.055 | Open SSPComPort (COM3) failed
2025-12-21 18:32:07.073 | Open SSPComPort (COM3) failed
2025-12-21 18:32:08.089 | Open SSPComPort (COM3) failed
2025-12-21 18:32:09.104 | Open SSPComPort (COM3) failed
2025-12-21 18:32:10.125 | Open SSPComPort (COM3) failed
2025-12-21 18:32:11.139 | Open SSPComPort (COM3) failed
2025-12-21 18:32:12.159 | Open SSPComPort (COM3) failed
2025-12-21 18:32:13.178 | Open SSPComPort (COM3) failed
2025-12-21 18:32:14.188 | Open SSPComPort (COM3) failed
2025-12-21 18:32:15.201 | Open SSPComPort (COM3) failed
2025-12-21 18:32:16.220 | Open SSPComPort (COM3) failed
2025-12-21 18:32:17.239 | Open SSPComPort (COM3) failed
2025-12-21 18:32:18.259 | Open SSPComPort (COM3) failed
2025-12-21 18:32:19.275 | Open SSPComPort (COM3) failed
2025-12-21 18:32:20.288 | Open SSPComPort (COM3) failed
2025-12-21 18:32:21.307 | Open SSPComPort (COM3) failed
2025-12-21 18:32:22.326 | Open SSPComPort (COM3) failed
2025-12-21 18:32:23.344 | Open SSPComPort (COM3) failed
2025-12-21 18:32:24.362 | Open SSPComPort (COM3) failed
2025-12-21 18:32:25.383 | Open SSPComPort (COM3) failed
2025-12-21 18:32:26.402 | Open SSPComPort (COM3) failed
2025-12-21 18:32:27.414 | Open SSPComPort (COM3) failed
2025-12-21 18:32:28.426 | Open SSPComPort (COM3) failed
2025-12-21 18:32:29.444 | Open SSPComPort (COM3) failed
2025-12-21 18:32:30.468 | Open SSPComPort (COM3) failed
2025-12-21 18:32:31.492 | Open SSPComPort (COM3) failed
2025-12-21 18:32:32.511 | Open SSPComPort (COM3) failed
2025-12-21 18:32:33.536 | Open SSPComPort (COM3) failed
2025-12-21 18:32:34.556 | Open SSPComPort (COM3) failed
2025-12-21 18:32:35.579 | Open SSPComPort (COM3) failed
2025-12-21 18:32:36.599 | Open SSPComPort (COM3) failed
2025-12-21 18:32:37.621 | Open SSPComPort (COM3) failed
2025-12-21 18:32:38.643 | Open SSPComPort (COM3) failed
2025-12-21 18:32:39.662 | Open SSPComPort (COM3) failed
2025-12-21 18:32:40.684 | Open SSPComPort (COM3) failed
2025-12-21 18:32:41.703 | Open SSPComPort (COM3) failed
2025-12-21 18:32:42.722 | Open SSPComPort (COM3) failed
2025-12-21 18:32:43.743 | Open SSPComPort (COM3) failed
2025-12-21 18:32:44.765 | Open SSPComPort (COM3) failed
2025-12-21 18:32:45.782 | Open SSPComPort (COM3) failed
2025-12-21 18:32:46.804 | Open SSPComPort (COM3) failed
2025-12-21 18:32:47.822 | Open SSPComPort (COM3) failed
2025-12-21 18:32:48.843 | Open SSPComPort (COM3) failed
2025-12-21 18:32:49.861 | Open SSPComPort (COM3) failed
2025-12-21 18:32:50.882 | Open SSPComPort (COM3) failed
2025-12-21 18:32:51.903 | Open SSPComPort (COM3) failed
2025-12-21 18:32:52.925 | Open SSPComPort (COM3) failed
2025-12-21 18:32:53.946 | Open SSPComPort (COM3) failed
2025-12-21 18:32:54.964 | Open SSPComPort (COM3) failed
2025-12-21 18:32:55.986 | Open SSPComPort (COM3) failed
2025-12-21 18:32:57.006 | Open SSPComPort (COM3) failed
2025-12-21 18:32:58.028 | Open SSPComPort (COM3) failed
2025-12-21 18:32:59.051 | Open SSPComPort (COM3) failed
2025-12-21 18:33:00.073 | Open SSPComPort (COM3) failed
2025-12-21 18:33:01.096 | Open SSPComPort (COM3) failed
2025-12-21 18:33:02.117 | Open SSPComPort (COM3) failed
2025-12-21 18:33:03.135 | Open SSPComPort (COM3) failed
2025-12-21 18:33:04.158 | Open SSPComPort (COM3) failed
2025-12-21 18:33:05.179 | Open SSPComPort (COM3) failed
2025-12-21 18:33:06.199 | Open SSPComPort (COM3) failed
2025-12-21 18:33:07.219 | Open SSPComPort (COM3) failed
2025-12-21 18:33:08.241 | Open SSPComPort (COM3) failed
2025-12-21 18:33:09.264 | Open SSPComPort (COM3) failed
2025-12-21 18:33:10.284 | Open SSPComPort (COM3) failed
2025-12-21 18:33:11.299 | Open SSPComPort (COM3) failed
2025-12-21 18:33:12.319 | Open SSPComPort (COM3) failed
2025-12-21 18:33:13.344 | Open SSPComPort (COM3) failed
2025-12-21 18:33:14.360 | Open SSPComPort (COM3) failed
2025-12-21 18:33:15.380 | Open SSPComPort (COM3) failed
2025-12-21 18:33:16.402 | Open SSPComPort (COM3) failed
2025-12-21 18:33:17.421 | Open SSPComPort (COM3) failed
2025-12-21 18:33:18.442 | Open SSPComPort (COM3) failed
2025-12-21 18:33:19.459 | Open SSPComPort (COM3) failed
2025-12-21 18:33:20.480 | Open SSPComPort (COM3) failed
2025-12-21 18:33:21.499 | Open SSPComPort (COM3) failed
2025-12-21 18:33:22.517 | Open SSPComPort (COM3) failed
2025-12-21 18:33:23.538 | Open SSPComPort (COM3) failed
2025-12-21 18:33:24.560 | Open SSPComPort (COM3) failed
2025-12-21 18:33:25.582 | Open SSPComPort (COM3) failed
2025-12-21 18:33:26.598 | Open SSPComPort (COM3) failed
2025-12-21 18:33:27.619 | Open SSPComPort (COM3) failed
2025-12-21 18:33:28.641 | Open SSPComPort (COM3) failed
2025-12-21 18:33:29.660 | Open SSPComPort (COM3) failed
2025-12-21 18:33:30.686 | Open SSPComPort (COM3) failed
2025-12-21 18:33:31.703 | Open SSPComPort (COM3) failed
2025-12-21 18:33:32.734 | Open SSPComPort (COM3) failed
2025-12-21 18:33:33.752 | Open SSPComPort (COM3) failed
2025-12-21 18:33:34.779 | Open SSPComPort (COM3) failed
2025-12-21 18:33:35.801 | Open SSPComPort (COM3) failed
2025-12-21 18:33:36.824 | Open SSPComPort (COM3) failed
2025-12-21 18:33:37.841 | Open SSPComPort (COM3) failed
2025-12-21 18:33:38.856 | Open SSPComPort (COM3) failed
2025-12-21 18:33:39.874 | Open SSPComPort (COM3) failed
2025-12-21 18:33:40.889 | Open SSPComPort (COM3) failed
2025-12-21 18:33:41.909 | Open SSPComPort (COM3) failed
2025-12-21 18:33:42.926 | Open SSPComPort (COM3) failed
2025-12-21 18:33:43.944 | Open SSPComPort (COM3) failed
2025-12-21 18:33:44.967 | Open SSPComPort (COM3) failed
2025-12-21 18:33:45.987 | Open SSPComPort (COM3) failed
2025-12-21 18:33:47.006 | Open SSPComPort (COM3) failed
2025-12-21 18:33:48.025 | Open SSPComPort (COM3) failed
2025-12-21 18:33:49.047 | Open SSPComPort (COM3) failed
2025-12-21 18:33:50.068 | Open SSPComPort (COM3) failed
2025-12-21 18:33:51.090 | Open SSPComPort (COM3) failed
2025-12-21 18:33:52.110 | Open SSPComPort (COM3) failed
2025-12-21 18:33:53.124 | Open SSPComPort (COM3) failed
2025-12-21 18:33:54.153 | Open SSPComPort (COM3) failed
2025-12-21 18:33:55.178 | Open SSPComPort (COM3) failed
2025-12-21 18:33:56.204 | Open SSPComPort (COM3) failed
2025-12-21 18:33:57.231 | Open SSPComPort (COM3) failed
2025-12-21 18:33:58.262 | Open SSPComPort (COM3) failed
2025-12-21 18:33:59.291 | Open SSPComPort (COM3) failed
2025-12-21 18:34:00.308 | Open SSPComPort (COM3) failed
2025-12-21 18:34:01.323 | Open SSPComPort (COM3) failed
2025-12-21 18:34:02.353 | Open SSPComPort (COM3) failed
2025-12-21 18:34:03.386 | Open SSPComPort (COM3) failed
2025-12-21 18:34:04.415 | Open SSPComPort (COM3) failed
2025-12-21 18:34:05.442 | Open SSPComPort (COM3) failed
2025-12-21 18:34:06.461 | Open SSPComPort (COM3) failed
2025-12-21 18:34:07.485 | Open SSPComPort (COM3) failed
2025-12-21 18:34:08.500 | Open SSPComPort (COM3) failed
2025-12-21 18:34:09.529 | Open SSPComPort (COM3) failed
2025-12-21 18:34:10.558 | Open SSPComPort (COM3) failed
2025-12-21 18:34:11.627 | Open SSPComPort (COM3) failed
2025-12-21 18:34:12.652 | Open SSPComPort (COM3) failed
2025-12-21 18:34:12.787 | Disable vorgemerkt (wird nach Handshake ausgeführt)
2025-12-21 18:34:12.799 | Disable vorgemerkt (wird nach Handshake ausgeführt)
2025-12-21 18:34:12.810 | HardDisconnect init
2025-12-21 18:34:13.687 | Status: Getrennt
2025-12-21 18:34:13.698 | HardDisconnect done
2025-12-21 18:34:13.819 | Status: getrennt
2025-12-21 18:52:59.427 | Status: Verbinde...
2025-12-21 18:52:59.465 | Open SSPComPort (COM3) failed
2025-12-21 18:52:59.468 | Thread gestartet
2025-12-21 18:52:59.472 | Status: Port nicht verfügbar
2025-12-21 18:53:00.515 | Open SSPComPort (COM3) failed
2025-12-21 18:53:01.533 | Open SSPComPort (COM3) failed
2025-12-21 18:53:02.562 | Open SSPComPort (COM3) failed
2025-12-21 18:53:03.388 | Enable vorgemerkt (wird nach Handshake ausgeführt)
2025-12-21 18:53:03.621 | Open SSPComPort (COM3) failed
2025-12-21 18:53:04.204 | REQ Level 1 ct [plain]
2025-12-21 18:53:04.214 | REQ Level 2 ct [plain]
2025-12-21 18:53:04.222 | REQ Level 5 ct [plain]
2025-12-21 18:53:04.231 | REQ Level 10 ct [plain]
2025-12-21 18:53:04.239 | REQ Level 20 ct [plain]
2025-12-21 18:53:04.249 | REQ Level 50 ct [plain]
2025-12-21 18:53:04.258 | REQ Level 100 ct [plain]
2025-12-21 18:53:04.266 | REQ Level 200 ct [plain]
2025-12-21 18:53:04.273 | Enable vorgemerkt (wird nach Handshake ausgeführt)
2025-12-21 18:53:04.665 | Open SSPComPort (COM3) failed
2025-12-21 18:53:05.683 | Open SSPComPort (COM3) failed
2025-12-21 18:53:06.710 | Open SSPComPort (COM3) failed
2025-12-21 18:53:07.742 | Open SSPComPort (COM3) failed
2025-12-21 18:53:08.770 | Open SSPComPort (COM3) failed
2025-12-21 18:53:09.793 | Open SSPComPort (COM3) failed
2025-12-21 18:53:10.816 | Open SSPComPort (COM3) failed
2025-12-21 18:53:11.844 | Open SSPComPort (COM3) failed
2025-12-21 18:53:12.869 | Open SSPComPort (COM3) failed
2025-12-21 18:53:13.901 | Open SSPComPort (COM3) failed
2025-12-21 18:53:14.930 | Open SSPComPort (COM3) failed
2025-12-21 18:53:15.951 | Open SSPComPort (COM3) failed
2025-12-21 18:53:16.982 | Open SSPComPort (COM3) failed
2025-12-21 18:53:18.008 | Open SSPComPort (COM3) failed
2025-12-21 18:53:19.038 | Open SSPComPort (COM3) failed
2025-12-21 18:53:20.063 | Open SSPComPort (COM3) failed
2025-12-21 18:53:21.097 | Open SSPComPort (COM3) failed
2025-12-21 18:53:22.112 | Open SSPComPort (COM3) failed
2025-12-21 18:53:23.134 | Open SSPComPort (COM3) failed
2025-12-21 18:53:24.152 | Open SSPComPort (COM3) failed
2025-12-21 18:53:25.176 | Open SSPComPort (COM3) failed
2025-12-21 18:53:26.209 | Open SSPComPort (COM3) failed
2025-12-21 18:53:27.238 | Open SSPComPort (COM3) failed
2025-12-21 18:53:28.263 | Open SSPComPort (COM3) failed
2025-12-21 18:53:29.289 | Open SSPComPort (COM3) failed
2025-12-21 18:53:30.314 | Open SSPComPort (COM3) failed
2025-12-21 18:53:31.341 | Open SSPComPort (COM3) failed
2025-12-21 18:53:32.365 | Open SSPComPort (COM3) failed
2025-12-21 18:53:33.381 | Open SSPComPort (COM3) failed
2025-12-21 18:53:34.410 | Open SSPComPort (COM3) failed
2025-12-21 18:53:35.436 | Open SSPComPort (COM3) failed
2025-12-21 18:53:36.462 | Open SSPComPort (COM3) failed
2025-12-21 18:53:37.407 | Disable vorgemerkt (wird nach Handshake ausgeführt)
2025-12-21 18:53:37.420 | Disable vorgemerkt (wird nach Handshake ausgeführt)
2025-12-21 18:53:37.431 | HardDisconnect init
2025-12-21 18:53:37.507 | Status: Getrennt
2025-12-21 18:53:37.517 | HardDisconnect done
2025-12-21 18:53:37.640 | Status: getrennt
2025-12-21 20:01:28.896 | Status: Verbinde...
2025-12-21 20:01:28.917 | Open SSPComPort (COM3) failed
2025-12-21 20:01:28.921 | Thread gestartet
2025-12-21 20:01:28.925 | Status: Port nicht verfügbar
2025-12-21 20:01:29.989 | Open SSPComPort (COM3) failed
2025-12-21 20:01:31.021 | Open SSPComPort (COM3) failed
2025-12-21 20:01:32.047 | Open SSPComPort (COM3) failed
2025-12-21 20:01:32.640 | Enable vorgemerkt (wird nach Handshake ausgeführt)
2025-12-21 20:01:33.071 | Open SSPComPort (COM3) failed
2025-12-21 20:01:33.481 | REQ Level 1 ct [plain]
2025-12-21 20:01:33.490 | REQ Level 2 ct [plain]
2025-12-21 20:01:33.499 | REQ Level 5 ct [plain]
2025-12-21 20:01:33.507 | REQ Level 10 ct [plain]
2025-12-21 20:01:33.517 | REQ Level 20 ct [plain]
2025-12-21 20:01:33.524 | REQ Level 50 ct [plain]
2025-12-21 20:01:33.529 | REQ Level 100 ct [plain]
2025-12-21 20:01:33.538 | REQ Level 200 ct [plain]
2025-12-21 20:01:33.544 | Enable vorgemerkt (wird nach Handshake ausgeführt)
2025-12-21 20:01:34.084 | Open SSPComPort (COM3) failed
2025-12-21 20:01:35.108 | Open SSPComPort (COM3) failed
2025-12-21 20:01:36.134 | Open SSPComPort (COM3) failed
2025-12-21 20:01:37.148 | Open SSPComPort (COM3) failed
2025-12-21 20:01:38.177 | Open SSPComPort (COM3) failed
2025-12-21 20:01:39.201 | Open SSPComPort (COM3) failed
2025-12-21 20:01:40.230 | Open SSPComPort (COM3) failed
2025-12-21 20:01:41.257 | Open SSPComPort (COM3) failed
2025-12-21 20:01:42.280 | Open SSPComPort (COM3) failed
2025-12-21 20:01:43.303 | Open SSPComPort (COM3) failed
2025-12-21 20:01:44.339 | Open SSPComPort (COM3) failed
2025-12-21 20:01:45.372 | Open SSPComPort (COM3) failed
2025-12-21 20:01:46.400 | Open SSPComPort (COM3) failed
2025-12-21 20:01:47.422 | Open SSPComPort (COM3) failed
2025-12-21 20:01:48.342 | Disable vorgemerkt (wird nach Handshake ausgeführt)
2025-12-21 20:01:48.356 | Disable vorgemerkt (wird nach Handshake ausgeführt)
2025-12-21 20:01:48.366 | HardDisconnect init
2025-12-21 20:01:48.469 | Status: Getrennt
2025-12-21 20:01:48.479 | HardDisconnect done
2025-12-21 20:01:48.603 | Status: getrennt
